match_id,innings,ball,batting_team,bowling_team,striker,non_striker,bowler,runs_off_bat,extras,wicket_type,label
1310981,1,0.1,Sri Lanka,Pakistan,GWHM Perera,AC Jayangani,Anam Amin,0,0,,LOW
1310981,1,0.2,Sri Lanka,Pakistan,GWHM Perera,AC Jayangani,Anam Amin,4,0,,HIGH
1310981,1,0.3,Sri Lanka,Pakistan,GWHM Perera,AC Jayangani,Anam Amin,0,0,,LOW
1310981,1,0.4,Sri Lanka,Pakistan,GWHM Perera,AC Jayangani,Anam Amin,0,0,caught and bowled,LOW
1310981,1,0.5,Sri Lanka,Pakistan,H Madavi,AC Jayangani,Anam Amin,0,0,,LOW
1310981,1,0.6,Sri Lanka,Pakistan,H Madavi,AC Jayangani,Anam Amin,0,0,,LOW
1310981,1,1.1,Sri Lanka,Pakistan,AC Jayangani,H Madavi,Fatima Sana,0,0,,LOW
1310981,1,1.2,Sri Lanka,Pakistan,AC Jayangani,H Madavi,Fatima Sana,1,0,,LOW
1310981,1,1.3,Sri Lanka,Pakistan,H Madavi,AC Jayangani,Fatima Sana,1,0,,LOW
1310981,1,1.4,Sri Lanka,Pakistan,AC Jayangani,H Madavi,Fatima Sana,1,0,,LOW
1310981,1,1.5,Sri Lanka,Pakistan,H Madavi,AC Jayangani,Fatima Sana,0,0,,LOW
1310981,1,1.6,Sri Lanka,Pakistan,H Madavi,AC Jayangani,Fatima Sana,1,0,,LOW
1310981,1,2.1,Sri Lanka,Pakistan,H Madavi,AC Jayangani,Anam Amin,0,0,,LOW
1310981,1,2.2,Sri Lanka,Pakistan,H Madavi,AC Jayangani,Anam Amin,1,0,,LOW
1310981,1,2.3,Sri Lanka,Pakistan,AC Jayangani,H Madavi,Anam Amin,0,0,,LOW
1310981,1,2.4,Sri Lanka,Pakistan,AC Jayangani,H Madavi,Anam Amin,4,0,,HIGH
1310981,1,2.5,Sri Lanka,Pakistan,AC Jayangani,H Madavi,Anam Amin,0,0,lbw,LOW
1310981,1,2.6,Sri Lanka,Pakistan,MAA Sanjeewani,H Madavi,Anam Amin,0,0,,LOW
1310981,1,3.1,Sri Lanka,Pakistan,H Madavi,MAA Sanjeewani,Fatima Sana,0,0,,LOW
1310981,1,3.2,Sri Lanka,Pakistan,H Madavi,MAA Sanjeewani,Fatima Sana,1,0,,LOW
1310981,1,3.3,Sri Lanka,Pakistan,MAA Sanjeewani,H Madavi,Fatima Sana,1,0,,LOW
1310981,1,3.4,Sri Lanka,Pakistan,H Madavi,MAA Sanjeewani,Fatima Sana,1,0,,LOW
1310981,1,3.5,Sri Lanka,Pakistan,MAA Sanjeewani,H Madavi,Fatima Sana,0,0,,LOW
1310981,1,3.6,Sri Lanka,Pakistan,MAA Sanjeewani,H Madavi,Fatima Sana,4,0,,HIGH
1310981,1,4.1,Sri Lanka,Pakistan,H Madavi,MAA Sanjeewani,Anam Amin,1,0,,LOW
1310981,1,4.2,Sri Lanka,Pakistan,MAA Sanjeewani,H Madavi,Anam Amin,1,0,,LOW
1310981,1,4.3,Sri Lanka,Pakistan,H Madavi,MAA Sanjeewani,Anam Amin,0,0,,LOW
1310981,1,4.4,Sri Lanka,Pakistan,H Madavi,MAA Sanjeewani,Anam Amin,0,0,,LOW
1310981,1,4.5,Sri Lanka,Pakistan,H Madavi,MAA Sanjeewani,Anam Amin,0,0,,LOW
1310981,1,4.6,Sri Lanka,Pakistan,H Madavi,MAA Sanjeewani,Anam Amin,1,0,,LOW
1310981,1,5.1,Sri Lanka,Pakistan,H Madavi,MAA Sanjeewani,Nida Dar,0,0,,LOW
1310981,1,5.2,Sri Lanka,Pakistan,H Madavi,MAA Sanjeewani,Nida Dar,0,1,,LOW
1310981,1,5.3,Sri Lanka,Pakistan,MAA Sanjeewani,H Madavi,Nida Dar,1,0,,LOW
1310981,1,5.4,Sri Lanka,Pakistan,H Madavi,MAA Sanjeewani,Nida Dar,0,0,,LOW
1310981,1,5.5,Sri Lanka,Pakistan,H Madavi,MAA Sanjeewani,Nida Dar,2,0,,HIGH
1310981,1,5.6,Sri Lanka,Pakistan,H Madavi,MAA Sanjeewani,Nida Dar,2,0,,HIGH
1310981,1,6.1,Sri Lanka,Pakistan,MAA Sanjeewani,H Madavi,Aiman Anwer,0,0,,LOW
1310981,1,6.2,Sri Lanka,Pakistan,MAA Sanjeewani,H Madavi,Aiman Anwer,0,1,,LOW
1310981,1,6.3,Sri Lanka,Pakistan,MAA Sanjeewani,H Madavi,Aiman Anwer,1,0,,LOW
1310981,1,6.4,Sri Lanka,Pakistan,H Madavi,MAA Sanjeewani,Aiman Anwer,0,0,,LOW
1310981,1,6.5,Sri Lanka,Pakistan,H Madavi,MAA Sanjeewani,Aiman Anwer,1,0,,LOW
1310981,1,6.6,Sri Lanka,Pakistan,MAA Sanjeewani,H Madavi,Aiman Anwer,0,0,,LOW
1310981,1,6.7,Sri Lanka,Pakistan,MAA Sanjeewani,H Madavi,Aiman Anwer,2,0,,HIGH
1310981,1,7.1,Sri Lanka,Pakistan,H Madavi,MAA Sanjeewani,Nida Dar,1,0,,LOW
1310981,1,7.2,Sri Lanka,Pakistan,MAA Sanjeewani,H Madavi,Nida Dar,0,0,,LOW
1310981,1,7.3,Sri Lanka,Pakistan,MAA Sanjeewani,H Madavi,Nida Dar,0,0,,LOW
1310981,1,7.4,Sri Lanka,Pakistan,MAA Sanjeewani,H Madavi,Nida Dar,0,0,,LOW
1310981,1,7.5,Sri Lanka,Pakistan,MAA Sanjeewani,H Madavi,Nida Dar,1,0,,LOW
1310981,1,7.6,Sri Lanka,Pakistan,H Madavi,MAA Sanjeewani,Nida Dar,1,0,,LOW
1310981,1,8.1,Sri Lanka,Pakistan,H Madavi,MAA Sanjeewani,Aiman Anwer,4,0,,HIGH
1310981,1,8.2,Sri Lanka,Pakistan,H Madavi,MAA Sanjeewani,Aiman Anwer,1,0,,LOW
1310981,1,8.3,Sri Lanka,Pakistan,MAA Sanjeewani,H Madavi,Aiman Anwer,4,0,,HIGH
1310981,1,8.4,Sri Lanka,Pakistan,MAA Sanjeewani,H Madavi,Aiman Anwer,0,0,,LOW
1310981,1,8.5,Sri Lanka,Pakistan,MAA Sanjeewani,H Madavi,Aiman Anwer,1,0,,LOW
1310981,1,8.6,Sri Lanka,Pakistan,H Madavi,MAA Sanjeewani,Aiman Anwer,4,0,,HIGH
1310981,1,9.1,Sri Lanka,Pakistan,MAA Sanjeewani,H Madavi,Tuba Hassan,0,0,,LOW
1310981,1,9.2,Sri Lanka,Pakistan,MAA Sanjeewani,H Madavi,Tuba Hassan,0,0,caught,LOW
1310981,1,9.3,Sri Lanka,Pakistan,NND de Silva,H Madavi,Tuba Hassan,1,0,,LOW
1310981,1,9.4,Sri Lanka,Pakistan,H Madavi,NND de Silva,Tuba Hassan,0,0,,LOW
1310981,1,9.5,Sri Lanka,Pakistan,H Madavi,NND de Silva,Tuba Hassan,0,0,,LOW
1310981,1,9.6,Sri Lanka,Pakistan,H Madavi,NND de Silva,Tuba Hassan,0,0,,LOW
1310981,1,10.1,Sri Lanka,Pakistan,NND de Silva,H Madavi,Nida Dar,1,0,,LOW
1310981,1,10.2,Sri Lanka,Pakistan,H Madavi,NND de Silva,Nida Dar,1,0,,LOW
1310981,1,10.3,Sri Lanka,Pakistan,NND de Silva,H Madavi,Nida Dar,0,0,,LOW
1310981,1,10.4,Sri Lanka,Pakistan,NND de Silva,H Madavi,Nida Dar,2,0,,HIGH
1310981,1,10.5,Sri Lanka,Pakistan,NND de Silva,H Madavi,Nida Dar,1,0,,LOW
1310981,1,10.6,Sri Lanka,Pakistan,H Madavi,NND de Silva,Nida Dar,1,0,,LOW
1310981,1,11.1,Sri Lanka,Pakistan,H Madavi,NND de Silva,Tuba Hassan,0,0,,LOW
1310981,1,11.2,Sri Lanka,Pakistan,H Madavi,NND de Silva,Tuba Hassan,0,0,,LOW
1310981,1,11.3,Sri Lanka,Pakistan,H Madavi,NND de Silva,Tuba Hassan,0,0,bowled,LOW
1310981,1,11.4,Sri Lanka,Pakistan,WK Dilhari,NND de Silva,Tuba Hassan,0,0,,LOW
1310981,1,11.5,Sri Lanka,Pakistan,WK Dilhari,NND de Silva,Tuba Hassan,0,0,,LOW
1310981,1,11.6,Sri Lanka,Pakistan,WK Dilhari,NND de Silva,Tuba Hassan,0,0,,LOW
1310981,1,12.1,Sri Lanka,Pakistan,NND de Silva,WK Dilhari,Nida Dar,0,0,,LOW
1310981,1,12.2,Sri Lanka,Pakistan,NND de Silva,WK Dilhari,Nida Dar,1,0,,LOW
1310981,1,12.3,Sri Lanka,Pakistan,WK Dilhari,NND de Silva,Nida Dar,1,0,,LOW
1310981,1,12.4,Sri Lanka,Pakistan,NND de Silva,WK Dilhari,Nida Dar,0,0,,LOW
1310981,1,12.5,Sri Lanka,Pakistan,NND de Silva,WK Dilhari,Nida Dar,1,0,,LOW
1310981,1,12.6,Sri Lanka,Pakistan,WK Dilhari,NND de Silva,Nida Dar,0,0,,LOW
1310981,1,13.1,Sri Lanka,Pakistan,NND de Silva,WK Dilhari,Tuba Hassan,2,0,,HIGH
1310981,1,13.2,Sri Lanka,Pakistan,NND de Silva,WK Dilhari,Tuba Hassan,1,0,,LOW
1310981,1,13.3,Sri Lanka,Pakistan,WK Dilhari,NND de Silva,Tuba Hassan,0,0,caught,LOW
1310981,1,13.4,Sri Lanka,Pakistan,OU Ranasinghe,NND de Silva,Tuba Hassan,1,0,,LOW
1310981,1,13.5,Sri Lanka,Pakistan,NND de Silva,OU Ranasinghe,Tuba Hassan,0,0,,LOW
1310981,1,13.6,Sri Lanka,Pakistan,NND de Silva,OU Ranasinghe,Tuba Hassan,0,0,,LOW
1310981,1,14.1,Sri Lanka,Pakistan,OU Ranasinghe,NND de Silva,Anam Amin,3,0,,HIGH
1310981,1,14.2,Sri Lanka,Pakistan,NND de Silva,OU Ranasinghe,Anam Amin,1,0,,LOW
1310981,1,14.3,Sri Lanka,Pakistan,OU Ranasinghe,NND de Silva,Anam Amin,0,0,caught,LOW
1310981,1,14.4,Sri Lanka,Pakistan,KADA Kanchana,NND de Silva,Anam Amin,1,0,,LOW
1310981,1,14.5,Sri Lanka,Pakistan,NND de Silva,KADA Kanchana,Anam Amin,0,0,,LOW
1310981,1,14.6,Sri Lanka,Pakistan,NND de Silva,KADA Kanchana,Anam Amin,4,0,,HIGH
1310981,1,15.1,Sri Lanka,Pakistan,KADA Kanchana,NND de Silva,Tuba Hassan,1,0,,LOW
1310981,1,15.2,Sri Lanka,Pakistan,NND de Silva,KADA Kanchana,Tuba Hassan,1,0,,LOW
1310981,1,15.3,Sri Lanka,Pakistan,KADA Kanchana,NND de Silva,Tuba Hassan,0,0,,LOW
1310981,1,15.4,Sri Lanka,Pakistan,KADA Kanchana,NND de Silva,Tuba Hassan,0,0,,LOW
1310981,1,15.5,Sri Lanka,Pakistan,KADA Kanchana,NND de Silva,Tuba Hassan,0,0,,LOW
1310981,1,15.6,Sri Lanka,Pakistan,KADA Kanchana,NND de Silva,Tuba Hassan,1,0,,LOW
1310981,1,16.1,Sri Lanka,Pakistan,KADA Kanchana,NND de Silva,Fatima Sana,0,1,,LOW
1310981,1,16.2,Sri Lanka,Pakistan,NND de Silva,KADA Kanchana,Fatima Sana,1,0,,LOW
1310981,1,16.3,Sri Lanka,Pakistan,KADA Kanchana,NND de Silva,Fatima Sana,0,0,,LOW
1310981,1,16.4,Sri Lanka,Pakistan,KADA Kanchana,NND de Silva,Fatima Sana,1,0,,LOW
1310981,1,16.5,Sri Lanka,Pakistan,NND de Silva,KADA Kanchana,Fatima Sana,6,0,,HIGH
1310981,1,16.6,Sri Lanka,Pakistan,NND de Silva,KADA Kanchana,Fatima Sana,1,0,,LOW
1310981,1,17.1,Sri Lanka,Pakistan,NND de Silva,KADA Kanchana,Aiman Anwer,0,1,,LOW
1310981,1,17.2,Sri Lanka,Pakistan,NND de Silva,KADA Kanchana,Aiman Anwer,1,0,,LOW
1310981,1,17.3,Sri Lanka,Pakistan,KADA Kanchana,NND de Silva,Aiman Anwer,1,0,,LOW
1310981,1,17.4,Sri Lanka,Pakistan,NND de Silva,KADA Kanchana,Aiman Anwer,0,0,bowled,LOW
1310981,1,17.5,Sri Lanka,Pakistan,BMSM Kumari,KADA Kanchana,Aiman Anwer,1,0,,LOW
1310981,1,17.6,Sri Lanka,Pakistan,KADA Kanchana,BMSM Kumari,Aiman Anwer,2,0,,HIGH
1310981,1,17.7,Sri Lanka,Pakistan,KADA Kanchana,BMSM Kumari,Aiman Anwer,1,0,,LOW
1310981,1,18.1,Sri Lanka,Pakistan,KADA Kanchana,BMSM Kumari,Fatima Sana,0,0,,LOW
1310981,1,18.2,Sri Lanka,Pakistan,KADA Kanchana,BMSM Kumari,Fatima Sana,1,0,,LOW
1310981,1,18.3,Sri Lanka,Pakistan,BMSM Kumari,KADA Kanchana,Fatima Sana,1,0,,LOW
1310981,1,18.4,Sri Lanka,Pakistan,KADA Kanchana,BMSM Kumari,Fatima Sana,2,0,,HIGH
1310981,1,18.5,Sri Lanka,Pakistan,KADA Kanchana,BMSM Kumari,Fatima Sana,1,0,,LOW
1310981,1,18.6,Sri Lanka,Pakistan,BMSM Kumari,KADA Kanchana,Fatima Sana,1,0,,LOW
1310981,1,19.1,Sri Lanka,Pakistan,BMSM Kumari,KADA Kanchana,Aiman Anwer,1,0,,LOW
1310981,1,19.2,Sri Lanka,Pakistan,KADA Kanchana,BMSM Kumari,Aiman Anwer,0,0,caught,LOW
1310981,1,19.3,Sri Lanka,Pakistan,BMSM Kumari,I Ranaweera,Aiman Anwer,1,0,,LOW
1310981,1,19.4,Sri Lanka,Pakistan,I Ranaweera,BMSM Kumari,Aiman Anwer,1,0,,LOW
1310981,1,19.5,Sri Lanka,Pakistan,BMSM Kumari,I Ranaweera,Aiman Anwer,1,0,,LOW
1310981,1,19.6,Sri Lanka,Pakistan,I Ranaweera,BMSM Kumari,Aiman Anwer,0,1,,LOW
1310981,1,19.7,Sri Lanka,Pakistan,I Ranaweera,BMSM Kumari,Aiman Anwer,1,0,,LOW
1310981,2,0.1,Pakistan,Sri Lanka,Muneeba Ali,Gull Feroza,BMSM Kumari,0,0,,LOW
1310981,2,0.2,Pakistan,Sri Lanka,Muneeba Ali,Gull Feroza,BMSM Kumari,0,0,,LOW
1310981,2,0.3,Pakistan,Sri Lanka,Muneeba Ali,Gull Feroza,BMSM Kumari,1,0,,LOW
1310981,2,0.4,Pakistan,Sri Lanka,Gull Feroza,Muneeba Ali,BMSM Kumari,0,0,,LOW
1310981,2,0.5,Pakistan,Sri Lanka,Gull Feroza,Muneeba Ali,BMSM Kumari,0,0,lbw,LOW
1310981,2,0.6,Pakistan,Sri Lanka,Iram Javed,Muneeba Ali,BMSM Kumari,4,0,,HIGH
1310981,2,1.1,Pakistan,Sri Lanka,Muneeba Ali,Iram Javed,WGAKK Kulasuriya,0,0,,LOW
1310981,2,1.2,Pakistan,Sri Lanka,Muneeba Ali,Iram Javed,WGAKK Kulasuriya,0,0,,LOW
1310981,2,1.3,Pakistan,Sri Lanka,Muneeba Ali,Iram Javed,WGAKK Kulasuriya,0,0,,LOW
1310981,2,1.4,Pakistan,Sri Lanka,Muneeba Ali,Iram Javed,WGAKK Kulasuriya,0,0,,LOW
1310981,2,1.5,Pakistan,Sri Lanka,Muneeba Ali,Iram Javed,WGAKK Kulasuriya,0,1,,LOW
1310981,2,1.6,Pakistan,Sri Lanka,Muneeba Ali,Iram Javed,WGAKK Kulasuriya,1,0,,LOW
1310981,2,1.7,Pakistan,Sri Lanka,Iram Javed,Muneeba Ali,WGAKK Kulasuriya,0,0,,LOW
1310981,2,2.1,Pakistan,Sri Lanka,Muneeba Ali,Iram Javed,BMSM Kumari,0,0,,LOW
1310981,2,2.2,Pakistan,Sri Lanka,Muneeba Ali,Iram Javed,BMSM Kumari,4,0,,HIGH
1310981,2,2.3,Pakistan,Sri Lanka,Muneeba Ali,Iram Javed,BMSM Kumari,0,0,,LOW
1310981,2,2.4,Pakistan,Sri Lanka,Muneeba Ali,Iram Javed,BMSM Kumari,1,0,,LOW
1310981,2,2.5,Pakistan,Sri Lanka,Iram Javed,Muneeba Ali,BMSM Kumari,0,0,,LOW
1310981,2,2.6,Pakistan,Sri Lanka,Iram Javed,Muneeba Ali,BMSM Kumari,4,0,,HIGH
1310981,2,3.1,Pakistan,Sri Lanka,Muneeba Ali,Iram Javed,KADA Kanchana,0,0,,LOW
1310981,2,3.2,Pakistan,Sri Lanka,Muneeba Ali,Iram Javed,KADA Kanchana,0,1,,LOW
1310981,2,3.3,Pakistan,Sri Lanka,Muneeba Ali,Iram Javed,KADA Kanchana,1,0,,LOW
1310981,2,3.4,Pakistan,Sri Lanka,Iram Javed,Muneeba Ali,KADA Kanchana,4,0,,HIGH
1310981,2,3.5,Pakistan,Sri Lanka,Iram Javed,Muneeba Ali,KADA Kanchana,1,0,,LOW
1310981,2,3.6,Pakistan,Sri Lanka,Muneeba Ali,Iram Javed,KADA Kanchana,0,0,,LOW
1310981,2,3.7,Pakistan,Sri Lanka,Muneeba Ali,Iram Javed,KADA Kanchana,0,0,,LOW
1310981,2,4.1,Pakistan,Sri Lanka,Iram Javed,Muneeba Ali,BMSM Kumari,0,0,,LOW
1310981,2,4.2,Pakistan,Sri Lanka,Iram Javed,Muneeba Ali,BMSM Kumari,1,0,,LOW
1310981,2,4.3,Pakistan,Sri Lanka,Muneeba Ali,Iram Javed,BMSM Kumari,0,0,,LOW
1310981,2,4.4,Pakistan,Sri Lanka,Muneeba Ali,Iram Javed,BMSM Kumari,0,1,,LOW
1310981,2,4.5,Pakistan,Sri Lanka,Iram Javed,Muneeba Ali,BMSM Kumari,1,0,,LOW
1310981,2,4.6,Pakistan,Sri Lanka,Muneeba Ali,Iram Javed,BMSM Kumari,0,0,,LOW
1310981,2,5.1,Pakistan,Sri Lanka,Iram Javed,Muneeba Ali,OU Ranasinghe,0,0,,LOW
1310981,2,5.2,Pakistan,Sri Lanka,Iram Javed,Muneeba Ali,OU Ranasinghe,1,0,,LOW
1310981,2,5.3,Pakistan,Sri Lanka,Muneeba Ali,Iram Javed,OU Ranasinghe,1,0,,LOW
1310981,2,5.4,Pakistan,Sri Lanka,Iram Javed,Muneeba Ali,OU Ranasinghe,0,0,,LOW
1310981,2,5.5,Pakistan,Sri Lanka,Iram Javed,Muneeba Ali,OU Ranasinghe,2,0,,HIGH
1310981,2,5.6,Pakistan,Sri Lanka,Iram Javed,Muneeba Ali,OU Ranasinghe,0,0,stumped,LOW
1310981,2,6.1,Pakistan,Sri Lanka,Muneeba Ali,Bismah Maroof,WK Dilhari,0,0,,LOW
1310981,2,6.2,Pakistan,Sri Lanka,Muneeba Ali,Bismah Maroof,WK Dilhari,2,0,,HIGH
1310981,2,6.3,Pakistan,Sri Lanka,Muneeba Ali,Bismah Maroof,WK Dilhari,0,0,,LOW
1310981,2,6.4,Pakistan,Sri Lanka,Muneeba Ali,Bismah Maroof,WK Dilhari,1,0,,LOW
1310981,2,6.5,Pakistan,Sri Lanka,Bismah Maroof,Muneeba Ali,WK Dilhari,0,1,,LOW
1310981,2,6.6,Pakistan,Sri Lanka,Muneeba Ali,Bismah Maroof,WK Dilhari,0,0,,LOW
1310981,2,7.1,Pakistan,Sri Lanka,Bismah Maroof,Muneeba Ali,OU Ranasinghe,0,0,,LOW
1310981,2,7.2,Pakistan,Sri Lanka,Bismah Maroof,Muneeba Ali,OU Ranasinghe,1,0,,LOW
1310981,2,7.3,Pakistan,Sri Lanka,Muneeba Ali,Bismah Maroof,OU Ranasinghe,1,0,,LOW
1310981,2,7.4,Pakistan,Sri Lanka,Bismah Maroof,Muneeba Ali,OU Ranasinghe,1,0,,LOW
1310981,2,7.5,Pakistan,Sri Lanka,Muneeba Ali,Bismah Maroof,OU Ranasinghe,1,0,,LOW
1310981,2,7.6,Pakistan,Sri Lanka,Bismah Maroof,Muneeba Ali,OU Ranasinghe,0,1,,LOW
1310981,2,7.7,Pakistan,Sri Lanka,Bismah Maroof,Muneeba Ali,OU Ranasinghe,1,0,,LOW
1310981,2,8.1,Pakistan,Sri Lanka,Bismah Maroof,Muneeba Ali,WK Dilhari,1,0,,LOW
1310981,2,8.2,Pakistan,Sri Lanka,Muneeba Ali,Bismah Maroof,WK Dilhari,0,0,,LOW
1310981,2,8.3,Pakistan,Sri Lanka,Muneeba Ali,Bismah Maroof,WK Dilhari,4,0,,HIGH
1310981,2,8.4,Pakistan,Sri Lanka,Muneeba Ali,Bismah Maroof,WK Dilhari,0,0,,LOW
1310981,2,8.5,Pakistan,Sri Lanka,Muneeba Ali,Bismah Maroof,WK Dilhari,0,0,caught,LOW
1310981,2,8.6,Pakistan,Sri Lanka,Nida Dar,Bismah Maroof,WK Dilhari,1,0,,LOW
1310981,2,9.1,Pakistan,Sri Lanka,Nida Dar,Bismah Maroof,I Ranaweera,1,0,,LOW
1310981,2,9.2,Pakistan,Sri Lanka,Bismah Maroof,Nida Dar,I Ranaweera,0,0,,LOW
1310981,2,9.3,Pakistan,Sri Lanka,Bismah Maroof,Nida Dar,I Ranaweera,0,0,,LOW
1310981,2,9.4,Pakistan,Sri Lanka,Bismah Maroof,Nida Dar,I Ranaweera,0,0,,LOW
1310981,2,9.5,Pakistan,Sri Lanka,Bismah Maroof,Nida Dar,I Ranaweera,0,0,,LOW
1310981,2,9.6,Pakistan,Sri Lanka,Bismah Maroof,Nida Dar,I Ranaweera,1,0,,LOW
1310981,2,10.1,Pakistan,Sri Lanka,Bismah Maroof,Nida Dar,WK Dilhari,1,0,,LOW
1310981,2,10.2,Pakistan,Sri Lanka,Nida Dar,Bismah Maroof,WK Dilhari,0,0,,LOW
1310981,2,10.3,Pakistan,Sri Lanka,Nida Dar,Bismah Maroof,WK Dilhari,1,0,,LOW
1310981,2,10.4,Pakistan,Sri Lanka,Bismah Maroof,Nida Dar,WK Dilhari,0,0,,LOW
1310981,2,10.5,Pakistan,Sri Lanka,Bismah Maroof,Nida Dar,WK Dilhari,1,0,,LOW
1310981,2,10.6,Pakistan,Sri Lanka,Nida Dar,Bismah Maroof,WK Dilhari,0,0,,LOW
1310981,2,11.1,Pakistan,Sri Lanka,Bismah Maroof,Nida Dar,I Ranaweera,1,0,,LOW
1310981,2,11.2,Pakistan,Sri Lanka,Nida Dar,Bismah Maroof,I Ranaweera,0,0,,LOW
1310981,2,11.3,Pakistan,Sri Lanka,Nida Dar,Bismah Maroof,I Ranaweera,1,0,,LOW
1310981,2,11.4,Pakistan,Sri Lanka,Bismah Maroof,Nida Dar,I Ranaweera,4,0,,HIGH
1310981,2,11.5,Pakistan,Sri Lanka,Bismah Maroof,Nida Dar,I Ranaweera,2,0,,HIGH
1310981,2,11.6,Pakistan,Sri Lanka,Bismah Maroof,Nida Dar,I Ranaweera,1,0,,LOW
1310981,2,12.1,Pakistan,Sri Lanka,Bismah Maroof,Nida Dar,BMSM Kumari,1,0,,LOW
1310981,2,12.2,Pakistan,Sri Lanka,Nida Dar,Bismah Maroof,BMSM Kumari,0,0,,LOW
1310981,2,12.3,Pakistan,Sri Lanka,Nida Dar,Bismah Maroof,BMSM Kumari,0,0,,LOW
1310981,2,12.4,Pakistan,Sri Lanka,Nida Dar,Bismah Maroof,BMSM Kumari,1,0,,LOW
1310981,2,12.5,Pakistan,Sri Lanka,Bismah Maroof,Nida Dar,BMSM Kumari,1,0,,LOW
1310981,2,12.6,Pakistan,Sri Lanka,Nida Dar,Bismah Maroof,BMSM Kumari,2,0,,HIGH
1310981,2,13.1,Pakistan,Sri Lanka,Bismah Maroof,Nida Dar,I Ranaweera,0,0,,LOW
1310981,2,13.2,Pakistan,Sri Lanka,Bismah Maroof,Nida Dar,I Ranaweera,0,1,,LOW
1310981,2,13.3,Pakistan,Sri Lanka,Nida Dar,Bismah Maroof,I Ranaweera,1,0,,LOW
1310981,2,13.4,Pakistan,Sri Lanka,Bismah Maroof,Nida Dar,I Ranaweera,1,0,,LOW
1310981,2,13.5,Pakistan,Sri Lanka,Nida Dar,Bismah Maroof,I Ranaweera,4,0,,HIGH
1310981,2,13.6,Pakistan,Sri Lanka,Nida Dar,Bismah Maroof,I Ranaweera,3,0,,HIGH
1310981,2,14.1,Pakistan,Sri Lanka,Nida Dar,Bismah Maroof,AC Jayangani,2,0,,HIGH
1310981,2,14.2,Pakistan,Sri Lanka,Nida Dar,Bismah Maroof,AC Jayangani,4,0,,HIGH
1310981,2,14.3,Pakistan,Sri Lanka,Nida Dar,Bismah Maroof,AC Jayangani,1,0,,LOW
1310981,2,14.4,Pakistan,Sri Lanka,Bismah Maroof,Nida Dar,AC Jayangani,0,0,,LOW
1310981,2,14.5,Pakistan,Sri Lanka,Bismah Maroof,Nida Dar,AC Jayangani,1,0,,LOW
1310981,2,14.6,Pakistan,Sri Lanka,Nida Dar,Bismah Maroof,AC Jayangani,2,0,,HIGH
1310981,2,15.1,Pakistan,Sri Lanka,Bismah Maroof,Nida Dar,I Ranaweera,1,0,,LOW
1310981,2,15.2,Pakistan,Sri Lanka,Nida Dar,Bismah Maroof,I Ranaweera,1,0,,LOW
1310981,2,15.3,Pakistan,Sri Lanka,Bismah Maroof,Nida Dar,I Ranaweera,2,0,,HIGH
1310981,2,15.4,Pakistan,Sri Lanka,Bismah Maroof,Nida Dar,I Ranaweera,0,0,,LOW
1310981,2,15.5,Pakistan,Sri Lanka,Bismah Maroof,Nida Dar,I Ranaweera,4,0,,HIGH
1310981,2,15.6,Pakistan,Sri Lanka,Bismah Maroof,Nida Dar,I Ranaweera,1,0,,LOW
1310981,2,16.1,Pakistan,Sri Lanka,Bismah Maroof,Nida Dar,OU Ranasinghe,1,0,,LOW
1310981,2,16.2,Pakistan,Sri Lanka,Nida Dar,Bismah Maroof,OU Ranasinghe,1,0,,LOW
1310981,2,16.3,Pakistan,Sri Lanka,Bismah Maroof,Nida Dar,OU Ranasinghe,0,0,caught,LOW
1310981,2,16.4,Pakistan,Sri Lanka,Nida Dar,Ayesha Naseem,OU Ranasinghe,1,0,,LOW
1310981,2,16.5,Pakistan,Sri Lanka,Ayesha Naseem,Nida Dar,OU Ranasinghe,0,0,,LOW
1310981,2,16.6,Pakistan,Sri Lanka,Ayesha Naseem,Nida Dar,OU Ranasinghe,0,0,,LOW
1310981,2,17.1,Pakistan,Sri Lanka,Nida Dar,Ayesha Naseem,WK Dilhari,1,0,,LOW
1310981,2,17.2,Pakistan,Sri Lanka,Ayesha Naseem,Nida Dar,WK Dilhari,0,0,,LOW
1310981,2,17.3,Pakistan,Sri Lanka,Ayesha Naseem,Nida Dar,WK Dilhari,1,0,,LOW
1310981,2,17.4,Pakistan,Sri Lanka,Nida Dar,Ayesha Naseem,WK Dilhari,0,0,,LOW
1310981,2,17.5,Pakistan,Sri Lanka,Nida Dar,Ayesha Naseem,WK Dilhari,0,0,,LOW
1310981,2,17.6,Pakistan,Sri Lanka,Nida Dar,Ayesha Naseem,WK Dilhari,1,0,,LOW
1310981,2,18.1,Pakistan,Sri Lanka,Nida Dar,Ayesha Naseem,OU Ranasinghe,6,0,,HIGH
1310981,2,18.2,Pakistan,Sri Lanka,Nida Dar,Ayesha Naseem,OU Ranasinghe,1,0,,LOW
1440447,1,0.1,Indonesia,Singapore,NPAN Sakarini,NLKWR Dewi,LAR Bommareddy,0,0,,LOW
1440447,1,0.2,Indonesia,Singapore,NPAN Sakarini,NLKWR Dewi,LAR Bommareddy,0,0,,LOW
1440447,1,0.3,Indonesia,Singapore,NPAN Sakarini,NLKWR Dewi,LAR Bommareddy,1,0,,LOW
1440447,1,0.4,Indonesia,Singapore,NLKWR Dewi,NPAN Sakarini,LAR Bommareddy,0,1,,LOW
1440447,1,0.5,Indonesia,Singapore,NLKWR Dewi,NPAN Sakarini,LAR Bommareddy,2,0,,HIGH
1440447,1,0.6,Indonesia,Singapore,NLKWR Dewi,NPAN Sakarini,LAR Bommareddy,1,0,,LOW
1440447,1,0.7,Indonesia,Singapore,NPAN Sakarini,NLKWR Dewi,LAR Bommareddy,0,0,,LOW
1440447,1,1.1,Indonesia,Singapore,NLKWR Dewi,NPAN Sakarini,Shafina Mahesh,0,0,,LOW
1440447,1,1.2,Indonesia,Singapore,NLKWR Dewi,NPAN Sakarini,Shafina Mahesh,0,0,,LOW
1440447,1,1.3,Indonesia,Singapore,NLKWR Dewi,NPAN Sakarini,Shafina Mahesh,0,0,,LOW
1440447,1,1.4,Indonesia,Singapore,NLKWR Dewi,NPAN Sakarini,Shafina Mahesh,2,0,,HIGH
1440447,1,1.5,Indonesia,Singapore,NLKWR Dewi,NPAN Sakarini,Shafina Mahesh,1,0,,LOW
1440447,1,1.6,Indonesia,Singapore,NPAN Sakarini,NLKWR Dewi,Shafina Mahesh,0,0,,LOW
1440447,1,2.1,Indonesia,Singapore,NLKWR Dewi,NPAN Sakarini,LAR Bommareddy,0,1,,LOW
1440447,1,2.2,Indonesia,Singapore,NLKWR Dewi,NPAN Sakarini,LAR Bommareddy,2,0,,HIGH
1440447,1,2.3,Indonesia,Singapore,NLKWR Dewi,NPAN Sakarini,LAR Bommareddy,3,0,,HIGH
1440447,1,2.4,Indonesia,Singapore,NPAN Sakarini,NLKWR Dewi,LAR Bommareddy,0,0,,LOW
1440447,1,2.5,Indonesia,Singapore,NPAN Sakarini,NLKWR Dewi,LAR Bommareddy,0,1,,LOW
1440447,1,2.6,Indonesia,Singapore,NPAN Sakarini,NLKWR Dewi,LAR Bommareddy,1,0,,LOW
1440447,1,2.7,Indonesia,Singapore,NLKWR Dewi,NPAN Sakarini,LAR Bommareddy,0,1,,LOW
1440447,1,2.8,Indonesia,Singapore,NLKWR Dewi,NPAN Sakarini,LAR Bommareddy,0,0,,LOW
1440447,1,2.9,Indonesia,Singapore,NLKWR Dewi,NPAN Sakarini,LAR Bommareddy,1,0,,LOW
1440447,1,3.1,Indonesia,Singapore,NLKWR Dewi,NPAN Sakarini,Shafina Mahesh,0,1,,LOW
1440447,1,3.2,Indonesia,Singapore,NLKWR Dewi,NPAN Sakarini,Shafina Mahesh,0,0,,LOW
1440447,1,3.3,Indonesia,Singapore,NLKWR Dewi,NPAN Sakarini,Shafina Mahesh,1,0,,LOW
1440447,1,3.4,Indonesia,Singapore,NPAN Sakarini,NLKWR Dewi,Shafina Mahesh,0,0,,LOW
1440447,1,3.5,Indonesia,Singapore,NPAN Sakarini,NLKWR Dewi,Shafina Mahesh,0,0,,LOW
1440447,1,3.6,Indonesia,Singapore,NPAN Sakarini,NLKWR Dewi,Shafina Mahesh,0,1,,LOW
1440447,1,3.7,Indonesia,Singapore,NPAN Sakarini,NLKWR Dewi,Shafina Mahesh,0,1,,LOW
1440447,1,3.8,Indonesia,Singapore,NPAN Sakarini,NLKWR Dewi,Shafina Mahesh,1,0,,LOW
1440447,1,3.9,Indonesia,Singapore,NLKWR Dewi,NPAN Sakarini,Shafina Mahesh,0,0,,LOW
1440447,1,4.1,Indonesia,Singapore,NPAN Sakarini,NLKWR Dewi,GK Diviya,0,0,,LOW
1440447,1,4.2,Indonesia,Singapore,NPAN Sakarini,NLKWR Dewi,GK Diviya,0,0,,LOW
1440447,1,4.3,Indonesia,Singapore,NPAN Sakarini,NLKWR Dewi,GK Diviya,1,0,,LOW
1440447,1,4.4,Indonesia,Singapore,NLKWR Dewi,NPAN Sakarini,GK Diviya,2,0,,HIGH
1440447,1,4.5,Indonesia,Singapore,NLKWR Dewi,NPAN Sakarini,GK Diviya,0,1,,LOW
1440447,1,4.6,Indonesia,Singapore,NPAN Sakarini,NLKWR Dewi,GK Diviya,1,0,,LOW
1440447,1,5.1,Indonesia,Singapore,NPAN Sakarini,NLKWR Dewi,Damini Ramesh,0,1,,LOW
1440447,1,5.2,Indonesia,Singapore,NPAN Sakarini,NLKWR Dewi,Damini Ramesh,0,0,,LOW
1440447,1,5.3,Indonesia,Singapore,NPAN Sakarini,NLKWR Dewi,Damini Ramesh,0,0,,LOW
1440447,1,5.4,Indonesia,Singapore,NPAN Sakarini,NLKWR Dewi,Damini Ramesh,0,1,,LOW
1440447,1,5.5,Indonesia,Singapore,NPAN Sakarini,NLKWR Dewi,Damini Ramesh,0,0,,LOW
1440447,1,5.6,Indonesia,Singapore,NPAN Sakarini,NLKWR Dewi,Damini Ramesh,4,0,,HIGH
1440447,1,5.7,Indonesia,Singapore,NPAN Sakarini,NLKWR Dewi,Damini Ramesh,4,0,,HIGH
1440447,1,5.8,Indonesia,Singapore,NPAN Sakarini,NLKWR Dewi,Damini Ramesh,1,0,,LOW
1440447,1,6.1,Indonesia,Singapore,NPAN Sakarini,NLKWR Dewi,GK Diviya,0,0,,LOW
1440447,1,6.2,Indonesia,Singapore,NPAN Sakarini,NLKWR Dewi,GK Diviya,0,0,,LOW
1440447,1,6.3,Indonesia,Singapore,NPAN Sakarini,NLKWR Dewi,GK Diviya,1,0,,LOW
1440447,1,6.4,Indonesia,Singapore,NLKWR Dewi,NPAN Sakarini,GK Diviya,1,0,,LOW
1440447,1,6.5,Indonesia,Singapore,NPAN Sakarini,NLKWR Dewi,GK Diviya,0,0,,LOW
1440447,1,6.6,Indonesia,Singapore,NPAN Sakarini,NLKWR Dewi,GK Diviya,2,0,,HIGH
1440447,1,7.1,Indonesia,Singapore,NLKWR Dewi,NPAN Sakarini,JS Pooranakaran,0,0,,LOW
1440447,1,7.2,Indonesia,Singapore,NLKWR Dewi,NPAN Sakarini,JS Pooranakaran,2,0,,HIGH
1440447,1,7.3,Indonesia,Singapore,NLKWR Dewi,NPAN Sakarini,JS Pooranakaran,1,0,,LOW
1440447,1,7.4,Indonesia,Singapore,NPAN Sakarini,NLKWR Dewi,JS Pooranakaran,4,0,,HIGH
1440447,1,7.5,Indonesia,Singapore,NPAN Sakarini,NLKWR Dewi,JS Pooranakaran,1,0,,LOW
1440447,1,7.6,Indonesia,Singapore,NLKWR Dewi,NPAN Sakarini,JS Pooranakaran,0,1,,LOW
1440447,1,7.7,Indonesia,Singapore,NLKWR Dewi,NPAN Sakarini,JS Pooranakaran,0,0,,LOW
1440447,1,8.1,Indonesia,Singapore,NPAN Sakarini,NLKWR Dewi,LAR Bommareddy,4,0,,HIGH
1440447,1,8.2,Indonesia,Singapore,NPAN Sakarini,NLKWR Dewi,LAR Bommareddy,0,1,,LOW
1440447,1,8.3,Indonesia,Singapore,NPAN Sakarini,NLKWR Dewi,LAR Bommareddy,2,0,,HIGH
1440447,1,8.4,Indonesia,Singapore,NPAN Sakarini,NLKWR Dewi,LAR Bommareddy,0,0,caught,LOW
1440447,1,8.5,Indonesia,Singapore,NKF Rada Rani,NLKWR Dewi,LAR Bommareddy,0,0,,LOW
1440447,1,8.6,Indonesia,Singapore,NKF Rada Rani,NLKWR Dewi,LAR Bommareddy,1,0,,LOW
1440447,1,8.7,Indonesia,Singapore,NLKWR Dewi,NKF Rada Rani,LAR Bommareddy,0,1,,LOW
1440447,1,8.8,Indonesia,Singapore,NLKWR Dewi,NKF Rada Rani,LAR Bommareddy,1,0,,LOW
1440447,1,9.1,Indonesia,Singapore,NLKWR Dewi,NKF Rada Rani,JS Pooranakaran,1,0,,LOW
1440447,1,9.2,Indonesia,Singapore,NKF Rada Rani,NLKWR Dewi,JS Pooranakaran,2,0,,HIGH
1440447,1,9.3,Indonesia,Singapore,NKF Rada Rani,NLKWR Dewi,JS Pooranakaran,1,0,,LOW
1440447,1,9.4,Indonesia,Singapore,NLKWR Dewi,NKF Rada Rani,JS Pooranakaran,4,0,,HIGH
1440447,1,9.5,Indonesia,Singapore,NLKWR Dewi,NKF Rada Rani,JS Pooranakaran,1,0,,LOW
1440447,1,9.6,Indonesia,Singapore,NKF Rada Rani,NLKWR Dewi,JS Pooranakaran,1,0,,LOW
1440447,1,10.1,Indonesia,Singapore,NKF Rada Rani,NLKWR Dewi,Vinu Kumar,0,1,,LOW
1440447,1,10.2,Indonesia,Singapore,NKF Rada Rani,NLKWR Dewi,Vinu Kumar,1,0,,LOW
1440447,1,10.3,Indonesia,Singapore,NLKWR Dewi,NKF Rada Rani,Vinu Kumar,1,0,,LOW
1440447,1,10.4,Indonesia,Singapore,NKF Rada Rani,NLKWR Dewi,Vinu Kumar,0,0,,LOW
1440447,1,10.5,Indonesia,Singapore,NKF Rada Rani,NLKWR Dewi,Vinu Kumar,0,0,,LOW
1440447,1,10.6,Indonesia,Singapore,NKF Rada Rani,NLKWR Dewi,Vinu Kumar,0,1,,LOW
1440447,1,10.7,Indonesia,Singapore,NKF Rada Rani,NLKWR Dewi,Vinu Kumar,0,1,,LOW
1440447,1,10.8,Indonesia,Singapore,NKF Rada Rani,NLKWR Dewi,Vinu Kumar,0,0,,LOW
1440447,1,10.9,Indonesia,Singapore,NKF Rada Rani,NLKWR Dewi,Vinu Kumar,2,0,,HIGH
1440447,1,11.1,Indonesia,Singapore,NLKWR Dewi,NKF Rada Rani,JS Pooranakaran,1,0,,LOW
1440447,1,11.2,Indonesia,Singapore,NKF Rada Rani,NLKWR Dewi,JS Pooranakaran,0,0,,LOW
1440447,1,11.3,Indonesia,Singapore,NKF Rada Rani,NLKWR Dewi,JS Pooranakaran,2,0,,HIGH
1440447,1,11.4,Indonesia,Singapore,NKF Rada Rani,NLKWR Dewi,JS Pooranakaran,0,0,,LOW
1440447,1,11.5,Indonesia,Singapore,NKF Rada Rani,NLKWR Dewi,JS Pooranakaran,0,0,,LOW
1440447,1,11.6,Indonesia,Singapore,NKF Rada Rani,NLKWR Dewi,JS Pooranakaran,1,0,,LOW
1440447,1,12.1,Indonesia,Singapore,NKF Rada Rani,NLKWR Dewi,Vinu Kumar,2,0,,HIGH
1440447,1,12.2,Indonesia,Singapore,NKF Rada Rani,NLKWR Dewi,Vinu Kumar,0,0,,LOW
1440447,1,12.3,Indonesia,Singapore,NKF Rada Rani,NLKWR Dewi,Vinu Kumar,0,1,,LOW
1440447,1,12.4,Indonesia,Singapore,NKF Rada Rani,NLKWR Dewi,Vinu Kumar,2,0,,HIGH
1440447,1,12.5,Indonesia,Singapore,NKF Rada Rani,NLKWR Dewi,Vinu Kumar,0,0,,LOW
1440447,1,12.6,Indonesia,Singapore,NKF Rada Rani,NLKWR Dewi,Vinu Kumar,0,0,,LOW
1440447,1,12.7,Indonesia,Singapore,NKF Rada Rani,NLKWR Dewi,Vinu Kumar,0,1,,LOW
1440447,1,12.8,Indonesia,Singapore,NKF Rada Rani,NLKWR Dewi,Vinu Kumar,0,0,,LOW
1440447,1,13.1,Indonesia,Singapore,NLKWR Dewi,NKF Rada Rani,Damini Ramesh,1,0,,LOW
1440447,1,13.2,Indonesia,Singapore,NKF Rada Rani,NLKWR Dewi,Damini Ramesh,1,0,,LOW
1440447,1,13.3,Indonesia,Singapore,NLKWR Dewi,NKF Rada Rani,Damini Ramesh,4,0,,HIGH
1440447,1,13.4,Indonesia,Singapore,NLKWR Dewi,NKF Rada Rani,Damini Ramesh,0,0,,LOW
1440447,1,13.5,Indonesia,Singapore,NLKWR Dewi,NKF Rada Rani,Damini Ramesh,4,0,,HIGH
1440447,1,13.6,Indonesia,Singapore,NLKWR Dewi,NKF Rada Rani,Damini Ramesh,0,1,,LOW
1440447,1,13.7,Indonesia,Singapore,NLKWR Dewi,NKF Rada Rani,Damini Ramesh,1,0,,LOW
1440447,1,14.1,Indonesia,Singapore,NLKWR Dewi,NKF Rada Rani,GK Diviya,0,0,,LOW
1440447,1,14.2,Indonesia,Singapore,NLKWR Dewi,NKF Rada Rani,GK Diviya,1,0,,LOW
1440447,1,14.3,Indonesia,Singapore,NKF Rada Rani,NLKWR Dewi,GK Diviya,0,0,,LOW
1440447,1,14.4,Indonesia,Singapore,NKF Rada Rani,NLKWR Dewi,GK Diviya,0,0,,LOW
1440447,1,14.5,Indonesia,Singapore,NKF Rada Rani,NLKWR Dewi,GK Diviya,0,0,,LOW
1440447,1,14.6,Indonesia,Singapore,NKF Rada Rani,NLKWR Dewi,GK Diviya,0,0,,LOW
1440447,1,15.1,Indonesia,Singapore,NLKWR Dewi,NKF Rada Rani,JS Pooranakaran,1,0,,LOW
1440447,1,15.2,Indonesia,Singapore,NKF Rada Rani,NLKWR Dewi,JS Pooranakaran,0,0,,LOW
1440447,1,15.3,Indonesia,Singapore,NKF Rada Rani,NLKWR Dewi,JS Pooranakaran,1,0,,LOW
1440447,1,15.4,Indonesia,Singapore,NLKWR Dewi,NKF Rada Rani,JS Pooranakaran,1,0,,LOW
1440447,1,15.5,Indonesia,Singapore,NKF Rada Rani,NLKWR Dewi,JS Pooranakaran,2,0,,HIGH
1440447,1,15.6,Indonesia,Singapore,NKF Rada Rani,NLKWR Dewi,JS Pooranakaran,2,0,,HIGH
1440447,1,16.1,Indonesia,Singapore,NLKWR Dewi,NKF Rada Rani,LAR Bommareddy,0,0,,LOW
1440447,1,16.2,Indonesia,Singapore,NLKWR Dewi,NKF Rada Rani,LAR Bommareddy,1,0,,LOW
1440447,1,16.3,Indonesia,Singapore,NKF Rada Rani,NLKWR Dewi,LAR Bommareddy,4,0,,HIGH
1440447,1,16.4,Indonesia,Singapore,NKF Rada Rani,NLKWR Dewi,LAR Bommareddy,1,0,,LOW
1440447,1,16.5,Indonesia,Singapore,NLKWR Dewi,NKF Rada Rani,LAR Bommareddy,1,0,,LOW
1440447,1,16.6,Indonesia,Singapore,NKF Rada Rani,NLKWR Dewi,LAR Bommareddy,1,0,,LOW
1440447,1,17.1,Indonesia,Singapore,NKF Rada Rani,NLKWR Dewi,Shafina Mahesh,0,0,,LOW
1440447,1,17.2,Indonesia,Singapore,NKF Rada Rani,NLKWR Dewi,Shafina Mahesh,0,0,,LOW
1440447,1,17.3,Indonesia,Singapore,NKF Rada Rani,NLKWR Dewi,Shafina Mahesh,0,0,,LOW
1440447,1,17.4,Indonesia,Singapore,NKF Rada Rani,NLKWR Dewi,Shafina Mahesh,1,0,,LOW
1440447,1,17.5,Indonesia,Singapore,NLKWR Dewi,NKF Rada Rani,Shafina Mahesh,2,0,,HIGH
1440447,1,17.6,Indonesia,Singapore,NLKWR Dewi,NKF Rada Rani,Shafina Mahesh,2,0,,HIGH
1440447,1,18.1,Indonesia,Singapore,NKF Rada Rani,NLKWR Dewi,GK Diviya,1,0,,LOW
1440447,1,18.2,Indonesia,Singapore,NLKWR Dewi,NKF Rada Rani,GK Diviya,4,0,,HIGH
1440447,1,18.3,Indonesia,Singapore,NLKWR Dewi,NKF Rada Rani,GK Diviya,4,0,,HIGH
1440447,1,18.4,Indonesia,Singapore,NLKWR Dewi,NKF Rada Rani,GK Diviya,0,0,,LOW
1440447,1,18.5,Indonesia,Singapore,NLKWR Dewi,NKF Rada Rani,GK Diviya,1,0,,LOW
1440447,1,18.6,Indonesia,Singapore,NKF Rada Rani,NLKWR Dewi,GK Diviya,1,0,,LOW
1440447,1,19.1,Indonesia,Singapore,NKF Rada Rani,NLKWR Dewi,Shafina Mahesh,1,0,,LOW
1440447,1,19.2,Indonesia,Singapore,NLKWR Dewi,NKF Rada Rani,Shafina Mahesh,2,0,,HIGH
1440447,1,19.3,Indonesia,Singapore,NLKWR Dewi,NKF Rada Rani,Shafina Mahesh,1,0,,LOW
1440447,1,19.4,Indonesia,Singapore,NKF Rada Rani,NLKWR Dewi,Shafina Mahesh,1,0,,LOW
1440447,1,19.5,Indonesia,Singapore,NLKWR Dewi,NKF Rada Rani,Shafina Mahesh,0,1,,LOW
1440447,1,19.6,Indonesia,Singapore,NLKWR Dewi,NKF Rada Rani,Shafina Mahesh,1,0,,LOW
1440447,1,19.7,Indonesia,Singapore,NKF Rada Rani,NLKWR Dewi,Shafina Mahesh,2,0,,HIGH
1440447,2,0.1,Singapore,Indonesia,RR Seth,Shafina Mahesh,NMP Suwandewi,1,0,,LOW
1440447,2,0.2,Singapore,Indonesia,Shafina Mahesh,RR Seth,NMP Suwandewi,0,0,,LOW
1440447,2,0.3,Singapore,Indonesia,Shafina Mahesh,RR Seth,NMP Suwandewi,1,0,,LOW
1440447,2,0.4,Singapore,Indonesia,RR Seth,Shafina Mahesh,NMP Suwandewi,0,0,,LOW
1440447,2,0.5,Singapore,Indonesia,RR Seth,Shafina Mahesh,NMP Suwandewi,1,0,,LOW
1440447,2,0.6,Singapore,Indonesia,Shafina Mahesh,RR Seth,NMP Suwandewi,0,0,,LOW
1440447,2,1.1,Singapore,Indonesia,RR Seth,Shafina Mahesh,D Wulandari,0,1,,LOW
1440447,2,1.2,Singapore,Indonesia,RR Seth,Shafina Mahesh,D Wulandari,2,0,,HIGH
1440447,2,1.3,Singapore,Indonesia,RR Seth,Shafina Mahesh,D Wulandari,0,0,,LOW
1440447,2,1.4,Singapore,Indonesia,RR Seth,Shafina Mahesh,D Wulandari,0,0,,LOW
1440447,2,1.5,Singapore,Indonesia,RR Seth,Shafina Mahesh,D Wulandari,0,0,,LOW
1440447,2,1.6,Singapore,Indonesia,RR Seth,Shafina Mahesh,D Wulandari,2,0,,HIGH
1440447,2,1.7,Singapore,Indonesia,RR Seth,Shafina Mahesh,D Wulandari,1,0,,LOW
1440447,2,2.1,Singapore,Indonesia,RR Seth,Shafina Mahesh,NMP Suwandewi,2,0,,HIGH
1440447,2,2.2,Singapore,Indonesia,RR Seth,Shafina Mahesh,NMP Suwandewi,0,0,,LOW
1440447,2,2.3,Singapore,Indonesia,RR Seth,Shafina Mahesh,NMP Suwandewi,0,0,,LOW
1440447,2,2.4,Singapore,Indonesia,RR Seth,Shafina Mahesh,NMP Suwandewi,1,0,,LOW
1440447,2,2.5,Singapore,Indonesia,Shafina Mahesh,RR Seth,NMP Suwandewi,0,0,,LOW
1440447,2,2.6,Singapore,Indonesia,Shafina Mahesh,RR Seth,NMP Suwandewi,0,0,caught,LOW
1440447,2,3.1,Singapore,Indonesia,RR Seth,GK Diviya,D Wulandari,0,0,,LOW
1440447,2,3.2,Singapore,Indonesia,RR Seth,GK Diviya,D Wulandari,2,0,,HIGH
1440447,2,3.3,Singapore,Indonesia,RR Seth,GK Diviya,D Wulandari,0,0,,LOW
1440447,2,3.4,Singapore,Indonesia,RR Seth,GK Diviya,D Wulandari,2,0,,HIGH
1440447,2,3.5,Singapore,Indonesia,RR Seth,GK Diviya,D Wulandari,0,0,,LOW
1440447,2,3.6,Singapore,Indonesia,RR Seth,GK Diviya,D Wulandari,0,0,,LOW
1440447,2,4.1,Singapore,Indonesia,GK Diviya,RR Seth,NMP Suwandewi,0,0,,LOW
1440447,2,4.2,Singapore,Indonesia,GK Diviya,RR Seth,NMP Suwandewi,0,0,,LOW
1440447,2,4.3,Singapore,Indonesia,GK Diviya,RR Seth,NMP Suwandewi,0,0,,LOW
1440447,2,4.4,Singapore,Indonesia,GK Diviya,RR Seth,NMP Suwandewi,0,0,,LOW
1440447,2,4.5,Singapore,Indonesia,GK Diviya,RR Seth,NMP Suwandewi,0,0,,LOW
1440447,2,4.6,Singapore,Indonesia,GK Diviya,RR Seth,NMP Suwandewi,0,0,,LOW
1440447,2,5.1,Singapore,Indonesia,RR Seth,GK Diviya,D Wulandari,1,0,,LOW
1440447,2,5.2,Singapore,Indonesia,GK Diviya,RR Seth,D Wulandari,0,0,,LOW
1440447,2,5.3,Singapore,Indonesia,GK Diviya,RR Seth,D Wulandari,1,0,,LOW
1440447,2,5.4,Singapore,Indonesia,RR Seth,GK Diviya,D Wulandari,0,0,,LOW
1440447,2,5.5,Singapore,Indonesia,RR Seth,GK Diviya,D Wulandari,2,0,,HIGH
1440447,2,5.6,Singapore,Indonesia,RR Seth,GK Diviya,D Wulandari,0,0,,LOW
1440447,2,6.1,Singapore,Indonesia,GK Diviya,RR Seth,SAN Maypriani,1,0,,LOW
1440447,2,6.2,Singapore,Indonesia,RR Seth,GK Diviya,SAN Maypriani,1,0,,LOW
1440447,2,6.3,Singapore,Indonesia,GK Diviya,RR Seth,SAN Maypriani,0,0,,LOW
1440447,2,6.4,Singapore,Indonesia,GK Diviya,RR Seth,SAN Maypriani,0,0,,LOW
1440447,2,6.5,Singapore,Indonesia,GK Diviya,RR Seth,SAN Maypriani,1,0,,LOW
1440447,2,6.6,Singapore,Indonesia,RR Seth,GK Diviya,SAN Maypriani,0,0,,LOW
1440447,2,7.1,Singapore,Indonesia,GK Diviya,RR Seth,NW Sariani,0,0,,LOW
1440447,2,7.2,Singapore,Indonesia,GK Diviya,RR Seth,NW Sariani,0,0,,LOW
1440447,2,7.3,Singapore,Indonesia,GK Diviya,RR Seth,NW Sariani,0,0,,LOW
1440447,2,7.4,Singapore,Indonesia,GK Diviya,RR Seth,NW Sariani,0,0,,LOW
1440447,2,7.5,Singapore,Indonesia,GK Diviya,RR Seth,NW Sariani,1,0,,LOW
1440447,2,7.6,Singapore,Indonesia,RR Seth,GK Diviya,NW Sariani,0,0,,LOW
1440447,2,8.1,Singapore,Indonesia,GK Diviya,RR Seth,SAN Maypriani,0,0,,LOW
1440447,2,8.2,Singapore,Indonesia,GK Diviya,RR Seth,SAN Maypriani,1,0,,LOW
1440447,2,8.3,Singapore,Indonesia,RR Seth,GK Diviya,SAN Maypriani,0,0,,LOW
1440447,2,8.4,Singapore,Indonesia,RR Seth,GK Diviya,SAN Maypriani,0,0,,LOW
1440447,2,8.5,Singapore,Indonesia,RR Seth,GK Diviya,SAN Maypriani,0,1,,LOW
1440447,2,8.6,Singapore,Indonesia,RR Seth,GK Diviya,SAN Maypriani,1,0,,LOW
1440447,2,8.7,Singapore,Indonesia,GK Diviya,RR Seth,SAN Maypriani,1,0,,LOW
1440447,2,9.1,Singapore,Indonesia,GK Diviya,RR Seth,NW Sariani,0,0,stumped,LOW
1440447,2,9.2,Singapore,Indonesia,S Merican,RR Seth,NW Sariani,0,0,,LOW
1440447,2,9.3,Singapore,Indonesia,S Merican,RR Seth,NW Sariani,0,0,,LOW
1440447,2,9.4,Singapore,Indonesia,S Merican,RR Seth,NW Sariani,0,0,,LOW
1440447,2,9.5,Singapore,Indonesia,S Merican,RR Seth,NW Sariani,0,0,,LOW
1440447,2,9.6,Singapore,Indonesia,S Merican,RR Seth,NW Sariani,0,0,,LOW
1440447,2,10.1,Singapore,Indonesia,RR Seth,S Merican,SAN Maypriani,0,0,run out,LOW
1440447,2,10.2,Singapore,Indonesia,Vinu Kumar,RR Seth,SAN Maypriani,0,0,,LOW
1440447,2,10.3,Singapore,Indonesia,Vinu Kumar,RR Seth,SAN Maypriani,0,0,,LOW
1440447,2,10.4,Singapore,Indonesia,Vinu Kumar,RR Seth,SAN Maypriani,0,0,,LOW
1440447,2,10.5,Singapore,Indonesia,Vinu Kumar,RR Seth,SAN Maypriani,0,0,,LOW
1440447,2,10.6,Singapore,Indonesia,Vinu Kumar,RR Seth,SAN Maypriani,1,0,,LOW
1440447,2,11.1,Singapore,Indonesia,Vinu Kumar,RR Seth,NW Sariani,0,0,,LOW
1440447,2,11.2,Singapore,Indonesia,Vinu Kumar,RR Seth,NW Sariani,0,0,,LOW
1440447,2,11.3,Singapore,Indonesia,Vinu Kumar,RR Seth,NW Sariani,0,0,stumped,LOW
1440447,2,11.4,Singapore,Indonesia,DA Galia,RR Seth,NW Sariani,1,0,,LOW
1440447,2,11.5,Singapore,Indonesia,RR Seth,DA Galia,NW Sariani,0,0,,LOW
1440447,2,11.6,Singapore,Indonesia,RR Seth,DA Galia,NW Sariani,0,0,,LOW
1440447,2,12.1,Singapore,Indonesia,DA Galia,RR Seth,SAN Maypriani,0,1,,LOW
1440447,2,12.2,Singapore,Indonesia,DA Galia,RR Seth,SAN Maypriani,0,0,,LOW
1440447,2,12.3,Singapore,Indonesia,DA Galia,RR Seth,SAN Maypriani,0,0,,LOW
1440447,2,12.4,Singapore,Indonesia,DA Galia,RR Seth,SAN Maypriani,1,0,,LOW
1440447,2,12.5,Singapore,Indonesia,RR Seth,DA Galia,SAN Maypriani,2,0,,HIGH
1440447,2,12.6,Singapore,Indonesia,RR Seth,DA Galia,SAN Maypriani,0,0,caught,LOW
1440447,2,12.7,Singapore,Indonesia,Ananya Sarma,DA Galia,SAN Maypriani,0,0,,LOW
1440447,2,13.1,Singapore,Indonesia,DA Galia,Ananya Sarma,NW Sariani,0,0,stumped,LOW
1440447,2,13.2,Singapore,Indonesia,LAR Bommareddy,Ananya Sarma,NW Sariani,0,0,,LOW
1440447,2,13.3,Singapore,Indonesia,LAR Bommareddy,Ananya Sarma,NW Sariani,0,0,,LOW
1440447,2,13.4,Singapore,Indonesia,LAR Bommareddy,Ananya Sarma,NW Sariani,0,0,caught,LOW
1440447,2,13.5,Singapore,Indonesia,PSR Gurusinghe,Ananya Sarma,NW Sariani,0,0,,LOW
1440447,2,13.6,Singapore,Indonesia,PSR Gurusinghe,Ananya Sarma,NW Sariani,0,0,,LOW
1440447,2,14.1,Singapore,Indonesia,Ananya Sarma,PSR Gurusinghe,M Corazon,0,1,,LOW
1440447,2,14.2,Singapore,Indonesia,Ananya Sarma,PSR Gurusinghe,M Corazon,0,0,,LOW
1440447,2,14.3,Singapore,Indonesia,Ananya Sarma,PSR Gurusinghe,M Corazon,0,1,,LOW
1440447,2,14.4,Singapore,Indonesia,Ananya Sarma,PSR Gurusinghe,M Corazon,0,0,,LOW
1440447,2,14.5,Singapore,Indonesia,Ananya Sarma,PSR Gurusinghe,M Corazon,0,0,,LOW
1440447,2,14.6,Singapore,Indonesia,Ananya Sarma,PSR Gurusinghe,M Corazon,0,0,,LOW
1440447,2,14.7,Singapore,Indonesia,Ananya Sarma,PSR Gurusinghe,M Corazon,1,0,,LOW
1440447,2,14.8,Singapore,Indonesia,PSR Gurusinghe,Ananya Sarma,M Corazon,1,0,,LOW
1440447,2,15.1,Singapore,Indonesia,PSR Gurusinghe,Ananya Sarma,NLKWR Dewi,0,0,,LOW
1440447,2,15.2,Singapore,Indonesia,PSR Gurusinghe,Ananya Sarma,NLKWR Dewi,1,0,,LOW
1440447,2,15.3,Singapore,Indonesia,Ananya Sarma,PSR Gurusinghe,NLKWR Dewi,0,0,,LOW
1440447,2,15.4,Singapore,Indonesia,Ananya Sarma,PSR Gurusinghe,NLKWR Dewi,0,0,,LOW
1440447,2,15.5,Singapore,Indonesia,Ananya Sarma,PSR Gurusinghe,NLKWR Dewi,0,0,,LOW
1440447,2,15.6,Singapore,Indonesia,Ananya Sarma,PSR Gurusinghe,NLKWR Dewi,0,0,bowled,LOW
1440447,2,16.1,Singapore,Indonesia,PSR Gurusinghe,Damini Ramesh,M Corazon,1,0,,LOW
1440447,2,16.2,Singapore,Indonesia,Damini Ramesh,PSR Gurusinghe,M Corazon,0,0,,LOW
1440447,2,16.3,Singapore,Indonesia,Damini Ramesh,PSR Gurusinghe,M Corazon,1,0,,LOW
1440447,2,16.4,Singapore,Indonesia,PSR Gurusinghe,Damini Ramesh,M Corazon,0,0,,LOW
1440447,2,16.5,Singapore,Indonesia,PSR Gurusinghe,Damini Ramesh,M Corazon,0,0,,LOW
1440447,2,16.6,Singapore,Indonesia,PSR Gurusinghe,Damini Ramesh,M Corazon,2,0,,HIGH
1440447,2,17.1,Singapore,Indonesia,Damini Ramesh,PSR Gurusinghe,NLKWR Dewi,1,0,,LOW
1440447,2,17.2,Singapore,Indonesia,PSR Gurusinghe,Damini Ramesh,NLKWR Dewi,0,0,,LOW
1440447,2,17.3,Singapore,Indonesia,PSR Gurusinghe,Damini Ramesh,NLKWR Dewi,0,1,,LOW
1440447,2,17.4,Singapore,Indonesia,PSR Gurusinghe,Damini Ramesh,NLKWR Dewi,0,1,,LOW
1440447,2,17.5,Singapore,Indonesia,PSR Gurusinghe,Damini Ramesh,NLKWR Dewi,0,0,,LOW
1440447,2,17.6,Singapore,Indonesia,PSR Gurusinghe,Damini Ramesh,NLKWR Dewi,1,0,,LOW
1440447,2,17.7,Singapore,Indonesia,Damini Ramesh,PSR Gurusinghe,NLKWR Dewi,0,0,,LOW
1440447,2,17.8,Singapore,Indonesia,Damini Ramesh,PSR Gurusinghe,NLKWR Dewi,0,0,,LOW
1440447,2,18.1,Singapore,Indonesia,PSR Gurusinghe,Damini Ramesh,RD Pangestuti,4,0,,HIGH
1440447,2,18.2,Singapore,Indonesia,PSR Gurusinghe,Damini Ramesh,RD Pangestuti,0,0,,LOW
1440447,2,18.3,Singapore,Indonesia,PSR Gurusinghe,Damini Ramesh,RD Pangestuti,1,0,,LOW
1440447,2,18.4,Singapore,Indonesia,Damini Ramesh,PSR Gurusinghe,RD Pangestuti,1,0,,LOW
1440447,2,18.5,Singapore,Indonesia,PSR Gurusinghe,Damini Ramesh,RD Pangestuti,0,1,,LOW
1440447,2,18.6,Singapore,Indonesia,PSR Gurusinghe,Damini Ramesh,RD Pangestuti,2,0,,HIGH
1440447,2,18.7,Singapore,Indonesia,PSR Gurusinghe,Damini Ramesh,RD Pangestuti,0,0,caught,LOW
1440447,2,19.1,Singapore,Indonesia,Damini Ramesh,JS Pooranakaran,NLKWR Dewi,0,0,,LOW
1440447,2,19.2,Singapore,Indonesia,Damini Ramesh,JS Pooranakaran,NLKWR Dewi,0,0,run out,LOW
1217744,1,0.1,Thailand,Nepal,DF Jacobs,N Pathan,S Lamichhane,0,0,,LOW
1217744,1,0.2,Thailand,Nepal,DF Jacobs,N Pathan,S Lamichhane,0,0,,LOW
1217744,1,0.3,Thailand,Nepal,DF Jacobs,N Pathan,S Lamichhane,0,0,,LOW
1217744,1,0.4,Thailand,Nepal,DF Jacobs,N Pathan,S Lamichhane,0,0,,LOW
1217744,1,0.5,Thailand,Nepal,DF Jacobs,N Pathan,S Lamichhane,0,0,,LOW
1217744,1,0.6,Thailand,Nepal,DF Jacobs,N Pathan,S Lamichhane,0,0,,LOW
1217744,1,1.1,Thailand,Nepal,N Pathan,DF Jacobs,Karan KC,0,0,,LOW
1217744,1,1.2,Thailand,Nepal,N Pathan,DF Jacobs,Karan KC,0,0,,LOW
1217744,1,1.3,Thailand,Nepal,N Pathan,DF Jacobs,Karan KC,4,0,,HIGH
1217744,1,1.4,Thailand,Nepal,N Pathan,DF Jacobs,Karan KC,0,1,,LOW
1217744,1,1.5,Thailand,Nepal,N Pathan,DF Jacobs,Karan KC,4,0,,HIGH
1217744,1,1.6,Thailand,Nepal,N Pathan,DF Jacobs,Karan KC,0,0,caught,LOW
1217744,1,1.7,Thailand,Nepal,HJ Jordaan,DF Jacobs,Karan KC,0,0,,LOW
1217744,1,2.1,Thailand,Nepal,DF Jacobs,HJ Jordaan,P Khadka,0,0,,LOW
1217744,1,2.2,Thailand,Nepal,DF Jacobs,HJ Jordaan,P Khadka,0,0,,LOW
1217744,1,2.3,Thailand,Nepal,DF Jacobs,HJ Jordaan,P Khadka,0,0,,LOW
1217744,1,2.4,Thailand,Nepal,DF Jacobs,HJ Jordaan,P Khadka,0,0,run out,LOW
1217744,1,2.5,Thailand,Nepal,HJ Jordaan,W Uisuk,P Khadka,0,0,,LOW
1217744,1,2.6,Thailand,Nepal,HJ Jordaan,W Uisuk,P Khadka,1,0,,LOW
1217744,1,3.1,Thailand,Nepal,HJ Jordaan,W Uisuk,S Lamichhane,0,0,,LOW
1217744,1,3.2,Thailand,Nepal,HJ Jordaan,W Uisuk,S Lamichhane,0,0,,LOW
1217744,1,3.3,Thailand,Nepal,HJ Jordaan,W Uisuk,S Lamichhane,0,0,,LOW
1217744,1,3.4,Thailand,Nepal,HJ Jordaan,W Uisuk,S Lamichhane,0,0,,LOW
1217744,1,3.5,Thailand,Nepal,HJ Jordaan,W Uisuk,S Lamichhane,0,0,,LOW
1217744,1,3.6,Thailand,Nepal,HJ Jordaan,W Uisuk,S Lamichhane,0,0,,LOW
1217744,1,4.1,Thailand,Nepal,W Uisuk,HJ Jordaan,P Khadka,0,1,,LOW
1217744,1,4.2,Thailand,Nepal,W Uisuk,HJ Jordaan,P Khadka,0,0,,LOW
1217744,1,4.3,Thailand,Nepal,W Uisuk,HJ Jordaan,P Khadka,0,0,,LOW
1217744,1,4.4,Thailand,Nepal,W Uisuk,HJ Jordaan,P Khadka,0,0,,LOW
1217744,1,4.5,Thailand,Nepal,W Uisuk,HJ Jordaan,P Khadka,1,0,,LOW
1217744,1,4.6,Thailand,Nepal,HJ Jordaan,W Uisuk,P Khadka,0,0,,LOW
1217744,1,4.7,Thailand,Nepal,HJ Jordaan,W Uisuk,P Khadka,0,0,,LOW
1217744,1,5.1,Thailand,Nepal,W Uisuk,HJ Jordaan,S Lamichhane,0,0,,LOW
1217744,1,5.2,Thailand,Nepal,W Uisuk,HJ Jordaan,S Lamichhane,0,0,,LOW
1217744,1,5.3,Thailand,Nepal,W Uisuk,HJ Jordaan,S Lamichhane,0,0,,LOW
1217744,1,5.4,Thailand,Nepal,W Uisuk,HJ Jordaan,S Lamichhane,0,0,,LOW
1217744,1,5.5,Thailand,Nepal,W Uisuk,HJ Jordaan,S Lamichhane,0,0,,LOW
1217744,1,5.6,Thailand,Nepal,W Uisuk,HJ Jordaan,S Lamichhane,0,1,,LOW
1217744,1,5.7,Thailand,Nepal,W Uisuk,HJ Jordaan,S Lamichhane,0,0,,LOW
1217744,1,6.1,Thailand,Nepal,HJ Jordaan,W Uisuk,B Karki,0,0,,LOW
1217744,1,6.2,Thailand,Nepal,HJ Jordaan,W Uisuk,B Karki,1,0,,LOW
1217744,1,6.3,Thailand,Nepal,W Uisuk,HJ Jordaan,B Karki,0,0,,LOW
1217744,1,6.4,Thailand,Nepal,W Uisuk,HJ Jordaan,B Karki,1,0,,LOW
1217744,1,6.5,Thailand,Nepal,HJ Jordaan,W Uisuk,B Karki,0,0,,LOW
1217744,1,6.6,Thailand,Nepal,HJ Jordaan,W Uisuk,B Karki,0,0,,LOW
1217744,1,7.1,Thailand,Nepal,W Uisuk,HJ Jordaan,Karan KC,0,0,,LOW
1217744,1,7.2,Thailand,Nepal,W Uisuk,HJ Jordaan,Karan KC,0,0,,LOW
1217744,1,7.3,Thailand,Nepal,W Uisuk,HJ Jordaan,Karan KC,0,4,,LOW
1217744,1,7.4,Thailand,Nepal,W Uisuk,HJ Jordaan,Karan KC,0,0,,LOW
1217744,1,7.5,Thailand,Nepal,W Uisuk,HJ Jordaan,Karan KC,0,0,,LOW
1217744,1,7.6,Thailand,Nepal,W Uisuk,HJ Jordaan,Karan KC,0,0,bowled,LOW
1217744,1,8.1,Thailand,Nepal,HJ Jordaan,Robert Raina,B Karki,0,1,,LOW
1217744,1,8.2,Thailand,Nepal,Robert Raina,HJ Jordaan,B Karki,0,0,,LOW
1217744,1,8.3,Thailand,Nepal,Robert Raina,HJ Jordaan,B Karki,0,0,,LOW
1217744,1,8.4,Thailand,Nepal,Robert Raina,HJ Jordaan,B Karki,0,0,,LOW
1217744,1,8.5,Thailand,Nepal,Robert Raina,HJ Jordaan,B Karki,1,0,,LOW
1217744,1,8.6,Thailand,Nepal,HJ Jordaan,Robert Raina,B Karki,1,0,,LOW
1217744,1,9.1,Thailand,Nepal,HJ Jordaan,Robert Raina,Karan KC,1,0,,LOW
1217744,1,9.2,Thailand,Nepal,Robert Raina,HJ Jordaan,Karan KC,0,0,bowled,LOW
1217744,1,9.3,Thailand,Nepal,Z Hoque,HJ Jordaan,Karan KC,1,0,,LOW
1217744,1,9.4,Thailand,Nepal,HJ Jordaan,Z Hoque,Karan KC,1,0,,LOW
1217744,1,9.5,Thailand,Nepal,Z Hoque,HJ Jordaan,Karan KC,0,0,,LOW
1217744,1,9.6,Thailand,Nepal,Z Hoque,HJ Jordaan,Karan KC,0,0,,LOW
1217744,1,10.1,Thailand,Nepal,HJ Jordaan,Z Hoque,B Karki,0,0,,LOW
1217744,1,10.2,Thailand,Nepal,HJ Jordaan,Z Hoque,B Karki,1,0,,LOW
1217744,1,10.3,Thailand,Nepal,Z Hoque,HJ Jordaan,B Karki,0,0,,LOW
1217744,1,10.4,Thailand,Nepal,Z Hoque,HJ Jordaan,B Karki,0,4,,LOW
1217744,1,10.5,Thailand,Nepal,Z Hoque,HJ Jordaan,B Karki,1,0,,LOW
1217744,1,10.6,Thailand,Nepal,HJ Jordaan,Z Hoque,B Karki,0,0,,LOW
1217744,1,11.1,Thailand,Nepal,Z Hoque,HJ Jordaan,A Bohara,1,0,,LOW
1217744,1,11.2,Thailand,Nepal,HJ Jordaan,Z Hoque,A Bohara,0,0,,LOW
1217744,1,11.3,Thailand,Nepal,HJ Jordaan,Z Hoque,A Bohara,6,0,,HIGH
1217744,1,11.4,Thailand,Nepal,HJ Jordaan,Z Hoque,A Bohara,1,0,,LOW
1217744,1,11.5,Thailand,Nepal,Z Hoque,HJ Jordaan,A Bohara,0,0,,LOW
1217744,1,11.6,Thailand,Nepal,Z Hoque,HJ Jordaan,A Bohara,0,0,,LOW
1217744,1,12.1,Thailand,Nepal,HJ Jordaan,Z Hoque,B Karki,0,0,,LOW
1217744,1,12.2,Thailand,Nepal,HJ Jordaan,Z Hoque,B Karki,0,0,,LOW
1217744,1,12.3,Thailand,Nepal,HJ Jordaan,Z Hoque,B Karki,0,0,,LOW
1217744,1,12.4,Thailand,Nepal,HJ Jordaan,Z Hoque,B Karki,0,0,bowled,LOW
1217744,1,12.5,Thailand,Nepal,Ismail Sardar,Z Hoque,B Karki,0,0,,LOW
1217744,1,12.6,Thailand,Nepal,Ismail Sardar,Z Hoque,B Karki,0,0,,LOW
1217744,1,13.1,Thailand,Nepal,Z Hoque,Ismail Sardar,S Lamichhane,2,0,,HIGH
1217744,1,13.2,Thailand,Nepal,Z Hoque,Ismail Sardar,S Lamichhane,0,0,,LOW
1217744,1,13.3,Thailand,Nepal,Z Hoque,Ismail Sardar,S Lamichhane,0,0,,LOW
1217744,1,13.4,Thailand,Nepal,Z Hoque,Ismail Sardar,S Lamichhane,0,5,,LOW
1217744,1,13.5,Thailand,Nepal,Z Hoque,Ismail Sardar,S Lamichhane,0,0,,LOW
1217744,1,13.6,Thailand,Nepal,Z Hoque,Ismail Sardar,S Lamichhane,0,0,lbw,LOW
1217744,1,13.7,Thailand,Nepal,C Pengkumta,Ismail Sardar,S Lamichhane,1,0,,LOW
1217744,1,14.1,Thailand,Nepal,C Pengkumta,Ismail Sardar,Kushal Malla,1,0,,LOW
1217744,1,14.2,Thailand,Nepal,Ismail Sardar,C Pengkumta,Kushal Malla,0,0,,LOW
1217744,1,14.3,Thailand,Nepal,Ismail Sardar,C Pengkumta,Kushal Malla,0,0,,LOW
1217744,1,14.4,Thailand,Nepal,Ismail Sardar,C Pengkumta,Kushal Malla,0,0,,LOW
1217744,1,14.5,Thailand,Nepal,Ismail Sardar,C Pengkumta,Kushal Malla,1,0,,LOW
1217744,1,14.6,Thailand,Nepal,C Pengkumta,Ismail Sardar,Kushal Malla,0,0,,LOW
1217744,1,15.1,Thailand,Nepal,Ismail Sardar,C Pengkumta,A Bohara,1,0,,LOW
1217744,1,15.2,Thailand,Nepal,C Pengkumta,Ismail Sardar,A Bohara,1,0,,LOW
1217744,1,15.3,Thailand,Nepal,Ismail Sardar,C Pengkumta,A Bohara,0,0,,LOW
1217744,1,15.4,Thailand,Nepal,Ismail Sardar,C Pengkumta,A Bohara,0,0,bowled,LOW
1217744,1,15.5,Thailand,Nepal,P Suanchuai,C Pengkumta,A Bohara,0,0,,LOW
1217744,1,15.6,Thailand,Nepal,P Suanchuai,C Pengkumta,A Bohara,0,0,,LOW
1217744,1,16.1,Thailand,Nepal,C Pengkumta,P Suanchuai,Kushal Malla,0,0,,LOW
1217744,1,16.2,Thailand,Nepal,C Pengkumta,P Suanchuai,Kushal Malla,0,0,,LOW
1217744,1,16.3,Thailand,Nepal,C Pengkumta,P Suanchuai,Kushal Malla,0,0,,LOW
1217744,1,16.4,Thailand,Nepal,C Pengkumta,P Suanchuai,Kushal Malla,0,0,,LOW
1217744,1,16.5,Thailand,Nepal,C Pengkumta,P Suanchuai,Kushal Malla,1,0,,LOW
1217744,1,16.6,Thailand,Nepal,P Suanchuai,C Pengkumta,Kushal Malla,1,0,,LOW
1217744,1,17.1,Thailand,Nepal,P Suanchuai,C Pengkumta,A Bohara,0,0,,LOW
1217744,1,17.2,Thailand,Nepal,P Suanchuai,C Pengkumta,A Bohara,1,0,,LOW
1217744,1,17.3,Thailand,Nepal,C Pengkumta,P Suanchuai,A Bohara,0,0,caught,LOW
1217744,1,17.4,Thailand,Nepal,P Suanchuai,N Senamontree,A Bohara,0,0,,LOW
1217744,1,17.5,Thailand,Nepal,P Suanchuai,N Senamontree,A Bohara,0,0,,LOW
1217744,1,17.6,Thailand,Nepal,P Suanchuai,N Senamontree,A Bohara,0,0,,LOW
1217744,1,18.1,Thailand,Nepal,N Senamontree,P Suanchuai,Karan KC,0,0,,LOW
1217744,1,18.2,Thailand,Nepal,N Senamontree,P Suanchuai,Karan KC,0,0,,LOW
1217744,1,18.3,Thailand,Nepal,N Senamontree,P Suanchuai,Karan KC,0,0,run out,LOW
1217744,1,18.4,Thailand,Nepal,P Suanchuai,Vichanath Singh,Karan KC,0,0,,LOW
1217744,1,18.5,Thailand,Nepal,P Suanchuai,Vichanath Singh,Karan KC,0,0,,LOW
1217744,1,18.6,Thailand,Nepal,P Suanchuai,Vichanath Singh,Karan KC,0,0,,LOW
1217744,1,19.1,Thailand,Nepal,Vichanath Singh,P Suanchuai,A Bohara,1,0,,LOW
1217744,1,19.2,Thailand,Nepal,P Suanchuai,Vichanath Singh,A Bohara,2,0,,HIGH
1217744,1,19.3,Thailand,Nepal,P Suanchuai,Vichanath Singh,A Bohara,0,0,,LOW
1217744,1,19.4,Thailand,Nepal,P Suanchuai,Vichanath Singh,A Bohara,2,0,,HIGH
1217744,1,19.5,Thailand,Nepal,P Suanchuai,Vichanath Singh,A Bohara,6,0,,HIGH
1217744,1,19.6,Thailand,Nepal,P Suanchuai,Vichanath Singh,A Bohara,1,0,run out,LOW
1217744,2,0.1,Nepal,Thailand,Kushal Malla,P Khadka,W Uisuk,0,0,,LOW
1217744,2,0.2,Nepal,Thailand,Kushal Malla,P Khadka,W Uisuk,4,0,,HIGH
1217744,2,0.3,Nepal,Thailand,Kushal Malla,P Khadka,W Uisuk,1,0,,LOW
1217744,2,0.4,Nepal,Thailand,P Khadka,Kushal Malla,W Uisuk,4,0,,HIGH
1217744,2,0.5,Nepal,Thailand,P Khadka,Kushal Malla,W Uisuk,1,0,,LOW
1217744,2,0.6,Nepal,Thailand,Kushal Malla,P Khadka,W Uisuk,0,0,,LOW
1217744,2,1.1,Nepal,Thailand,P Khadka,Kushal Malla,N Senamontree,0,0,,LOW
1217744,2,1.2,Nepal,Thailand,P Khadka,Kushal Malla,N Senamontree,4,0,,HIGH
1217744,2,1.3,Nepal,Thailand,P Khadka,Kushal Malla,N Senamontree,0,0,stumped,LOW
1217744,2,1.4,Nepal,Thailand,P Sarraf,Kushal Malla,N Senamontree,0,0,,LOW
1217744,2,1.5,Nepal,Thailand,P Sarraf,Kushal Malla,N Senamontree,0,0,,LOW
1217744,2,1.6,Nepal,Thailand,P Sarraf,Kushal Malla,N Senamontree,0,0,,LOW
1217744,2,2.1,Nepal,Thailand,Kushal Malla,P Sarraf,W Uisuk,4,0,,HIGH
1217744,2,2.2,Nepal,Thailand,Kushal Malla,P Sarraf,W Uisuk,4,0,,HIGH
1217744,2,2.3,Nepal,Thailand,Kushal Malla,P Sarraf,W Uisuk,4,0,,HIGH
1217744,2,2.4,Nepal,Thailand,Kushal Malla,P Sarraf,W Uisuk,0,0,,LOW
1217744,2,2.5,Nepal,Thailand,Kushal Malla,P Sarraf,W Uisuk,0,0,,LOW
1217744,2,2.6,Nepal,Thailand,Kushal Malla,P Sarraf,W Uisuk,6,0,,HIGH
1217744,2,3.1,Nepal,Thailand,P Sarraf,Kushal Malla,N Senamontree,4,0,,HIGH
1217744,2,3.2,Nepal,Thailand,P Sarraf,Kushal Malla,N Senamontree,1,0,,LOW
1217744,2,3.3,Nepal,Thailand,Kushal Malla,P Sarraf,N Senamontree,0,0,,LOW
1217744,2,3.4,Nepal,Thailand,Kushal Malla,P Sarraf,N Senamontree,6,0,,HIGH
1217744,2,3.5,Nepal,Thailand,Kushal Malla,P Sarraf,N Senamontree,1,0,,LOW
1217744,2,3.6,Nepal,Thailand,P Sarraf,Kushal Malla,N Senamontree,0,0,,LOW
1217744,2,4.1,Nepal,Thailand,Kushal Malla,P Sarraf,Z Hoque,0,0,,LOW
1217744,2,4.2,Nepal,Thailand,Kushal Malla,P Sarraf,Z Hoque,0,0,,LOW
1217744,2,4.3,Nepal,Thailand,Kushal Malla,P Sarraf,Z Hoque,1,0,,LOW
1217744,2,4.4,Nepal,Thailand,P Sarraf,Kushal Malla,Z Hoque,6,0,,HIGH
1217744,2,4.5,Nepal,Thailand,P Sarraf,Kushal Malla,Z Hoque,4,0,,HIGH
1217744,2,4.6,Nepal,Thailand,P Sarraf,Kushal Malla,Z Hoque,6,0,,HIGH
1217744,2,5.1,Nepal,Thailand,Kushal Malla,P Sarraf,N Senamontree,4,0,,HIGH
1217744,2,5.2,Nepal,Thailand,Kushal Malla,P Sarraf,N Senamontree,1,0,,LOW
1217744,2,5.3,Nepal,Thailand,P Sarraf,Kushal Malla,N Senamontree,6,0,,HIGH
1398263,1,0.1,South Africa,Sri Lanka,L Wolvaardt,T Brits,BMSM Kumari,4,0,,HIGH
1398263,1,0.2,South Africa,Sri Lanka,L Wolvaardt,T Brits,BMSM Kumari,0,0,,LOW
1398263,1,0.3,South Africa,Sri Lanka,L Wolvaardt,T Brits,BMSM Kumari,0,0,,LOW
1398263,1,0.4,South Africa,Sri Lanka,L Wolvaardt,T Brits,BMSM Kumari,4,0,,HIGH
1398263,1,0.5,South Africa,Sri Lanka,L Wolvaardt,T Brits,BMSM Kumari,2,0,,HIGH
1398263,1,0.6,South Africa,Sri Lanka,L Wolvaardt,T Brits,BMSM Kumari,2,0,,HIGH
1398263,1,1.1,South Africa,Sri Lanka,T Brits,L Wolvaardt,SIP Fernando,0,0,,LOW
1398263,1,1.2,South Africa,Sri Lanka,T Brits,L Wolvaardt,SIP Fernando,1,0,,LOW
1398263,1,1.3,South Africa,Sri Lanka,L Wolvaardt,T Brits,SIP Fernando,0,0,,LOW
1398263,1,1.4,South Africa,Sri Lanka,L Wolvaardt,T Brits,SIP Fernando,2,0,,HIGH
1398263,1,1.5,South Africa,Sri Lanka,L Wolvaardt,T Brits,SIP Fernando,0,0,,LOW
1398263,1,1.6,South Africa,Sri Lanka,L Wolvaardt,T Brits,SIP Fernando,0,0,,LOW
1398263,1,2.1,South Africa,Sri Lanka,T Brits,L Wolvaardt,KDU Prabodhani,0,0,,LOW
1398263,1,2.2,South Africa,Sri Lanka,T Brits,L Wolvaardt,KDU Prabodhani,0,1,,LOW
1398263,1,2.3,South Africa,Sri Lanka,T Brits,L Wolvaardt,KDU Prabodhani,0,0,,LOW
1398263,1,2.4,South Africa,Sri Lanka,T Brits,L Wolvaardt,KDU Prabodhani,1,0,,LOW
1398263,1,2.5,South Africa,Sri Lanka,L Wolvaardt,T Brits,KDU Prabodhani,0,0,,LOW
1398263,1,2.6,South Africa,Sri Lanka,L Wolvaardt,T Brits,KDU Prabodhani,4,0,,HIGH
1398263,1,2.7,South Africa,Sri Lanka,L Wolvaardt,T Brits,KDU Prabodhani,4,0,,HIGH
1398263,1,3.1,South Africa,Sri Lanka,T Brits,L Wolvaardt,WGAKK Kulasuriya,4,0,,HIGH
1398263,1,3.2,South Africa,Sri Lanka,T Brits,L Wolvaardt,WGAKK Kulasuriya,1,0,,LOW
1398263,1,3.3,South Africa,Sri Lanka,L Wolvaardt,T Brits,WGAKK Kulasuriya,4,0,,HIGH
1398263,1,3.4,South Africa,Sri Lanka,L Wolvaardt,T Brits,WGAKK Kulasuriya,0,1,,LOW
1398263,1,3.5,South Africa,Sri Lanka,L Wolvaardt,T Brits,WGAKK Kulasuriya,0,0,,LOW
1398263,1,3.6,South Africa,Sri Lanka,L Wolvaardt,T Brits,WGAKK Kulasuriya,0,0,,LOW
1398263,1,3.7,South Africa,Sri Lanka,L Wolvaardt,T Brits,WGAKK Kulasuriya,1,0,,LOW
1398263,1,4.1,South Africa,Sri Lanka,L Wolvaardt,T Brits,BMSM Kumari,1,0,,LOW
1398263,1,4.2,South Africa,Sri Lanka,T Brits,L Wolvaardt,BMSM Kumari,0,0,,LOW
1398263,1,4.3,South Africa,Sri Lanka,T Brits,L Wolvaardt,BMSM Kumari,0,0,caught,LOW
1398263,1,4.4,South Africa,Sri Lanka,M Kapp,L Wolvaardt,BMSM Kumari,4,0,,HIGH
1398263,1,4.5,South Africa,Sri Lanka,M Kapp,L Wolvaardt,BMSM Kumari,0,0,,LOW
1398263,1,4.6,South Africa,Sri Lanka,M Kapp,L Wolvaardt,BMSM Kumari,0,0,,LOW
1398263,1,5.1,South Africa,Sri Lanka,L Wolvaardt,M Kapp,SIP Fernando,4,0,,HIGH
1398263,1,5.2,South Africa,Sri Lanka,L Wolvaardt,M Kapp,SIP Fernando,0,0,,LOW
1398263,1,5.3,South Africa,Sri Lanka,L Wolvaardt,M Kapp,SIP Fernando,0,0,,LOW
1398263,1,5.4,South Africa,Sri Lanka,L Wolvaardt,M Kapp,SIP Fernando,0,0,,LOW
1398263,1,5.5,South Africa,Sri Lanka,L Wolvaardt,M Kapp,SIP Fernando,1,0,,LOW
1398263,1,5.6,South Africa,Sri Lanka,M Kapp,L Wolvaardt,SIP Fernando,4,0,,HIGH
1398263,1,6.1,South Africa,Sri Lanka,L Wolvaardt,M Kapp,KDU Prabodhani,1,0,,LOW
1398263,1,6.2,South Africa,Sri Lanka,M Kapp,L Wolvaardt,KDU Prabodhani,0,0,caught and bowled,LOW
1398263,1,6.3,South Africa,Sri Lanka,S Luus,L Wolvaardt,KDU Prabodhani,0,0,,LOW
1398263,1,6.4,South Africa,Sri Lanka,S Luus,L Wolvaardt,KDU Prabodhani,0,0,,LOW
1398263,1,6.5,South Africa,Sri Lanka,S Luus,L Wolvaardt,KDU Prabodhani,1,0,,LOW
1398263,1,6.6,South Africa,Sri Lanka,L Wolvaardt,S Luus,KDU Prabodhani,2,0,,HIGH
1398263,1,7.1,South Africa,Sri Lanka,S Luus,L Wolvaardt,AC Jayangani,1,0,,LOW
1398263,1,7.2,South Africa,Sri Lanka,L Wolvaardt,S Luus,AC Jayangani,1,0,,LOW
1398263,1,7.3,South Africa,Sri Lanka,S Luus,L Wolvaardt,AC Jayangani,1,0,,LOW
1398263,1,7.4,South Africa,Sri Lanka,L Wolvaardt,S Luus,AC Jayangani,1,0,,LOW
1398263,1,7.5,South Africa,Sri Lanka,S Luus,L Wolvaardt,AC Jayangani,1,0,,LOW
1398263,1,7.6,South Africa,Sri Lanka,L Wolvaardt,S Luus,AC Jayangani,4,0,,HIGH
1398263,1,8.1,South Africa,Sri Lanka,S Luus,L Wolvaardt,WK Dilhari,0,0,,LOW
1398263,1,8.2,South Africa,Sri Lanka,S Luus,L Wolvaardt,WK Dilhari,1,0,,LOW
1398263,1,8.3,South Africa,Sri Lanka,L Wolvaardt,S Luus,WK Dilhari,1,0,,LOW
1398263,1,8.4,South Africa,Sri Lanka,S Luus,L Wolvaardt,WK Dilhari,0,0,caught and bowled,LOW
1398263,1,8.5,South Africa,Sri Lanka,A Bosch,L Wolvaardt,WK Dilhari,0,0,,LOW
1398263,1,8.6,South Africa,Sri Lanka,A Bosch,L Wolvaardt,WK Dilhari,1,0,,LOW
1398263,1,9.1,South Africa,Sri Lanka,A Bosch,L Wolvaardt,SIP Fernando,0,0,,LOW
1398263,1,9.2,South Africa,Sri Lanka,A Bosch,L Wolvaardt,SIP Fernando,0,0,,LOW
1398263,1,9.3,South Africa,Sri Lanka,A Bosch,L Wolvaardt,SIP Fernando,0,0,,LOW
1398263,1,9.4,South Africa,Sri Lanka,A Bosch,L Wolvaardt,SIP Fernando,1,0,,LOW
1398263,1,9.5,South Africa,Sri Lanka,L Wolvaardt,A Bosch,SIP Fernando,0,0,,LOW
1398263,1,9.6,South Africa,Sri Lanka,L Wolvaardt,A Bosch,SIP Fernando,0,0,,LOW
1398263,1,10.1,South Africa,Sri Lanka,A Bosch,L Wolvaardt,WGAKK Kulasuriya,2,0,,HIGH
1398263,1,10.2,South Africa,Sri Lanka,A Bosch,L Wolvaardt,WGAKK Kulasuriya,0,1,,LOW
1398263,1,10.3,South Africa,Sri Lanka,A Bosch,L Wolvaardt,WGAKK Kulasuriya,1,0,,LOW
1398263,1,10.4,South Africa,Sri Lanka,L Wolvaardt,A Bosch,WGAKK Kulasuriya,1,0,,LOW
1398263,1,10.5,South Africa,Sri Lanka,A Bosch,L Wolvaardt,WGAKK Kulasuriya,4,0,,HIGH
1398263,1,10.6,South Africa,Sri Lanka,A Bosch,L Wolvaardt,WGAKK Kulasuriya,4,0,,HIGH
1398263,1,10.7,South Africa,Sri Lanka,A Bosch,L Wolvaardt,WGAKK Kulasuriya,1,0,,LOW
1398263,1,11.1,South Africa,Sri Lanka,A Bosch,L Wolvaardt,AC Jayangani,0,0,,LOW
1398263,1,11.2,South Africa,Sri Lanka,A Bosch,L Wolvaardt,AC Jayangani,1,0,,LOW
1398263,1,11.3,South Africa,Sri Lanka,L Wolvaardt,A Bosch,AC Jayangani,1,0,,LOW
1398263,1,11.4,South Africa,Sri Lanka,A Bosch,L Wolvaardt,AC Jayangani,0,0,,LOW
1398263,1,11.5,South Africa,Sri Lanka,A Bosch,L Wolvaardt,AC Jayangani,6,0,,HIGH
1398263,1,11.6,South Africa,Sri Lanka,A Bosch,L Wolvaardt,AC Jayangani,0,0,,LOW
1398263,1,12.1,South Africa,Sri Lanka,L Wolvaardt,A Bosch,WK Dilhari,1,0,,LOW
1398263,1,12.2,South Africa,Sri Lanka,A Bosch,L Wolvaardt,WK Dilhari,1,0,,LOW
1398263,1,12.3,South Africa,Sri Lanka,L Wolvaardt,A Bosch,WK Dilhari,0,0,,LOW
1398263,1,12.4,South Africa,Sri Lanka,L Wolvaardt,A Bosch,WK Dilhari,1,0,,LOW
1398263,1,12.5,South Africa,Sri Lanka,A Bosch,L Wolvaardt,WK Dilhari,1,0,,LOW
1398263,1,12.6,South Africa,Sri Lanka,L Wolvaardt,A Bosch,WK Dilhari,0,0,,LOW
1398263,1,13.1,South Africa,Sri Lanka,A Bosch,L Wolvaardt,SIP Fernando,0,0,,LOW
1398263,1,13.2,South Africa,Sri Lanka,A Bosch,L Wolvaardt,SIP Fernando,4,0,,HIGH
1398263,1,13.3,South Africa,Sri Lanka,A Bosch,L Wolvaardt,SIP Fernando,0,0,caught,LOW
1398263,1,13.4,South Africa,Sri Lanka,N de Klerk,L Wolvaardt,SIP Fernando,0,0,,LOW
1398263,1,13.5,South Africa,Sri Lanka,N de Klerk,L Wolvaardt,SIP Fernando,0,0,,LOW
1398263,1,13.6,South Africa,Sri Lanka,N de Klerk,L Wolvaardt,SIP Fernando,1,0,,LOW
1398263,1,14.1,South Africa,Sri Lanka,N de Klerk,L Wolvaardt,WK Dilhari,1,0,,LOW
1398263,1,14.2,South Africa,Sri Lanka,L Wolvaardt,N de Klerk,WK Dilhari,1,0,,LOW
1398263,1,14.3,South Africa,Sri Lanka,N de Klerk,L Wolvaardt,WK Dilhari,0,0,,LOW
1398263,1,14.4,South Africa,Sri Lanka,N de Klerk,L Wolvaardt,WK Dilhari,4,0,,HIGH
1398263,1,14.5,South Africa,Sri Lanka,N de Klerk,L Wolvaardt,WK Dilhari,0,0,,LOW
1398263,1,14.6,South Africa,Sri Lanka,N de Klerk,L Wolvaardt,WK Dilhari,1,0,,LOW
1398263,1,15.1,South Africa,Sri Lanka,N de Klerk,L Wolvaardt,BMSM Kumari,0,1,,LOW
1398263,1,15.2,South Africa,Sri Lanka,N de Klerk,L Wolvaardt,BMSM Kumari,0,0,,LOW
1398263,1,15.3,South Africa,Sri Lanka,N de Klerk,L Wolvaardt,BMSM Kumari,0,0,,LOW
1398263,1,15.4,South Africa,Sri Lanka,N de Klerk,L Wolvaardt,BMSM Kumari,1,0,,LOW
1398263,1,15.5,South Africa,Sri Lanka,L Wolvaardt,N de Klerk,BMSM Kumari,1,0,,LOW
1398263,1,15.6,South Africa,Sri Lanka,N de Klerk,L Wolvaardt,BMSM Kumari,0,0,,LOW
1398263,1,15.7,South Africa,Sri Lanka,N de Klerk,L Wolvaardt,BMSM Kumari,0,0,,LOW
1398263,1,16.1,South Africa,Sri Lanka,L Wolvaardt,N de Klerk,KDU Prabodhani,4,0,,HIGH
1398263,1,16.2,South Africa,Sri Lanka,L Wolvaardt,N de Klerk,KDU Prabodhani,1,0,,LOW
1398263,1,16.3,South Africa,Sri Lanka,N de Klerk,L Wolvaardt,KDU Prabodhani,2,0,,HIGH
1398263,1,16.4,South Africa,Sri Lanka,N de Klerk,L Wolvaardt,KDU Prabodhani,0,0,,LOW
1398263,1,16.5,South Africa,Sri Lanka,N de Klerk,L Wolvaardt,KDU Prabodhani,1,0,,LOW
1398263,1,16.6,South Africa,Sri Lanka,L Wolvaardt,N de Klerk,KDU Prabodhani,0,0,,LOW
1398263,1,17.1,South Africa,Sri Lanka,N de Klerk,L Wolvaardt,WK Dilhari,1,0,,LOW
1398263,1,17.2,South Africa,Sri Lanka,L Wolvaardt,N de Klerk,WK Dilhari,0,0,,LOW
1398263,1,17.3,South Africa,Sri Lanka,L Wolvaardt,N de Klerk,WK Dilhari,1,0,,LOW
1398263,1,17.4,South Africa,Sri Lanka,N de Klerk,L Wolvaardt,WK Dilhari,4,0,,HIGH
1398263,1,17.5,South Africa,Sri Lanka,N de Klerk,L Wolvaardt,WK Dilhari,2,0,,HIGH
1398263,1,17.6,South Africa,Sri Lanka,N de Klerk,L Wolvaardt,WK Dilhari,0,0,,LOW
1398263,1,18.1,South Africa,Sri Lanka,L Wolvaardt,N de Klerk,KDU Prabodhani,1,0,,LOW
1398263,1,18.2,South Africa,Sri Lanka,N de Klerk,L Wolvaardt,KDU Prabodhani,4,0,,HIGH
1398263,1,18.3,South Africa,Sri Lanka,N de Klerk,L Wolvaardt,KDU Prabodhani,6,0,,HIGH
1398263,1,18.4,South Africa,Sri Lanka,N de Klerk,L Wolvaardt,KDU Prabodhani,6,0,,HIGH
1398263,1,18.5,South Africa,Sri Lanka,N de Klerk,L Wolvaardt,KDU Prabodhani,6,0,,HIGH
1398263,1,18.6,South Africa,Sri Lanka,N de Klerk,L Wolvaardt,KDU Prabodhani,4,0,,HIGH
1398263,1,19.1,South Africa,Sri Lanka,L Wolvaardt,N de Klerk,BMSM Kumari,0,0,,LOW
1398263,1,19.2,South Africa,Sri Lanka,L Wolvaardt,N de Klerk,BMSM Kumari,0,0,bowled,LOW
1398263,1,19.3,South Africa,Sri Lanka,E Marx,N de Klerk,BMSM Kumari,0,0,,LOW
1398263,1,19.4,South Africa,Sri Lanka,E Marx,N de Klerk,BMSM Kumari,4,0,,HIGH
1398263,1,19.5,South Africa,Sri Lanka,E Marx,N de Klerk,BMSM Kumari,0,0,caught,LOW
1398263,1,19.6,South Africa,Sri Lanka,K Meso,N de Klerk,BMSM Kumari,0,0,,LOW
1398263,2,0.1,Sri Lanka,South Africa,RMVD Gunaratne,AC Jayangani,M Kapp,0,0,,LOW
1398263,2,0.2,Sri Lanka,South Africa,RMVD Gunaratne,AC Jayangani,M Kapp,1,0,,LOW
1398263,2,0.3,Sri Lanka,South Africa,AC Jayangani,RMVD Gunaratne,M Kapp,4,0,,HIGH
1398263,2,0.4,Sri Lanka,South Africa,AC Jayangani,RMVD Gunaratne,M Kapp,0,0,,LOW
1398263,2,0.5,Sri Lanka,South Africa,AC Jayangani,RMVD Gunaratne,M Kapp,0,0,,LOW
1398263,2,0.6,Sri Lanka,South Africa,AC Jayangani,RMVD Gunaratne,M Kapp,0,0,,LOW
1398263,2,1.1,Sri Lanka,South Africa,RMVD Gunaratne,AC Jayangani,N Mlaba,0,0,caught,LOW
1398263,2,1.2,Sri Lanka,South Africa,H Madavi,AC Jayangani,N Mlaba,1,0,,LOW
1398263,2,1.3,Sri Lanka,South Africa,AC Jayangani,H Madavi,N Mlaba,4,0,,HIGH
1398263,2,1.4,Sri Lanka,South Africa,AC Jayangani,H Madavi,N Mlaba,0,0,,LOW
1398263,2,1.5,Sri Lanka,South Africa,AC Jayangani,H Madavi,N Mlaba,6,0,,HIGH
1398263,2,1.6,Sri Lanka,South Africa,AC Jayangani,H Madavi,N Mlaba,0,0,,LOW
1398263,2,2.1,Sri Lanka,South Africa,H Madavi,AC Jayangani,M Kapp,0,0,,LOW
1398263,2,2.2,Sri Lanka,South Africa,H Madavi,AC Jayangani,M Kapp,1,0,,LOW
1398263,2,2.3,Sri Lanka,South Africa,AC Jayangani,H Madavi,M Kapp,4,0,,HIGH
1398263,2,2.4,Sri Lanka,South Africa,AC Jayangani,H Madavi,M Kapp,1,0,,LOW
1398263,2,2.5,Sri Lanka,South Africa,H Madavi,AC Jayangani,M Kapp,1,0,,LOW
1398263,2,2.6,Sri Lanka,South Africa,AC Jayangani,H Madavi,M Kapp,4,0,,HIGH
1398263,2,3.1,Sri Lanka,South Africa,H Madavi,AC Jayangani,A Khaka,0,0,,LOW
1398263,2,3.2,Sri Lanka,South Africa,H Madavi,AC Jayangani,A Khaka,1,0,,LOW
1398263,2,3.3,Sri Lanka,South Africa,AC Jayangani,H Madavi,A Khaka,1,0,,LOW
1398263,2,3.4,Sri Lanka,South Africa,H Madavi,AC Jayangani,A Khaka,1,0,,LOW
1398263,2,3.5,Sri Lanka,South Africa,AC Jayangani,H Madavi,A Khaka,1,0,,LOW
1398263,2,3.6,Sri Lanka,South Africa,H Madavi,AC Jayangani,A Khaka,4,0,,HIGH
1398263,2,4.1,Sri Lanka,South Africa,AC Jayangani,H Madavi,M Kapp,0,0,,LOW
1398263,2,4.2,Sri Lanka,South Africa,AC Jayangani,H Madavi,M Kapp,0,0,,LOW
1398263,2,4.3,Sri Lanka,South Africa,AC Jayangani,H Madavi,M Kapp,1,0,,LOW
1398263,2,4.4,Sri Lanka,South Africa,H Madavi,AC Jayangani,M Kapp,3,0,,HIGH
1398263,2,4.5,Sri Lanka,South Africa,AC Jayangani,H Madavi,M Kapp,0,0,,LOW
1398263,2,4.6,Sri Lanka,South Africa,AC Jayangani,H Madavi,M Kapp,0,0,,LOW
1398263,2,5.1,Sri Lanka,South Africa,H Madavi,AC Jayangani,E Marx,1,0,,LOW
1398263,2,5.2,Sri Lanka,South Africa,AC Jayangani,H Madavi,E Marx,4,0,,HIGH
1398263,2,5.3,Sri Lanka,South Africa,AC Jayangani,H Madavi,E Marx,0,0,,LOW
1398263,2,5.4,Sri Lanka,South Africa,AC Jayangani,H Madavi,E Marx,0,0,,LOW
1398263,2,5.5,Sri Lanka,South Africa,AC Jayangani,H Madavi,E Marx,0,0,,LOW
1398263,2,5.6,Sri Lanka,South Africa,AC Jayangani,H Madavi,E Marx,4,0,,HIGH
1398263,2,6.1,Sri Lanka,South Africa,H Madavi,AC Jayangani,N de Klerk,1,0,,LOW
1398263,2,6.2,Sri Lanka,South Africa,AC Jayangani,H Madavi,N de Klerk,4,0,,HIGH
1398263,2,6.3,Sri Lanka,South Africa,AC Jayangani,H Madavi,N de Klerk,1,0,,LOW
1398263,2,6.4,Sri Lanka,South Africa,H Madavi,AC Jayangani,N de Klerk,0,0,,LOW
1398263,2,6.5,Sri Lanka,South Africa,H Madavi,AC Jayangani,N de Klerk,1,0,,LOW
1398263,2,6.6,Sri Lanka,South Africa,AC Jayangani,H Madavi,N de Klerk,0,0,,LOW
1398263,2,7.1,Sri Lanka,South Africa,H Madavi,AC Jayangani,TS Sekhukhune,0,0,,LOW
1398263,2,7.2,Sri Lanka,South Africa,H Madavi,AC Jayangani,TS Sekhukhune,0,0,,LOW
1398263,2,7.3,Sri Lanka,South Africa,H Madavi,AC Jayangani,TS Sekhukhune,0,0,,LOW
1398263,2,7.4,Sri Lanka,South Africa,H Madavi,AC Jayangani,TS Sekhukhune,1,0,,LOW
1398263,2,7.5,Sri Lanka,South Africa,AC Jayangani,H Madavi,TS Sekhukhune,6,0,,HIGH
1398263,2,7.6,Sri Lanka,South Africa,AC Jayangani,H Madavi,TS Sekhukhune,1,0,,LOW
1398263,2,8.1,Sri Lanka,South Africa,AC Jayangani,H Madavi,N de Klerk,0,0,,LOW
1398263,2,8.2,Sri Lanka,South Africa,AC Jayangani,H Madavi,N de Klerk,0,0,,LOW
1398263,2,8.3,Sri Lanka,South Africa,AC Jayangani,H Madavi,N de Klerk,0,0,,LOW
1398263,2,8.4,Sri Lanka,South Africa,AC Jayangani,H Madavi,N de Klerk,2,0,,HIGH
1398263,2,8.5,Sri Lanka,South Africa,AC Jayangani,H Madavi,N de Klerk,1,0,,LOW
1398263,2,8.6,Sri Lanka,South Africa,H Madavi,AC Jayangani,N de Klerk,1,0,,LOW
1398263,2,9.1,Sri Lanka,South Africa,H Madavi,AC Jayangani,N Mlaba,1,0,,LOW
1398263,2,9.2,Sri Lanka,South Africa,AC Jayangani,H Madavi,N Mlaba,0,0,,LOW
1398263,2,9.3,Sri Lanka,South Africa,AC Jayangani,H Madavi,N Mlaba,6,0,,HIGH
1398263,2,9.4,Sri Lanka,South Africa,AC Jayangani,H Madavi,N Mlaba,6,0,,HIGH
1398263,2,9.5,Sri Lanka,South Africa,AC Jayangani,H Madavi,N Mlaba,0,0,,LOW
1398263,2,9.6,Sri Lanka,South Africa,AC Jayangani,H Madavi,N Mlaba,2,0,,HIGH
1398263,2,10.1,Sri Lanka,South Africa,H Madavi,AC Jayangani,A Khaka,1,0,,LOW
1398263,2,10.2,Sri Lanka,South Africa,AC Jayangani,H Madavi,A Khaka,0,0,,LOW
1398263,2,10.3,Sri Lanka,South Africa,AC Jayangani,H Madavi,A Khaka,1,0,,LOW
1398263,2,10.4,Sri Lanka,South Africa,H Madavi,AC Jayangani,A Khaka,1,0,,LOW
1398263,2,10.5,Sri Lanka,South Africa,AC Jayangani,H Madavi,A Khaka,6,0,,HIGH
1398263,2,10.6,Sri Lanka,South Africa,AC Jayangani,H Madavi,A Khaka,1,0,,LOW
1398263,2,11.1,Sri Lanka,South Africa,AC Jayangani,H Madavi,E Marx,1,0,,LOW
1398263,2,11.2,Sri Lanka,South Africa,H Madavi,AC Jayangani,E Marx,1,0,,LOW
1398263,2,11.3,Sri Lanka,South Africa,AC Jayangani,H Madavi,E Marx,1,0,,LOW
1398263,2,11.4,Sri Lanka,South Africa,H Madavi,AC Jayangani,E Marx,0,0,,LOW
1398263,2,11.5,Sri Lanka,South Africa,H Madavi,AC Jayangani,E Marx,4,0,,HIGH
1398263,2,11.6,Sri Lanka,South Africa,H Madavi,AC Jayangani,E Marx,1,0,,LOW
1398263,2,12.1,Sri Lanka,South Africa,H Madavi,AC Jayangani,M Kapp,0,0,,LOW
1398263,2,12.2,Sri Lanka,South Africa,H Madavi,AC Jayangani,M Kapp,1,0,,LOW
1398263,2,12.3,Sri Lanka,South Africa,AC Jayangani,H Madavi,M Kapp,0,1,,LOW
1398263,2,12.4,Sri Lanka,South Africa,AC Jayangani,H Madavi,M Kapp,0,0,,LOW
1398263,2,12.5,Sri Lanka,South Africa,AC Jayangani,H Madavi,M Kapp,0,0,bowled,LOW
1398263,2,12.6,Sri Lanka,South Africa,WK Dilhari,H Madavi,M Kapp,1,0,,LOW
1398263,2,12.7,Sri Lanka,South Africa,H Madavi,WK Dilhari,M Kapp,1,0,,LOW
1398263,2,13.1,Sri Lanka,South Africa,H Madavi,WK Dilhari,E Marx,0,1,,LOW
1398263,2,13.2,Sri Lanka,South Africa,H Madavi,WK Dilhari,E Marx,4,0,,HIGH
1398263,2,13.3,Sri Lanka,South Africa,H Madavi,WK Dilhari,E Marx,4,0,,HIGH
1398263,2,13.4,Sri Lanka,South Africa,H Madavi,WK Dilhari,E Marx,1,0,,LOW
1398263,2,13.5,Sri Lanka,South Africa,WK Dilhari,H Madavi,E Marx,0,0,,LOW
1398263,2,13.6,Sri Lanka,South Africa,WK Dilhari,H Madavi,E Marx,0,0,caught,LOW
1398263,2,13.7,Sri Lanka,South Africa,GWHM Perera,H Madavi,E Marx,0,0,,LOW
1398263,2,14.1,Sri Lanka,South Africa,H Madavi,GWHM Perera,TS Sekhukhune,1,0,,LOW
1398263,2,14.2,Sri Lanka,South Africa,GWHM Perera,H Madavi,TS Sekhukhune,0,0,,LOW
1398263,2,14.3,Sri Lanka,South Africa,GWHM Perera,H Madavi,TS Sekhukhune,4,0,,HIGH
1398263,2,14.4,Sri Lanka,South Africa,GWHM Perera,H Madavi,TS Sekhukhune,0,0,,LOW
1398263,2,14.5,Sri Lanka,South Africa,GWHM Perera,H Madavi,TS Sekhukhune,1,0,,LOW
1398263,2,14.6,Sri Lanka,South Africa,H Madavi,GWHM Perera,TS Sekhukhune,1,0,,LOW
1398263,2,15.1,Sri Lanka,South Africa,H Madavi,GWHM Perera,A Khaka,2,0,,HIGH
1398263,2,15.2,Sri Lanka,South Africa,H Madavi,GWHM Perera,A Khaka,2,0,,HIGH
1398263,2,15.3,Sri Lanka,South Africa,H Madavi,GWHM Perera,A Khaka,0,1,,LOW
1398263,2,15.4,Sri Lanka,South Africa,GWHM Perera,H Madavi,A Khaka,0,0,,LOW
1398263,2,15.5,Sri Lanka,South Africa,GWHM Perera,H Madavi,A Khaka,4,0,,HIGH
1398263,2,15.6,Sri Lanka,South Africa,GWHM Perera,H Madavi,A Khaka,0,0,,LOW
1398263,2,16.1,Sri Lanka,South Africa,H Madavi,GWHM Perera,N de Klerk,1,0,,LOW
1398263,2,16.2,Sri Lanka,South Africa,GWHM Perera,H Madavi,N de Klerk,1,0,,LOW
1398263,2,16.3,Sri Lanka,South Africa,H Madavi,GWHM Perera,N de Klerk,1,0,,LOW
1398263,2,16.4,Sri Lanka,South Africa,GWHM Perera,H Madavi,N de Klerk,0,1,,LOW
1398263,2,16.5,Sri Lanka,South Africa,H Madavi,GWHM Perera,N de Klerk,1,0,,LOW
1398263,2,16.6,Sri Lanka,South Africa,GWHM Perera,H Madavi,N de Klerk,0,0,,LOW
1398263,2,17.1,Sri Lanka,South Africa,H Madavi,GWHM Perera,TS Sekhukhune,1,0,,LOW
1398263,2,17.2,Sri Lanka,South Africa,GWHM Perera,H Madavi,TS Sekhukhune,0,0,bowled,LOW
1398263,2,17.3,Sri Lanka,South Africa,NND de Silva,H Madavi,TS Sekhukhune,4,0,,HIGH
1398263,2,17.4,Sri Lanka,South Africa,NND de Silva,H Madavi,TS Sekhukhune,0,0,,LOW
1398263,2,17.5,Sri Lanka,South Africa,NND de Silva,H Madavi,TS Sekhukhune,4,0,,HIGH
1398263,2,17.6,Sri Lanka,South Africa,NND de Silva,H Madavi,TS Sekhukhune,0,0,,LOW
1398263,2,18.1,Sri Lanka,South Africa,H Madavi,NND de Silva,N de Klerk,6,0,,HIGH
1398263,2,18.2,Sri Lanka,South Africa,H Madavi,NND de Silva,N de Klerk,0,1,,LOW
1398263,2,18.3,Sri Lanka,South Africa,NND de Silva,H Madavi,N de Klerk,4,0,,HIGH
1398263,2,18.4,Sri Lanka,South Africa,NND de Silva,H Madavi,N de Klerk,0,0,bowled,LOW
1398263,2,18.5,Sri Lanka,South Africa,MAA Sanjeewani,H Madavi,N de Klerk,0,0,bowled,LOW
1398263,2,18.6,Sri Lanka,South Africa,BMSM Kumari,H Madavi,N de Klerk,0,0,,LOW
1398263,2,19.1,Sri Lanka,South Africa,H Madavi,BMSM Kumari,A Khaka,1,0,,LOW
1268190,1,0.1,Malta,Belgium,Zeeshan Khan,HS Gericke,NSK Mehta,0,3,,LOW
1268190,1,0.2,Malta,Belgium,Zeeshan Khan,HS Gericke,NSK Mehta,0,0,,LOW
1268190,1,0.3,Malta,Belgium,Zeeshan Khan,HS Gericke,NSK Mehta,4,0,,HIGH
1268190,1,0.4,Malta,Belgium,Zeeshan Khan,HS Gericke,NSK Mehta,0,0,lbw,LOW
1268190,1,0.5,Malta,Belgium,SSM Stanislaus,HS Gericke,NSK Mehta,1,0,,LOW
1268190,1,0.6,Malta,Belgium,HS Gericke,SSM Stanislaus,NSK Mehta,0,0,,LOW
1268190,1,0.7,Malta,Belgium,HS Gericke,SSM Stanislaus,NSK Mehta,4,0,,HIGH
1268190,1,1.1,Malta,Belgium,SSM Stanislaus,HS Gericke,Ashiqullah Said,0,0,,LOW
1268190,1,1.2,Malta,Belgium,SSM Stanislaus,HS Gericke,Ashiqullah Said,0,0,run out,LOW
1268190,1,1.3,Malta,Belgium,SSM Stanislaus,B Arora,Ashiqullah Said,0,0,,LOW
1268190,1,1.4,Malta,Belgium,SSM Stanislaus,B Arora,Ashiqullah Said,0,0,,LOW
1268190,1,1.5,Malta,Belgium,SSM Stanislaus,B Arora,Ashiqullah Said,0,0,,LOW
1268190,1,1.6,Malta,Belgium,SSM Stanislaus,B Arora,Ashiqullah Said,4,0,,HIGH
1268190,1,2.1,Malta,Belgium,B Arora,SSM Stanislaus,Khalid Ahmadi,0,1,,LOW
1268190,1,2.2,Malta,Belgium,B Arora,SSM Stanislaus,Khalid Ahmadi,0,1,,LOW
1268190,1,2.3,Malta,Belgium,B Arora,SSM Stanislaus,Khalid Ahmadi,0,0,caught,LOW
1268190,1,2.4,Malta,Belgium,Amar Sharma,SSM Stanislaus,Khalid Ahmadi,0,0,,LOW
1268190,1,2.5,Malta,Belgium,Amar Sharma,SSM Stanislaus,Khalid Ahmadi,0,0,,LOW
1268190,1,2.6,Malta,Belgium,Amar Sharma,SSM Stanislaus,Khalid Ahmadi,0,0,,LOW
1268190,1,2.7,Malta,Belgium,Amar Sharma,SSM Stanislaus,Khalid Ahmadi,0,0,,LOW
1268190,1,2.8,Malta,Belgium,Amar Sharma,SSM Stanislaus,Khalid Ahmadi,0,1,,LOW
1268190,1,2.9,Malta,Belgium,Amar Sharma,SSM Stanislaus,Khalid Ahmadi,0,0,,LOW
1268190,1,3.1,Malta,Belgium,SSM Stanislaus,Amar Sharma,Ashiqullah Said,1,0,,LOW
1268190,1,3.2,Malta,Belgium,Amar Sharma,SSM Stanislaus,Ashiqullah Said,1,0,,LOW
1268190,1,3.3,Malta,Belgium,SSM Stanislaus,Amar Sharma,Ashiqullah Said,0,0,,LOW
1268190,1,3.4,Malta,Belgium,SSM Stanislaus,Amar Sharma,Ashiqullah Said,1,0,,LOW
1268190,1,3.5,Malta,Belgium,Amar Sharma,SSM Stanislaus,Ashiqullah Said,0,0,,LOW
1268190,1,3.6,Malta,Belgium,Amar Sharma,SSM Stanislaus,Ashiqullah Said,0,1,,LOW
1268190,1,3.7,Malta,Belgium,Amar Sharma,SSM Stanislaus,Ashiqullah Said,0,0,,LOW
1268190,1,4.1,Malta,Belgium,SSM Stanislaus,Amar Sharma,Khalid Ahmadi,2,0,,HIGH
1268190,1,4.2,Malta,Belgium,SSM Stanislaus,Amar Sharma,Khalid Ahmadi,0,0,,LOW
1268190,1,4.3,Malta,Belgium,SSM Stanislaus,Amar Sharma,Khalid Ahmadi,0,0,,LOW
1268190,1,4.4,Malta,Belgium,SSM Stanislaus,Amar Sharma,Khalid Ahmadi,0,0,,LOW
1268190,1,4.5,Malta,Belgium,SSM Stanislaus,Amar Sharma,Khalid Ahmadi,0,0,,LOW
1268190,1,4.6,Malta,Belgium,SSM Stanislaus,Amar Sharma,Khalid Ahmadi,0,0,,LOW
1268190,1,5.1,Malta,Belgium,Amar Sharma,SSM Stanislaus,Ashiqullah Said,0,0,,LOW
1268190,1,5.2,Malta,Belgium,Amar Sharma,SSM Stanislaus,Ashiqullah Said,1,0,,LOW
1268190,1,5.3,Malta,Belgium,SSM Stanislaus,Amar Sharma,Ashiqullah Said,0,0,,LOW
1268190,1,5.4,Malta,Belgium,SSM Stanislaus,Amar Sharma,Ashiqullah Said,0,0,,LOW
1268190,1,5.5,Malta,Belgium,SSM Stanislaus,Amar Sharma,Ashiqullah Said,1,0,,LOW
1268190,1,5.6,Malta,Belgium,Amar Sharma,SSM Stanislaus,Ashiqullah Said,0,0,,LOW
1268190,1,6.1,Malta,Belgium,SSM Stanislaus,Amar Sharma,B Niaz,4,0,,HIGH
1268190,1,6.2,Malta,Belgium,SSM Stanislaus,Amar Sharma,B Niaz,0,0,,LOW
1268190,1,6.3,Malta,Belgium,SSM Stanislaus,Amar Sharma,B Niaz,2,0,,HIGH
1268190,1,6.4,Malta,Belgium,SSM Stanislaus,Amar Sharma,B Niaz,0,0,,LOW
1268190,1,6.5,Malta,Belgium,SSM Stanislaus,Amar Sharma,B Niaz,1,0,,LOW
1268190,1,6.6,Malta,Belgium,Amar Sharma,SSM Stanislaus,B Niaz,0,0,,LOW
1268190,1,7.1,Malta,Belgium,SSM Stanislaus,Amar Sharma,NSK Mehta,0,0,,LOW
1268190,1,7.2,Malta,Belgium,SSM Stanislaus,Amar Sharma,NSK Mehta,0,0,,LOW
1268190,1,7.3,Malta,Belgium,SSM Stanislaus,Amar Sharma,NSK Mehta,0,0,,LOW
1268190,1,7.4,Malta,Belgium,SSM Stanislaus,Amar Sharma,NSK Mehta,0,0,,LOW
1268190,1,7.5,Malta,Belgium,SSM Stanislaus,Amar Sharma,NSK Mehta,1,0,,LOW
1268190,1,7.6,Malta,Belgium,Amar Sharma,SSM Stanislaus,NSK Mehta,0,0,,LOW
1268190,1,8.1,Malta,Belgium,SSM Stanislaus,Amar Sharma,B Niaz,4,0,,HIGH
1268190,1,8.2,Malta,Belgium,SSM Stanislaus,Amar Sharma,B Niaz,0,0,,LOW
1268190,1,8.3,Malta,Belgium,SSM Stanislaus,Amar Sharma,B Niaz,0,0,,LOW
1268190,1,8.4,Malta,Belgium,SSM Stanislaus,Amar Sharma,B Niaz,1,0,,LOW
1268190,1,8.5,Malta,Belgium,Amar Sharma,SSM Stanislaus,B Niaz,0,0,,LOW
1268190,1,8.6,Malta,Belgium,Amar Sharma,SSM Stanislaus,B Niaz,1,0,,LOW
1268190,1,9.1,Malta,Belgium,Amar Sharma,SSM Stanislaus,NSK Mehta,1,0,,LOW
1268190,1,9.2,Malta,Belgium,SSM Stanislaus,Amar Sharma,NSK Mehta,0,0,,LOW
1268190,1,9.3,Malta,Belgium,SSM Stanislaus,Amar Sharma,NSK Mehta,1,0,,LOW
1268190,1,9.4,Malta,Belgium,Amar Sharma,SSM Stanislaus,NSK Mehta,0,0,,LOW
1268190,1,9.5,Malta,Belgium,Amar Sharma,SSM Stanislaus,NSK Mehta,1,0,,LOW
1268190,1,9.6,Malta,Belgium,SSM Stanislaus,Amar Sharma,NSK Mehta,0,0,,LOW
1268190,1,10.1,Malta,Belgium,Amar Sharma,SSM Stanislaus,B Niaz,0,0,,LOW
1268190,1,10.2,Malta,Belgium,Amar Sharma,SSM Stanislaus,B Niaz,1,0,,LOW
1268190,1,10.3,Malta,Belgium,SSM Stanislaus,Amar Sharma,B Niaz,1,0,,LOW
1268190,1,10.4,Malta,Belgium,Amar Sharma,SSM Stanislaus,B Niaz,1,0,,LOW
1268190,1,10.5,Malta,Belgium,SSM Stanislaus,Amar Sharma,B Niaz,1,0,,LOW
1268190,1,10.6,Malta,Belgium,Amar Sharma,SSM Stanislaus,B Niaz,0,0,,LOW
1268190,1,11.1,Malta,Belgium,SSM Stanislaus,Amar Sharma,NSK Mehta,6,0,,HIGH
1268190,1,11.2,Malta,Belgium,SSM Stanislaus,Amar Sharma,NSK Mehta,2,0,,HIGH
1268190,1,11.3,Malta,Belgium,SSM Stanislaus,Amar Sharma,NSK Mehta,1,0,,LOW
1268190,1,11.4,Malta,Belgium,Amar Sharma,SSM Stanislaus,NSK Mehta,0,0,,LOW
1268190,1,11.5,Malta,Belgium,Amar Sharma,SSM Stanislaus,NSK Mehta,0,0,,LOW
1268190,1,11.6,Malta,Belgium,Amar Sharma,SSM Stanislaus,NSK Mehta,1,0,,LOW
1268190,1,12.1,Malta,Belgium,Amar Sharma,SSM Stanislaus,B Niaz,1,0,,LOW
1268190,1,12.2,Malta,Belgium,SSM Stanislaus,Amar Sharma,B Niaz,0,0,caught,LOW
1268190,1,12.3,Malta,Belgium,Amar Sharma,VP Thamotharam,B Niaz,0,0,,LOW
1268190,1,12.4,Malta,Belgium,Amar Sharma,VP Thamotharam,B Niaz,1,0,,LOW
1268190,1,12.5,Malta,Belgium,VP Thamotharam,Amar Sharma,B Niaz,0,0,,LOW
1268190,1,12.6,Malta,Belgium,VP Thamotharam,Amar Sharma,B Niaz,1,0,,LOW
1268190,1,13.1,Malta,Belgium,VP Thamotharam,Amar Sharma,Sheraz Sheikh,0,0,,LOW
1268190,1,13.2,Malta,Belgium,VP Thamotharam,Amar Sharma,Sheraz Sheikh,0,0,,LOW
1268190,1,13.3,Malta,Belgium,VP Thamotharam,Amar Sharma,Sheraz Sheikh,1,0,,LOW
1268190,1,13.4,Malta,Belgium,Amar Sharma,VP Thamotharam,Sheraz Sheikh,1,0,,LOW
1268190,1,13.5,Malta,Belgium,VP Thamotharam,Amar Sharma,Sheraz Sheikh,1,0,,LOW
1268190,1,13.6,Malta,Belgium,Amar Sharma,VP Thamotharam,Sheraz Sheikh,0,0,caught,LOW
1268190,1,14.1,Malta,Belgium,N Khanna,VP Thamotharam,Saber Zakhil,0,0,,LOW
1268190,1,14.2,Malta,Belgium,N Khanna,VP Thamotharam,Saber Zakhil,1,0,,LOW
1268190,1,14.3,Malta,Belgium,VP Thamotharam,N Khanna,Saber Zakhil,0,0,,LOW
1268190,1,14.4,Malta,Belgium,VP Thamotharam,N Khanna,Saber Zakhil,0,0,,LOW
1268190,1,14.5,Malta,Belgium,VP Thamotharam,N Khanna,Saber Zakhil,1,0,,LOW
1268190,1,14.6,Malta,Belgium,N Khanna,VP Thamotharam,Saber Zakhil,1,0,,LOW
1268190,1,15.1,Malta,Belgium,N Khanna,VP Thamotharam,Sheraz Sheikh,0,0,caught,LOW
1268190,1,15.2,Malta,Belgium,VP Thamotharam,Haroon Mughal,Sheraz Sheikh,0,0,caught,LOW
1268190,1,15.3,Malta,Belgium,Bilal Muhammad,Haroon Mughal,Sheraz Sheikh,0,0,,LOW
1268190,1,15.4,Malta,Belgium,Bilal Muhammad,Haroon Mughal,Sheraz Sheikh,1,0,,LOW
1268190,1,15.5,Malta,Belgium,Haroon Mughal,Bilal Muhammad,Sheraz Sheikh,1,0,,LOW
1268190,1,15.6,Malta,Belgium,Bilal Muhammad,Haroon Mughal,Sheraz Sheikh,1,0,,LOW
1268190,1,16.1,Malta,Belgium,Bilal Muhammad,Haroon Mughal,Saber Zakhil,1,0,,LOW
1268190,1,16.2,Malta,Belgium,Haroon Mughal,Bilal Muhammad,Saber Zakhil,0,0,,LOW
1268190,1,16.3,Malta,Belgium,Haroon Mughal,Bilal Muhammad,Saber Zakhil,0,0,,LOW
1268190,1,16.4,Malta,Belgium,Haroon Mughal,Bilal Muhammad,Saber Zakhil,0,0,bowled,LOW
1268190,1,16.5,Malta,Belgium,Washeem Abbas,Bilal Muhammad,Saber Zakhil,0,1,,LOW
1268190,1,16.6,Malta,Belgium,Washeem Abbas,Bilal Muhammad,Saber Zakhil,0,0,,LOW
1268190,1,16.7,Malta,Belgium,Washeem Abbas,Bilal Muhammad,Saber Zakhil,0,0,,LOW
1268190,1,17.1,Malta,Belgium,Bilal Muhammad,Washeem Abbas,Sheraz Sheikh,1,0,,LOW
1268190,1,17.2,Malta,Belgium,Washeem Abbas,Bilal Muhammad,Sheraz Sheikh,6,0,,HIGH
1268190,1,17.3,Malta,Belgium,Washeem Abbas,Bilal Muhammad,Sheraz Sheikh,1,0,,LOW
1268190,1,17.4,Malta,Belgium,Bilal Muhammad,Washeem Abbas,Sheraz Sheikh,6,0,,HIGH
1268190,1,17.5,Malta,Belgium,Bilal Muhammad,Washeem Abbas,Sheraz Sheikh,1,0,,LOW
1268190,1,17.6,Malta,Belgium,Washeem Abbas,Bilal Muhammad,Sheraz Sheikh,1,0,,LOW
1268190,1,18.1,Malta,Belgium,Washeem Abbas,Bilal Muhammad,Khalid Ahmadi,0,0,bowled,LOW
1268190,1,18.2,Malta,Belgium,A Bishnoi,Bilal Muhammad,Khalid Ahmadi,0,1,,LOW
1268190,1,18.3,Malta,Belgium,A Bishnoi,Bilal Muhammad,Khalid Ahmadi,1,0,,LOW
1268190,1,18.4,Malta,Belgium,Bilal Muhammad,A Bishnoi,Khalid Ahmadi,4,0,,HIGH
1268190,1,18.5,Malta,Belgium,Bilal Muhammad,A Bishnoi,Khalid Ahmadi,0,2,,LOW
1268190,1,18.6,Malta,Belgium,Bilal Muhammad,A Bishnoi,Khalid Ahmadi,4,0,,HIGH
1268190,1,18.7,Malta,Belgium,Bilal Muhammad,A Bishnoi,Khalid Ahmadi,2,0,,HIGH
1268190,1,19.1,Malta,Belgium,A Bishnoi,Bilal Muhammad,Ashiqullah Said,0,0,,LOW
1268190,1,19.2,Malta,Belgium,A Bishnoi,Bilal Muhammad,Ashiqullah Said,1,0,,LOW
1268190,1,19.3,Malta,Belgium,Bilal Muhammad,A Bishnoi,Ashiqullah Said,0,1,,LOW
1268190,1,19.4,Malta,Belgium,Bilal Muhammad,A Bishnoi,Ashiqullah Said,1,0,,LOW
1268190,1,19.5,Malta,Belgium,A Bishnoi,Bilal Muhammad,Ashiqullah Said,1,0,,LOW
1268190,1,19.6,Malta,Belgium,Bilal Muhammad,A Bishnoi,Ashiqullah Said,6,0,,HIGH
1268190,1,19.7,Malta,Belgium,Bilal Muhammad,A Bishnoi,Ashiqullah Said,2,0,,HIGH
1268190,2,0.1,Belgium,Malta,Hadisullah Tarakhel,Sazzad Hosen,Bilal Muhammad,4,0,,HIGH
1268190,2,0.2,Belgium,Malta,Hadisullah Tarakhel,Sazzad Hosen,Bilal Muhammad,0,1,,LOW
1268190,2,0.3,Belgium,Malta,Hadisullah Tarakhel,Sazzad Hosen,Bilal Muhammad,0,0,,LOW
1268190,2,0.4,Belgium,Malta,Hadisullah Tarakhel,Sazzad Hosen,Bilal Muhammad,1,0,,LOW
1268190,2,0.5,Belgium,Malta,Sazzad Hosen,Hadisullah Tarakhel,Bilal Muhammad,0,0,,LOW
1268190,2,0.6,Belgium,Malta,Sazzad Hosen,Hadisullah Tarakhel,Bilal Muhammad,0,0,,LOW
1268190,2,0.7,Belgium,Malta,Sazzad Hosen,Hadisullah Tarakhel,Bilal Muhammad,0,0,,LOW
1268190,2,1.1,Belgium,Malta,Hadisullah Tarakhel,Sazzad Hosen,A Bishnoi,6,0,,HIGH
1268190,2,1.2,Belgium,Malta,Hadisullah Tarakhel,Sazzad Hosen,A Bishnoi,0,0,,LOW
1268190,2,1.3,Belgium,Malta,Hadisullah Tarakhel,Sazzad Hosen,A Bishnoi,0,0,caught,LOW
1268190,2,1.4,Belgium,Malta,Sazzad Hosen,S Jamil,A Bishnoi,2,0,,HIGH
1268190,2,1.5,Belgium,Malta,Sazzad Hosen,S Jamil,A Bishnoi,2,0,,HIGH
1268190,2,1.6,Belgium,Malta,Sazzad Hosen,S Jamil,A Bishnoi,4,0,,HIGH
1268190,2,2.1,Belgium,Malta,S Jamil,Sazzad Hosen,Bilal Muhammad,0,0,,LOW
1268190,2,2.2,Belgium,Malta,S Jamil,Sazzad Hosen,Bilal Muhammad,0,0,,LOW
1268190,2,2.3,Belgium,Malta,S Jamil,Sazzad Hosen,Bilal Muhammad,0,0,caught,LOW
1268190,2,2.4,Belgium,Malta,B Niaz,Sazzad Hosen,Bilal Muhammad,0,0,,LOW
1268190,2,2.5,Belgium,Malta,B Niaz,Sazzad Hosen,Bilal Muhammad,0,0,,LOW
1268190,2,2.6,Belgium,Malta,B Niaz,Sazzad Hosen,Bilal Muhammad,1,0,,LOW
1268190,2,3.1,Belgium,Malta,B Niaz,Sazzad Hosen,Washeem Abbas,0,0,,LOW
1268190,2,3.2,Belgium,Malta,B Niaz,Sazzad Hosen,Washeem Abbas,0,0,,LOW
1268190,2,3.3,Belgium,Malta,B Niaz,Sazzad Hosen,Washeem Abbas,0,1,,LOW
1268190,2,3.4,Belgium,Malta,B Niaz,Sazzad Hosen,Washeem Abbas,1,0,,LOW
1268190,2,3.5,Belgium,Malta,Sazzad Hosen,B Niaz,Washeem Abbas,4,0,,HIGH
1268190,2,3.6,Belgium,Malta,Sazzad Hosen,B Niaz,Washeem Abbas,0,0,caught,LOW
1268190,2,3.7,Belgium,Malta,Shaheryar Butt,B Niaz,Washeem Abbas,0,0,,LOW
1268190,2,4.1,Belgium,Malta,B Niaz,Shaheryar Butt,Bilal Muhammad,0,0,,LOW
1268190,2,4.2,Belgium,Malta,B Niaz,Shaheryar Butt,Bilal Muhammad,0,0,,LOW
1268190,2,4.3,Belgium,Malta,B Niaz,Shaheryar Butt,Bilal Muhammad,0,0,,LOW
1268190,2,4.4,Belgium,Malta,B Niaz,Shaheryar Butt,Bilal Muhammad,0,1,,LOW
1268190,2,4.5,Belgium,Malta,B Niaz,Shaheryar Butt,Bilal Muhammad,1,0,,LOW
1268190,2,4.6,Belgium,Malta,Shaheryar Butt,B Niaz,Bilal Muhammad,0,0,caught,LOW
1268190,2,4.7,Belgium,Malta,Mamoon Latif,B Niaz,Bilal Muhammad,4,0,,HIGH
1268190,2,5.1,Belgium,Malta,B Niaz,Mamoon Latif,A Bishnoi,1,0,,LOW
1268190,2,5.2,Belgium,Malta,Mamoon Latif,B Niaz,A Bishnoi,1,0,,LOW
1268190,2,5.3,Belgium,Malta,B Niaz,Mamoon Latif,A Bishnoi,0,0,,LOW
1268190,2,5.4,Belgium,Malta,B Niaz,Mamoon Latif,A Bishnoi,0,0,,LOW
1268190,2,5.5,Belgium,Malta,B Niaz,Mamoon Latif,A Bishnoi,0,0,,LOW
1268190,2,5.6,Belgium,Malta,B Niaz,Mamoon Latif,A Bishnoi,0,1,,LOW
1268190,2,5.7,Belgium,Malta,B Niaz,Mamoon Latif,A Bishnoi,1,0,,LOW
1268190,2,6.1,Belgium,Malta,B Niaz,Mamoon Latif,VP Thamotharam,0,1,,LOW
1268190,2,6.2,Belgium,Malta,B Niaz,Mamoon Latif,VP Thamotharam,0,1,,LOW
1268190,2,6.3,Belgium,Malta,B Niaz,Mamoon Latif,VP Thamotharam,1,0,,LOW
1268190,2,6.4,Belgium,Malta,Mamoon Latif,B Niaz,VP Thamotharam,0,0,,LOW
1268190,2,6.5,Belgium,Malta,Mamoon Latif,B Niaz,VP Thamotharam,0,1,,LOW
1268190,2,6.6,Belgium,Malta,Mamoon Latif,B Niaz,VP Thamotharam,0,0,,LOW
1268190,2,6.7,Belgium,Malta,Mamoon Latif,B Niaz,VP Thamotharam,1,0,,LOW
1268190,2,6.8,Belgium,Malta,B Niaz,Mamoon Latif,VP Thamotharam,0,0,,LOW
1268190,2,6.9,Belgium,Malta,B Niaz,Mamoon Latif,VP Thamotharam,1,0,,LOW
1268190,2,7.1,Belgium,Malta,B Niaz,Mamoon Latif,A Bishnoi,0,0,,LOW
1268190,2,7.2,Belgium,Malta,B Niaz,Mamoon Latif,A Bishnoi,0,0,,LOW
1268190,2,7.3,Belgium,Malta,B Niaz,Mamoon Latif,A Bishnoi,0,0,,LOW
1268190,2,7.4,Belgium,Malta,B Niaz,Mamoon Latif,A Bishnoi,1,0,,LOW
1268190,2,7.5,Belgium,Malta,Mamoon Latif,B Niaz,A Bishnoi,0,0,,LOW
1268190,2,7.6,Belgium,Malta,Mamoon Latif,B Niaz,A Bishnoi,0,0,lbw,LOW
1268190,2,8.1,Belgium,Malta,B Niaz,Saber Zakhil,Amar Sharma,0,0,,LOW
1268190,2,8.2,Belgium,Malta,B Niaz,Saber Zakhil,Amar Sharma,0,0,,LOW
1268190,2,8.3,Belgium,Malta,B Niaz,Saber Zakhil,Amar Sharma,2,0,,HIGH
1268190,2,8.4,Belgium,Malta,B Niaz,Saber Zakhil,Amar Sharma,0,1,,LOW
1268190,2,8.5,Belgium,Malta,B Niaz,Saber Zakhil,Amar Sharma,0,0,,LOW
1268190,2,8.6,Belgium,Malta,B Niaz,Saber Zakhil,Amar Sharma,0,0,,LOW
1268190,2,8.7,Belgium,Malta,B Niaz,Saber Zakhil,Amar Sharma,1,0,,LOW
1268190,2,9.1,Belgium,Malta,B Niaz,Saber Zakhil,A Bishnoi,0,1,,LOW
1268190,2,9.2,Belgium,Malta,B Niaz,Saber Zakhil,A Bishnoi,0,1,,LOW
1268190,2,9.3,Belgium,Malta,Saber Zakhil,B Niaz,A Bishnoi,4,0,,HIGH
1268190,2,9.4,Belgium,Malta,Saber Zakhil,B Niaz,A Bishnoi,0,0,,LOW
1268190,2,9.5,Belgium,Malta,Saber Zakhil,B Niaz,A Bishnoi,1,0,,LOW
1268190,2,9.6,Belgium,Malta,B Niaz,Saber Zakhil,A Bishnoi,0,0,,LOW
1268190,2,9.7,Belgium,Malta,B Niaz,Saber Zakhil,A Bishnoi,0,0,,LOW
1268190,2,10.1,Belgium,Malta,Saber Zakhil,B Niaz,Amar Sharma,6,0,,HIGH
1268190,2,10.2,Belgium,Malta,Saber Zakhil,B Niaz,Amar Sharma,1,0,,LOW
1268190,2,10.3,Belgium,Malta,B Niaz,Saber Zakhil,Amar Sharma,0,2,,LOW
1268190,2,10.4,Belgium,Malta,Saber Zakhil,B Niaz,Amar Sharma,1,0,,LOW
1268190,2,10.5,Belgium,Malta,B Niaz,Saber Zakhil,Amar Sharma,0,0,,LOW
1268190,2,10.6,Belgium,Malta,B Niaz,Saber Zakhil,Amar Sharma,1,0,,LOW
1268190,2,10.7,Belgium,Malta,Saber Zakhil,B Niaz,Amar Sharma,1,0,,LOW
1268190,2,11.1,Belgium,Malta,Saber Zakhil,B Niaz,VP Thamotharam,1,0,,LOW
1268190,2,11.2,Belgium,Malta,B Niaz,Saber Zakhil,VP Thamotharam,0,1,,LOW
1268190,2,11.3,Belgium,Malta,B Niaz,Saber Zakhil,VP Thamotharam,0,0,,LOW
1268190,2,11.4,Belgium,Malta,B Niaz,Saber Zakhil,VP Thamotharam,0,0,,LOW
1268190,2,11.5,Belgium,Malta,B Niaz,Saber Zakhil,VP Thamotharam,0,0,,LOW
1268190,2,11.6,Belgium,Malta,B Niaz,Saber Zakhil,VP Thamotharam,0,0,,LOW
1268190,2,11.7,Belgium,Malta,B Niaz,Saber Zakhil,VP Thamotharam,0,0,,LOW
1268190,2,12.1,Belgium,Malta,Saber Zakhil,B Niaz,Bilal Muhammad,4,0,,HIGH
1268190,2,12.2,Belgium,Malta,Saber Zakhil,B Niaz,Bilal Muhammad,0,0,,LOW
1268190,2,12.3,Belgium,Malta,Saber Zakhil,B Niaz,Bilal Muhammad,1,0,,LOW
1268190,2,12.4,Belgium,Malta,B Niaz,Saber Zakhil,Bilal Muhammad,0,0,,LOW
1268190,2,12.5,Belgium,Malta,B Niaz,Saber Zakhil,Bilal Muhammad,1,0,,LOW
1268190,2,12.6,Belgium,Malta,Saber Zakhil,B Niaz,Bilal Muhammad,2,0,,HIGH
1268190,2,13.1,Belgium,Malta,B Niaz,Saber Zakhil,VP Thamotharam,0,0,,LOW
1268190,2,13.2,Belgium,Malta,B Niaz,Saber Zakhil,VP Thamotharam,1,0,,LOW
1268190,2,13.3,Belgium,Malta,Saber Zakhil,B Niaz,VP Thamotharam,2,0,,HIGH
1268190,2,13.4,Belgium,Malta,Saber Zakhil,B Niaz,VP Thamotharam,0,0,,LOW
1268190,2,13.5,Belgium,Malta,Saber Zakhil,B Niaz,VP Thamotharam,0,0,,LOW
1268190,2,13.6,Belgium,Malta,Saber Zakhil,B Niaz,VP Thamotharam,1,0,,LOW
1268190,2,14.1,Belgium,Malta,Saber Zakhil,B Niaz,Washeem Abbas,6,0,,HIGH
1268190,2,14.2,Belgium,Malta,Saber Zakhil,B Niaz,Washeem Abbas,1,0,,LOW
1268190,2,14.3,Belgium,Malta,B Niaz,Saber Zakhil,Washeem Abbas,0,0,,LOW
1268190,2,14.4,Belgium,Malta,B Niaz,Saber Zakhil,Washeem Abbas,0,0,,LOW
1268190,2,14.5,Belgium,Malta,B Niaz,Saber Zakhil,Washeem Abbas,1,0,,LOW
1268190,2,14.6,Belgium,Malta,Saber Zakhil,B Niaz,Washeem Abbas,0,0,caught,LOW
1268190,2,15.1,Belgium,Malta,B Niaz,Sheraz Sheikh,Amar Sharma,1,0,,LOW
1268190,2,15.2,Belgium,Malta,Sheraz Sheikh,B Niaz,Amar Sharma,1,0,,LOW
1268190,2,15.3,Belgium,Malta,B Niaz,Sheraz Sheikh,Amar Sharma,0,0,,LOW
1268190,2,15.4,Belgium,Malta,B Niaz,Sheraz Sheikh,Amar Sharma,1,0,,LOW
1268190,2,15.5,Belgium,Malta,Sheraz Sheikh,B Niaz,Amar Sharma,0,0,,LOW
1268190,2,15.6,Belgium,Malta,Sheraz Sheikh,B Niaz,Amar Sharma,0,1,,LOW
1268190,2,16.1,Belgium,Malta,Sheraz Sheikh,B Niaz,Washeem Abbas,4,0,,HIGH
1268190,2,16.2,Belgium,Malta,Sheraz Sheikh,B Niaz,Washeem Abbas,1,0,,LOW
1268190,2,16.3,Belgium,Malta,B Niaz,Sheraz Sheikh,Washeem Abbas,1,0,,LOW
1268190,2,16.4,Belgium,Malta,Sheraz Sheikh,B Niaz,Washeem Abbas,1,0,,LOW
1268190,2,16.5,Belgium,Malta,B Niaz,Sheraz Sheikh,Washeem Abbas,1,0,,LOW
1268190,2,16.6,Belgium,Malta,Sheraz Sheikh,B Niaz,Washeem Abbas,2,0,,HIGH
1268190,2,17.1,Belgium,Malta,B Niaz,Sheraz Sheikh,VP Thamotharam,0,0,,LOW
1268190,2,17.2,Belgium,Malta,B Niaz,Sheraz Sheikh,VP Thamotharam,0,0,,LOW
1268190,2,17.3,Belgium,Malta,B Niaz,Sheraz Sheikh,VP Thamotharam,1,0,,LOW
1268190,2,17.4,Belgium,Malta,Sheraz Sheikh,B Niaz,VP Thamotharam,0,0,,LOW
1268190,2,17.5,Belgium,Malta,Sheraz Sheikh,B Niaz,VP Thamotharam,4,0,,HIGH
1268190,2,17.6,Belgium,Malta,Sheraz Sheikh,B Niaz,VP Thamotharam,1,0,,LOW
1268190,2,18.1,Belgium,Malta,Sheraz Sheikh,B Niaz,Amar Sharma,0,0,,LOW
1268190,2,18.2,Belgium,Malta,Sheraz Sheikh,B Niaz,Amar Sharma,0,0,,LOW
1268190,2,18.3,Belgium,Malta,Sheraz Sheikh,B Niaz,Amar Sharma,4,0,,HIGH
1268190,2,18.4,Belgium,Malta,Sheraz Sheikh,B Niaz,Amar Sharma,1,1,,LOW
1257406,1,0.1,Namibia,Uganda,SJ Baard,CG Williams,T Bukenya,0,0,,LOW
1257406,1,0.2,Namibia,Uganda,SJ Baard,CG Williams,T Bukenya,0,0,,LOW
1257406,1,0.3,Namibia,Uganda,SJ Baard,CG Williams,T Bukenya,0,0,,LOW
1257406,1,0.4,Namibia,Uganda,SJ Baard,CG Williams,T Bukenya,0,0,,LOW
1257406,1,0.5,Namibia,Uganda,SJ Baard,CG Williams,T Bukenya,2,0,,HIGH
1257406,1,0.6,Namibia,Uganda,SJ Baard,CG Williams,T Bukenya,1,0,,LOW
1257406,1,1.1,Namibia,Uganda,SJ Baard,CG Williams,J Sebanja,4,0,,HIGH
1257406,1,1.2,Namibia,Uganda,SJ Baard,CG Williams,J Sebanja,0,0,,LOW
1257406,1,1.3,Namibia,Uganda,SJ Baard,CG Williams,J Sebanja,1,0,,LOW
1257406,1,1.4,Namibia,Uganda,CG Williams,SJ Baard,J Sebanja,4,0,,HIGH
1257406,1,1.5,Namibia,Uganda,CG Williams,SJ Baard,J Sebanja,4,0,,HIGH
1257406,1,1.6,Namibia,Uganda,CG Williams,SJ Baard,J Sebanja,1,0,,LOW
1257406,1,2.1,Namibia,Uganda,CG Williams,SJ Baard,T Bukenya,0,1,,LOW
1257406,1,2.2,Namibia,Uganda,CG Williams,SJ Baard,T Bukenya,0,0,,LOW
1257406,1,2.3,Namibia,Uganda,CG Williams,SJ Baard,T Bukenya,4,0,,HIGH
1257406,1,2.4,Namibia,Uganda,CG Williams,SJ Baard,T Bukenya,4,0,,HIGH
1257406,1,2.5,Namibia,Uganda,CG Williams,SJ Baard,T Bukenya,4,0,,HIGH
1257406,1,2.6,Namibia,Uganda,CG Williams,SJ Baard,T Bukenya,1,0,,LOW
1257406,1,2.7,Namibia,Uganda,SJ Baard,CG Williams,T Bukenya,0,1,,LOW
1257406,1,2.8,Namibia,Uganda,SJ Baard,CG Williams,T Bukenya,1,0,,LOW
1257406,1,3.1,Namibia,Uganda,SJ Baard,CG Williams,Riazat Ali Shah,2,0,,HIGH
1257406,1,3.2,Namibia,Uganda,SJ Baard,CG Williams,Riazat Ali Shah,2,0,,HIGH
1257406,1,3.3,Namibia,Uganda,SJ Baard,CG Williams,Riazat Ali Shah,1,0,,LOW
1257406,1,3.4,Namibia,Uganda,CG Williams,SJ Baard,Riazat Ali Shah,0,0,,LOW
1257406,1,3.5,Namibia,Uganda,CG Williams,SJ Baard,Riazat Ali Shah,4,0,,HIGH
1257406,1,3.6,Namibia,Uganda,CG Williams,SJ Baard,Riazat Ali Shah,0,0,,LOW
1257406,1,4.1,Namibia,Uganda,SJ Baard,CG Williams,H Ssenyondo,1,0,,LOW
1257406,1,4.2,Namibia,Uganda,CG Williams,SJ Baard,H Ssenyondo,1,0,,LOW
1257406,1,4.3,Namibia,Uganda,SJ Baard,CG Williams,H Ssenyondo,2,0,,HIGH
1257406,1,4.4,Namibia,Uganda,SJ Baard,CG Williams,H Ssenyondo,0,0,,LOW
1257406,1,4.5,Namibia,Uganda,SJ Baard,CG Williams,H Ssenyondo,2,0,,HIGH
1257406,1,4.6,Namibia,Uganda,SJ Baard,CG Williams,H Ssenyondo,0,0,,LOW
1257406,1,5.1,Namibia,Uganda,CG Williams,SJ Baard,Riazat Ali Shah,4,0,,HIGH
1257406,1,5.2,Namibia,Uganda,CG Williams,SJ Baard,Riazat Ali Shah,4,0,,HIGH
1257406,1,5.3,Namibia,Uganda,CG Williams,SJ Baard,Riazat Ali Shah,0,0,,LOW
1257406,1,5.4,Namibia,Uganda,CG Williams,SJ Baard,Riazat Ali Shah,0,0,,LOW
1257406,1,5.5,Namibia,Uganda,CG Williams,SJ Baard,Riazat Ali Shah,1,0,,LOW
1257406,1,5.6,Namibia,Uganda,SJ Baard,CG Williams,Riazat Ali Shah,1,0,,LOW
1257406,1,6.1,Namibia,Uganda,SJ Baard,CG Williams,H Ssenyondo,0,0,,LOW
1257406,1,6.2,Namibia,Uganda,SJ Baard,CG Williams,H Ssenyondo,1,0,,LOW
1257406,1,6.3,Namibia,Uganda,CG Williams,SJ Baard,H Ssenyondo,0,0,,LOW
1257406,1,6.4,Namibia,Uganda,CG Williams,SJ Baard,H Ssenyondo,4,0,,HIGH
1257406,1,6.5,Namibia,Uganda,CG Williams,SJ Baard,H Ssenyondo,1,0,,LOW
1257406,1,6.6,Namibia,Uganda,SJ Baard,CG Williams,H Ssenyondo,2,0,,HIGH
1257406,1,7.1,Namibia,Uganda,CG Williams,SJ Baard,DM Nakrani,1,0,,LOW
1257406,1,7.2,Namibia,Uganda,SJ Baard,CG Williams,DM Nakrani,0,0,bowled,LOW
1257406,1,7.3,Namibia,Uganda,JP Kotze,CG Williams,DM Nakrani,1,0,,LOW
1257406,1,7.4,Namibia,Uganda,CG Williams,JP Kotze,DM Nakrani,2,0,,HIGH
1257406,1,7.5,Namibia,Uganda,CG Williams,JP Kotze,DM Nakrani,1,0,,LOW
1257406,1,7.6,Namibia,Uganda,JP Kotze,CG Williams,DM Nakrani,0,0,,LOW
1257406,1,8.1,Namibia,Uganda,CG Williams,JP Kotze,J Sebanja,4,0,,HIGH
1257406,1,8.2,Namibia,Uganda,CG Williams,JP Kotze,J Sebanja,1,0,,LOW
1257406,1,8.3,Namibia,Uganda,JP Kotze,CG Williams,J Sebanja,1,0,,LOW
1257406,1,8.4,Namibia,Uganda,CG Williams,JP Kotze,J Sebanja,0,0,,LOW
1257406,1,8.5,Namibia,Uganda,CG Williams,JP Kotze,J Sebanja,0,0,,LOW
1257406,1,8.6,Namibia,Uganda,CG Williams,JP Kotze,J Sebanja,1,0,,LOW
1257406,1,9.1,Namibia,Uganda,CG Williams,JP Kotze,DM Nakrani,1,0,,LOW
1257406,1,9.2,Namibia,Uganda,JP Kotze,CG Williams,DM Nakrani,1,0,,LOW
1257406,1,9.3,Namibia,Uganda,CG Williams,JP Kotze,DM Nakrani,0,1,,LOW
1257406,1,9.4,Namibia,Uganda,JP Kotze,CG Williams,DM Nakrani,1,0,,LOW
1257406,1,9.5,Namibia,Uganda,CG Williams,JP Kotze,DM Nakrani,4,0,,HIGH
1257406,1,9.6,Namibia,Uganda,CG Williams,JP Kotze,DM Nakrani,1,0,,LOW
1257406,1,10.1,Namibia,Uganda,CG Williams,JP Kotze,H Ssenyondo,1,0,,LOW
1257406,1,10.2,Namibia,Uganda,JP Kotze,CG Williams,H Ssenyondo,0,0,,LOW
1257406,1,10.3,Namibia,Uganda,JP Kotze,CG Williams,H Ssenyondo,0,1,,LOW
1257406,1,10.4,Namibia,Uganda,JP Kotze,CG Williams,H Ssenyondo,0,0,,LOW
1257406,1,10.5,Namibia,Uganda,JP Kotze,CG Williams,H Ssenyondo,0,0,,LOW
1257406,1,10.6,Namibia,Uganda,JP Kotze,CG Williams,H Ssenyondo,0,0,,LOW
1257406,1,10.7,Namibia,Uganda,JP Kotze,CG Williams,H Ssenyondo,2,0,,HIGH
1257406,1,11.1,Namibia,Uganda,CG Williams,JP Kotze,K Waiswa,2,0,,HIGH
1257406,1,11.2,Namibia,Uganda,CG Williams,JP Kotze,K Waiswa,0,0,,LOW
1257406,1,11.3,Namibia,Uganda,CG Williams,JP Kotze,K Waiswa,0,1,,LOW
1257406,1,11.4,Namibia,Uganda,CG Williams,JP Kotze,K Waiswa,0,0,,LOW
1257406,1,11.5,Namibia,Uganda,CG Williams,JP Kotze,K Waiswa,0,0,,LOW
1257406,1,11.6,Namibia,Uganda,CG Williams,JP Kotze,K Waiswa,2,0,,HIGH
1257406,1,11.7,Namibia,Uganda,CG Williams,JP Kotze,K Waiswa,1,0,,LOW
1257406,1,12.1,Namibia,Uganda,CG Williams,JP Kotze,H Ssenyondo,1,0,,LOW
1257406,1,12.2,Namibia,Uganda,JP Kotze,CG Williams,H Ssenyondo,2,0,,HIGH
1257406,1,12.3,Namibia,Uganda,JP Kotze,CG Williams,H Ssenyondo,2,0,,HIGH
1257406,1,12.4,Namibia,Uganda,JP Kotze,CG Williams,H Ssenyondo,1,0,,LOW
1257406,1,12.5,Namibia,Uganda,CG Williams,JP Kotze,H Ssenyondo,1,0,,LOW
1257406,1,12.6,Namibia,Uganda,JP Kotze,CG Williams,H Ssenyondo,1,0,,LOW
1257406,1,13.1,Namibia,Uganda,JP Kotze,CG Williams,K Waiswa,0,0,,LOW
1257406,1,13.2,Namibia,Uganda,JP Kotze,CG Williams,K Waiswa,0,2,,LOW
1257406,1,13.3,Namibia,Uganda,CG Williams,JP Kotze,K Waiswa,2,0,,HIGH
1257406,1,13.4,Namibia,Uganda,CG Williams,JP Kotze,K Waiswa,2,0,,HIGH
1257406,1,13.5,Namibia,Uganda,CG Williams,JP Kotze,K Waiswa,1,0,,LOW
1257406,1,13.6,Namibia,Uganda,JP Kotze,CG Williams,K Waiswa,4,0,,HIGH
1257406,1,13.7,Namibia,Uganda,JP Kotze,CG Williams,K Waiswa,0,0,,LOW
1257406,1,14.1,Namibia,Uganda,CG Williams,JP Kotze,DM Nakrani,0,1,,LOW
1257406,1,14.2,Namibia,Uganda,CG Williams,JP Kotze,DM Nakrani,1,0,,LOW
1257406,1,14.3,Namibia,Uganda,JP Kotze,CG Williams,DM Nakrani,0,0,,LOW
1257406,1,14.4,Namibia,Uganda,JP Kotze,CG Williams,DM Nakrani,1,0,,LOW
1257406,1,14.5,Namibia,Uganda,CG Williams,JP Kotze,DM Nakrani,4,0,,HIGH
1257406,1,14.6,Namibia,Uganda,CG Williams,JP Kotze,DM Nakrani,0,0,,LOW
1257406,1,14.7,Namibia,Uganda,CG Williams,JP Kotze,DM Nakrani,6,0,,HIGH
1257406,1,15.1,Namibia,Uganda,JP Kotze,CG Williams,K Waiswa,6,0,,HIGH
1257406,1,15.2,Namibia,Uganda,JP Kotze,CG Williams,K Waiswa,0,0,,LOW
1257406,1,15.3,Namibia,Uganda,JP Kotze,CG Williams,K Waiswa,1,0,,LOW
1257406,1,15.4,Namibia,Uganda,CG Williams,JP Kotze,K Waiswa,0,0,caught,LOW
1257406,1,15.5,Namibia,Uganda,JJ Smit,JP Kotze,K Waiswa,1,0,,LOW
1257406,1,15.6,Namibia,Uganda,JP Kotze,JJ Smit,K Waiswa,0,0,,LOW
1257406,1,16.1,Namibia,Uganda,JJ Smit,JP Kotze,T Bukenya,1,0,,LOW
1257406,1,16.2,Namibia,Uganda,JP Kotze,JJ Smit,T Bukenya,0,0,,LOW
1257406,1,16.3,Namibia,Uganda,JP Kotze,JJ Smit,T Bukenya,2,0,,HIGH
1257406,1,16.4,Namibia,Uganda,JP Kotze,JJ Smit,T Bukenya,0,1,,LOW
1257406,1,16.5,Namibia,Uganda,JJ Smit,JP Kotze,T Bukenya,1,0,,LOW
1257406,1,16.6,Namibia,Uganda,JP Kotze,JJ Smit,T Bukenya,1,0,,LOW
1257406,1,17.1,Namibia,Uganda,JP Kotze,JJ Smit,K Waiswa,0,0,,LOW
1257406,1,17.2,Namibia,Uganda,JP Kotze,JJ Smit,K Waiswa,4,0,,HIGH
1257406,1,17.3,Namibia,Uganda,JP Kotze,JJ Smit,K Waiswa,6,0,,HIGH
1257406,1,17.4,Namibia,Uganda,JP Kotze,JJ Smit,K Waiswa,0,0,,LOW
1257406,1,17.5,Namibia,Uganda,JP Kotze,JJ Smit,K Waiswa,0,0,caught,LOW
1257406,1,17.6,Namibia,Uganda,JJ Smit,MG Erasmus,K Waiswa,6,0,,HIGH
1257406,1,18.1,Namibia,Uganda,MG Erasmus,JJ Smit,Riazat Ali Shah,0,0,,LOW
1257406,1,18.2,Namibia,Uganda,MG Erasmus,JJ Smit,Riazat Ali Shah,1,0,,LOW
1257406,1,18.3,Namibia,Uganda,JJ Smit,MG Erasmus,Riazat Ali Shah,6,0,,HIGH
1257406,1,18.4,Namibia,Uganda,JJ Smit,MG Erasmus,Riazat Ali Shah,2,0,,HIGH
1257406,1,18.5,Namibia,Uganda,JJ Smit,MG Erasmus,Riazat Ali Shah,2,0,,HIGH
1257406,1,18.6,Namibia,Uganda,JJ Smit,MG Erasmus,Riazat Ali Shah,2,0,,HIGH
1257406,1,19.1,Namibia,Uganda,MG Erasmus,JJ Smit,T Bukenya,3,0,,HIGH
1257406,1,19.2,Namibia,Uganda,JJ Smit,MG Erasmus,T Bukenya,4,0,,HIGH
1257406,1,19.3,Namibia,Uganda,JJ Smit,MG Erasmus,T Bukenya,0,0,,LOW
1257406,1,19.4,Namibia,Uganda,JJ Smit,MG Erasmus,T Bukenya,4,0,,HIGH
1257406,1,19.5,Namibia,Uganda,JJ Smit,MG Erasmus,T Bukenya,2,0,,HIGH
1257406,1,19.6,Namibia,Uganda,JJ Smit,MG Erasmus,T Bukenya,4,0,,HIGH
1257406,2,0.1,Uganda,Namibia,RG Mukasa,A Otwani,B Shikongo,0,0,,LOW
1257406,2,0.2,Uganda,Namibia,RG Mukasa,A Otwani,B Shikongo,0,0,,LOW
1257406,2,0.3,Uganda,Namibia,RG Mukasa,A Otwani,B Shikongo,2,0,,HIGH
1257406,2,0.4,Uganda,Namibia,RG Mukasa,A Otwani,B Shikongo,1,0,,LOW
1257406,2,0.5,Uganda,Namibia,A Otwani,RG Mukasa,B Shikongo,0,0,,LOW
1257406,2,0.6,Uganda,Namibia,A Otwani,RG Mukasa,B Shikongo,0,0,,LOW
1257406,2,1.1,Uganda,Namibia,RG Mukasa,A Otwani,T Lungameni,0,0,bowled,LOW
1257406,2,1.2,Uganda,Namibia,Saud Islam,A Otwani,T Lungameni,0,0,,LOW
1257406,2,1.3,Uganda,Namibia,Saud Islam,A Otwani,T Lungameni,2,0,,HIGH
1257406,2,1.4,Uganda,Namibia,Saud Islam,A Otwani,T Lungameni,0,0,,LOW
1257406,2,1.5,Uganda,Namibia,Saud Islam,A Otwani,T Lungameni,0,0,,LOW
1257406,2,1.6,Uganda,Namibia,Saud Islam,A Otwani,T Lungameni,1,0,,LOW
1257406,2,2.1,Uganda,Namibia,Saud Islam,A Otwani,B Shikongo,0,0,,LOW
1257406,2,2.2,Uganda,Namibia,Saud Islam,A Otwani,B Shikongo,0,0,,LOW
1257406,2,2.3,Uganda,Namibia,Saud Islam,A Otwani,B Shikongo,2,0,,HIGH
1257406,2,2.4,Uganda,Namibia,Saud Islam,A Otwani,B Shikongo,4,0,,HIGH
1257406,2,2.5,Uganda,Namibia,Saud Islam,A Otwani,B Shikongo,1,0,,LOW
1257406,2,2.6,Uganda,Namibia,A Otwani,Saud Islam,B Shikongo,0,0,,LOW
1257406,2,3.1,Uganda,Namibia,Saud Islam,A Otwani,T Lungameni,0,0,caught,LOW
1257406,2,3.2,Uganda,Namibia,Riazat Ali Shah,A Otwani,T Lungameni,0,0,,LOW
1257406,2,3.3,Uganda,Namibia,Riazat Ali Shah,A Otwani,T Lungameni,6,0,,HIGH
1257406,2,3.4,Uganda,Namibia,Riazat Ali Shah,A Otwani,T Lungameni,1,0,,LOW
1257406,2,3.5,Uganda,Namibia,A Otwani,Riazat Ali Shah,T Lungameni,0,0,,LOW
1257406,2,3.6,Uganda,Namibia,A Otwani,Riazat Ali Shah,T Lungameni,0,0,,LOW
1257406,2,4.1,Uganda,Namibia,Riazat Ali Shah,A Otwani,CG Williams,1,0,,LOW
1257406,2,4.2,Uganda,Namibia,A Otwani,Riazat Ali Shah,CG Williams,0,0,,LOW
1257406,2,4.3,Uganda,Namibia,A Otwani,Riazat Ali Shah,CG Williams,4,0,,HIGH
1257406,2,4.4,Uganda,Namibia,A Otwani,Riazat Ali Shah,CG Williams,0,0,,LOW
1257406,2,4.5,Uganda,Namibia,A Otwani,Riazat Ali Shah,CG Williams,1,0,,LOW
1257406,2,4.6,Uganda,Namibia,Riazat Ali Shah,A Otwani,CG Williams,0,0,,LOW
1257406,2,5.1,Uganda,Namibia,A Otwani,Riazat Ali Shah,JN Frylinck,0,0,,LOW
1257406,2,5.2,Uganda,Namibia,A Otwani,Riazat Ali Shah,JN Frylinck,1,0,,LOW
1257406,2,5.3,Uganda,Namibia,Riazat Ali Shah,A Otwani,JN Frylinck,1,0,,LOW
1257406,2,5.4,Uganda,Namibia,A Otwani,Riazat Ali Shah,JN Frylinck,0,0,,LOW
1257406,2,5.5,Uganda,Namibia,A Otwani,Riazat Ali Shah,JN Frylinck,0,0,,LOW
1257406,2,5.6,Uganda,Namibia,A Otwani,Riazat Ali Shah,JN Frylinck,1,0,,LOW
1257406,2,6.1,Uganda,Namibia,A Otwani,Riazat Ali Shah,CG Williams,1,0,,LOW
1257406,2,6.2,Uganda,Namibia,Riazat Ali Shah,A Otwani,CG Williams,6,0,,HIGH
1257406,2,6.3,Uganda,Namibia,Riazat Ali Shah,A Otwani,CG Williams,1,0,,LOW
1257406,2,6.4,Uganda,Namibia,A Otwani,Riazat Ali Shah,CG Williams,1,0,,LOW
1257406,2,6.5,Uganda,Namibia,Riazat Ali Shah,A Otwani,CG Williams,1,0,,LOW
1257406,2,6.6,Uganda,Namibia,A Otwani,Riazat Ali Shah,CG Williams,1,0,,LOW
1257406,2,7.1,Uganda,Namibia,A Otwani,Riazat Ali Shah,BM Scholtz,1,0,,LOW
1257406,2,7.2,Uganda,Namibia,Riazat Ali Shah,A Otwani,BM Scholtz,1,0,,LOW
1257406,2,7.3,Uganda,Namibia,A Otwani,Riazat Ali Shah,BM Scholtz,4,0,,HIGH
1257406,2,7.4,Uganda,Namibia,A Otwani,Riazat Ali Shah,BM Scholtz,0,1,,LOW
1257406,2,7.5,Uganda,Namibia,A Otwani,Riazat Ali Shah,BM Scholtz,0,0,,LOW
1257406,2,7.6,Uganda,Namibia,A Otwani,Riazat Ali Shah,BM Scholtz,0,0,,LOW
1257406,2,7.7,Uganda,Namibia,A Otwani,Riazat Ali Shah,BM Scholtz,1,0,,LOW
1257406,2,8.1,Uganda,Namibia,A Otwani,Riazat Ali Shah,JN Frylinck,2,0,,HIGH
1257406,2,8.2,Uganda,Namibia,A Otwani,Riazat Ali Shah,JN Frylinck,1,0,,LOW
1257406,2,8.3,Uganda,Namibia,Riazat Ali Shah,A Otwani,JN Frylinck,1,0,,LOW
1257406,2,8.4,Uganda,Namibia,A Otwani,Riazat Ali Shah,JN Frylinck,0,0,,LOW
1257406,2,8.5,Uganda,Namibia,A Otwani,Riazat Ali Shah,JN Frylinck,2,0,,HIGH
1257406,2,8.6,Uganda,Namibia,A Otwani,Riazat Ali Shah,JN Frylinck,0,0,,LOW
1257406,2,9.1,Uganda,Namibia,Riazat Ali Shah,A Otwani,BM Scholtz,4,0,,HIGH
1257406,2,9.2,Uganda,Namibia,Riazat Ali Shah,A Otwani,BM Scholtz,1,0,,LOW
1257406,2,9.3,Uganda,Namibia,A Otwani,Riazat Ali Shah,BM Scholtz,0,0,,LOW
1257406,2,9.4,Uganda,Namibia,A Otwani,Riazat Ali Shah,BM Scholtz,0,0,stumped,LOW
1257406,2,9.5,Uganda,Namibia,DM Nakrani,Riazat Ali Shah,BM Scholtz,6,0,,HIGH
1257406,2,9.6,Uganda,Namibia,DM Nakrani,Riazat Ali Shah,BM Scholtz,1,0,,LOW
1257406,2,10.1,Uganda,Namibia,DM Nakrani,Riazat Ali Shah,CG Williams,1,0,,LOW
1257406,2,10.2,Uganda,Namibia,Riazat Ali Shah,DM Nakrani,CG Williams,1,0,,LOW
1257406,2,10.3,Uganda,Namibia,DM Nakrani,Riazat Ali Shah,CG Williams,0,0,,LOW
1257406,2,10.4,Uganda,Namibia,DM Nakrani,Riazat Ali Shah,CG Williams,0,0,,LOW
1257406,2,10.5,Uganda,Namibia,DM Nakrani,Riazat Ali Shah,CG Williams,0,0,,LOW
1257406,2,10.6,Uganda,Namibia,DM Nakrani,Riazat Ali Shah,CG Williams,0,0,,LOW
1257406,2,11.1,Uganda,Namibia,Riazat Ali Shah,DM Nakrani,T Lungameni,6,0,,HIGH
1257406,2,11.2,Uganda,Namibia,Riazat Ali Shah,DM Nakrani,T Lungameni,1,0,,LOW
1257406,2,11.3,Uganda,Namibia,DM Nakrani,Riazat Ali Shah,T Lungameni,0,0,,LOW
1257406,2,11.4,Uganda,Namibia,DM Nakrani,Riazat Ali Shah,T Lungameni,1,0,,LOW
1257406,2,11.5,Uganda,Namibia,Riazat Ali Shah,DM Nakrani,T Lungameni,1,0,,LOW
1257406,2,11.6,Uganda,Namibia,DM Nakrani,Riazat Ali Shah,T Lungameni,1,0,run out,LOW
1257406,2,12.1,Uganda,Namibia,K Waiswa,DM Nakrani,CG Williams,4,0,,HIGH
1257406,2,12.2,Uganda,Namibia,K Waiswa,DM Nakrani,CG Williams,1,0,,LOW
1257406,2,12.3,Uganda,Namibia,DM Nakrani,K Waiswa,CG Williams,1,0,,LOW
1257406,2,12.4,Uganda,Namibia,K Waiswa,DM Nakrani,CG Williams,1,0,,LOW
1257406,2,12.5,Uganda,Namibia,DM Nakrani,K Waiswa,CG Williams,1,0,,LOW
1257406,2,12.6,Uganda,Namibia,K Waiswa,DM Nakrani,CG Williams,1,0,,LOW
1257406,2,13.1,Uganda,Namibia,K Waiswa,DM Nakrani,JN Frylinck,0,1,,LOW
1257406,2,13.2,Uganda,Namibia,K Waiswa,DM Nakrani,JN Frylinck,1,0,,LOW
1257406,2,13.3,Uganda,Namibia,DM Nakrani,K Waiswa,JN Frylinck,0,0,caught,LOW
1257406,2,13.4,Uganda,Namibia,K Waiswa,F Akankwasa,JN Frylinck,0,0,lbw,LOW
1257406,2,13.5,Uganda,Namibia,RB Patel,F Akankwasa,JN Frylinck,0,0,,LOW
1257406,2,13.6,Uganda,Namibia,RB Patel,F Akankwasa,JN Frylinck,1,0,,LOW
1257406,2,13.7,Uganda,Namibia,F Akankwasa,RB Patel,JN Frylinck,0,0,,LOW
1257406,2,14.1,Uganda,Namibia,RB Patel,F Akankwasa,JN Loftie-Eaton,4,0,,HIGH
1257406,2,14.2,Uganda,Namibia,RB Patel,F Akankwasa,JN Loftie-Eaton,1,0,,LOW
1257406,2,14.3,Uganda,Namibia,F Akankwasa,RB Patel,JN Loftie-Eaton,0,0,,LOW
1257406,2,14.4,Uganda,Namibia,F Akankwasa,RB Patel,JN Loftie-Eaton,0,0,,LOW
1257406,2,14.5,Uganda,Namibia,F Akankwasa,RB Patel,JN Loftie-Eaton,0,0,,LOW
1257406,2,14.6,Uganda,Namibia,F Akankwasa,RB Patel,JN Loftie-Eaton,1,0,,LOW
1257406,2,15.1,Uganda,Namibia,F Akankwasa,RB Patel,T Lungameni,0,0,lbw,LOW
1257406,2,15.2,Uganda,Namibia,J Sebanja,RB Patel,T Lungameni,1,0,,LOW
1257406,2,15.3,Uganda,Namibia,RB Patel,J Sebanja,T Lungameni,0,0,,LOW
1257406,2,15.4,Uganda,Namibia,RB Patel,J Sebanja,T Lungameni,4,0,,HIGH
1257406,2,15.5,Uganda,Namibia,RB Patel,J Sebanja,T Lungameni,4,0,,HIGH
1257406,2,15.6,Uganda,Namibia,RB Patel,J Sebanja,T Lungameni,0,1,,LOW
1257406,2,15.7,Uganda,Namibia,RB Patel,J Sebanja,T Lungameni,0,0,,LOW
1257406,2,16.1,Uganda,Namibia,J Sebanja,RB Patel,B Shikongo,1,0,,LOW
1257406,2,16.2,Uganda,Namibia,RB Patel,J Sebanja,B Shikongo,1,0,,LOW
1257406,2,16.3,Uganda,Namibia,J Sebanja,RB Patel,B Shikongo,0,0,caught,LOW
1257406,2,16.4,Uganda,Namibia,T Bukenya,RB Patel,B Shikongo,1,0,,LOW
1257406,2,16.5,Uganda,Namibia,RB Patel,T Bukenya,B Shikongo,1,0,,LOW
1257406,2,16.6,Uganda,Namibia,T Bukenya,RB Patel,B Shikongo,0,0,,LOW
1257406,2,17.1,Uganda,Namibia,RB Patel,T Bukenya,BM Scholtz,1,0,,LOW
1257406,2,17.2,Uganda,Namibia,T Bukenya,RB Patel,BM Scholtz,0,0,,LOW
1257406,2,17.3,Uganda,Namibia,T Bukenya,RB Patel,BM Scholtz,1,0,,LOW
1257406,2,17.4,Uganda,Namibia,RB Patel,T Bukenya,BM Scholtz,0,0,stumped,LOW
1257406,2,17.5,Uganda,Namibia,H Ssenyondo,T Bukenya,BM Scholtz,0,0,,LOW
1257406,2,17.6,Uganda,Namibia,H Ssenyondo,T Bukenya,BM Scholtz,1,0,,LOW
1257406,2,18.1,Uganda,Namibia,H Ssenyondo,T Bukenya,B Shikongo,0,0,,LOW
1257406,2,18.2,Uganda,Namibia,H Ssenyondo,T Bukenya,B Shikongo,0,0,,LOW
1257406,2,18.3,Uganda,Namibia,H Ssenyondo,T Bukenya,B Shikongo,1,0,,LOW
1257406,2,18.4,Uganda,Namibia,T Bukenya,H Ssenyondo,B Shikongo,0,0,,LOW
1257406,2,18.5,Uganda,Namibia,T Bukenya,H Ssenyondo,B Shikongo,1,0,,LOW
1257406,2,18.6,Uganda,Namibia,H Ssenyondo,T Bukenya,B Shikongo,0,0,,LOW
1257406,2,19.1,Uganda,Namibia,T Bukenya,H Ssenyondo,JN Frylinck,6,0,,HIGH
1257406,2,19.2,Uganda,Namibia,T Bukenya,H Ssenyondo,JN Frylinck,2,0,,HIGH
1257406,2,19.3,Uganda,Namibia,T Bukenya,H Ssenyondo,JN Frylinck,1,0,,LOW
1257406,2,19.4,Uganda,Namibia,H Ssenyondo,T Bukenya,JN Frylinck,0,0,,LOW
1257406,2,19.5,Uganda,Namibia,H Ssenyondo,T Bukenya,JN Frylinck,0,0,,LOW
1257406,2,19.6,Uganda,Namibia,H Ssenyondo,T Bukenya,JN Frylinck,0,0,bowled,LOW
1429397,1,0.1,India,Bangladesh,Shafali Verma,S Mandhana,Fariha Trisna,2,0,,HIGH
1429397,1,0.2,India,Bangladesh,Shafali Verma,S Mandhana,Fariha Trisna,0,0,,LOW
1429397,1,0.3,India,Bangladesh,Shafali Verma,S Mandhana,Fariha Trisna,0,0,,LOW
1429397,1,0.4,India,Bangladesh,Shafali Verma,S Mandhana,Fariha Trisna,1,0,,LOW
1429397,1,0.5,India,Bangladesh,S Mandhana,Shafali Verma,Fariha Trisna,1,0,,LOW
1429397,1,0.6,India,Bangladesh,Shafali Verma,S Mandhana,Fariha Trisna,0,0,,LOW
1429397,1,1.1,India,Bangladesh,S Mandhana,Shafali Verma,Sultana Khatun,1,0,,LOW
1429397,1,1.2,India,Bangladesh,Shafali Verma,S Mandhana,Sultana Khatun,4,0,,HIGH
1429397,1,1.3,India,Bangladesh,Shafali Verma,S Mandhana,Sultana Khatun,0,0,,LOW
1429397,1,1.4,India,Bangladesh,Shafali Verma,S Mandhana,Sultana Khatun,1,0,,LOW
1429397,1,1.5,India,Bangladesh,S Mandhana,Shafali Verma,Sultana Khatun,0,0,,LOW
1429397,1,1.6,India,Bangladesh,S Mandhana,Shafali Verma,Sultana Khatun,1,0,,LOW
1429397,1,2.1,India,Bangladesh,S Mandhana,Shafali Verma,Fariha Trisna,4,0,,HIGH
1429397,1,2.2,India,Bangladesh,S Mandhana,Shafali Verma,Fariha Trisna,0,0,,LOW
1429397,1,2.3,India,Bangladesh,S Mandhana,Shafali Verma,Fariha Trisna,1,0,,LOW
1429397,1,2.4,India,Bangladesh,Shafali Verma,S Mandhana,Fariha Trisna,0,0,,LOW
1429397,1,2.5,India,Bangladesh,Shafali Verma,S Mandhana,Fariha Trisna,0,1,,LOW
1429397,1,2.6,India,Bangladesh,Shafali Verma,S Mandhana,Fariha Trisna,1,0,,LOW
1429397,1,2.7,India,Bangladesh,S Mandhana,Shafali Verma,Fariha Trisna,1,0,,LOW
1429397,1,3.1,India,Bangladesh,S Mandhana,Shafali Verma,Shorifa Khatun,0,0,,LOW
1429397,1,3.2,India,Bangladesh,S Mandhana,Shafali Verma,Shorifa Khatun,1,0,,LOW
1429397,1,3.3,India,Bangladesh,Shafali Verma,S Mandhana,Shorifa Khatun,4,0,,HIGH
1429397,1,3.4,India,Bangladesh,Shafali Verma,S Mandhana,Shorifa Khatun,0,0,,LOW
1429397,1,3.5,India,Bangladesh,Shafali Verma,S Mandhana,Shorifa Khatun,1,0,,LOW
1429397,1,3.6,India,Bangladesh,S Mandhana,Shafali Verma,Shorifa Khatun,0,0,,LOW
1429397,1,4.1,India,Bangladesh,Shafali Verma,S Mandhana,Sultana Khatun,0,0,caught,LOW
1429397,1,4.2,India,Bangladesh,D Hemalatha,S Mandhana,Sultana Khatun,0,0,,LOW
1429397,1,4.3,India,Bangladesh,D Hemalatha,S Mandhana,Sultana Khatun,1,0,,LOW
1429397,1,4.4,India,Bangladesh,S Mandhana,D Hemalatha,Sultana Khatun,6,0,,HIGH
1429397,1,4.5,India,Bangladesh,S Mandhana,D Hemalatha,Sultana Khatun,4,0,,HIGH
1429397,1,4.6,India,Bangladesh,S Mandhana,D Hemalatha,Sultana Khatun,1,0,,LOW
1429397,1,5.1,India,Bangladesh,S Mandhana,D Hemalatha,Shorifa Khatun,4,0,,HIGH
1429397,1,5.2,India,Bangladesh,S Mandhana,D Hemalatha,Shorifa Khatun,0,0,,LOW
1429397,1,5.3,India,Bangladesh,S Mandhana,D Hemalatha,Shorifa Khatun,0,4,,LOW
1429397,1,5.4,India,Bangladesh,S Mandhana,D Hemalatha,Shorifa Khatun,0,2,,LOW
1429397,1,5.5,India,Bangladesh,D Hemalatha,S Mandhana,Shorifa Khatun,0,0,,LOW
1429397,1,5.6,India,Bangladesh,D Hemalatha,S Mandhana,Shorifa Khatun,4,0,,HIGH
1429397,1,5.7,India,Bangladesh,D Hemalatha,S Mandhana,Shorifa Khatun,0,0,,LOW
1429397,1,6.1,India,Bangladesh,S Mandhana,D Hemalatha,Rabeya Khan,1,0,,LOW
1429397,1,6.2,India,Bangladesh,D Hemalatha,S Mandhana,Rabeya Khan,0,0,,LOW
1429397,1,6.3,India,Bangladesh,D Hemalatha,S Mandhana,Rabeya Khan,1,0,,LOW
1429397,1,6.4,India,Bangladesh,S Mandhana,D Hemalatha,Rabeya Khan,0,0,,LOW
1429397,1,6.5,India,Bangladesh,S Mandhana,D Hemalatha,Rabeya Khan,2,0,,HIGH
1429397,1,6.6,India,Bangladesh,S Mandhana,D Hemalatha,Rabeya Khan,4,0,,HIGH
1429397,1,7.1,India,Bangladesh,D Hemalatha,S Mandhana,Nahida Akter,1,0,,LOW
1429397,1,7.2,India,Bangladesh,S Mandhana,D Hemalatha,Nahida Akter,0,0,,LOW
1429397,1,7.3,India,Bangladesh,S Mandhana,D Hemalatha,Nahida Akter,0,0,,LOW
1429397,1,7.4,India,Bangladesh,S Mandhana,D Hemalatha,Nahida Akter,1,0,,LOW
1429397,1,7.5,India,Bangladesh,D Hemalatha,S Mandhana,Nahida Akter,1,0,,LOW
1429397,1,7.6,India,Bangladesh,S Mandhana,D Hemalatha,Nahida Akter,0,0,lbw,LOW
1429397,1,8.1,India,Bangladesh,D Hemalatha,H Kaur,Rabeya Khan,1,0,,LOW
1429397,1,8.2,India,Bangladesh,H Kaur,D Hemalatha,Rabeya Khan,1,0,,LOW
1429397,1,8.3,India,Bangladesh,D Hemalatha,H Kaur,Rabeya Khan,1,0,,LOW
1429397,1,8.4,India,Bangladesh,H Kaur,D Hemalatha,Rabeya Khan,1,0,,LOW
1429397,1,8.5,India,Bangladesh,D Hemalatha,H Kaur,Rabeya Khan,0,0,,LOW
1429397,1,8.6,India,Bangladesh,D Hemalatha,H Kaur,Rabeya Khan,0,0,,LOW
1429397,1,9.1,India,Bangladesh,H Kaur,D Hemalatha,Nahida Akter,1,0,,LOW
1429397,1,9.2,India,Bangladesh,D Hemalatha,H Kaur,Nahida Akter,1,0,,LOW
1429397,1,9.3,India,Bangladesh,H Kaur,D Hemalatha,Nahida Akter,1,0,,LOW
1429397,1,9.4,India,Bangladesh,D Hemalatha,H Kaur,Nahida Akter,1,0,,LOW
1429397,1,9.5,India,Bangladesh,H Kaur,D Hemalatha,Nahida Akter,0,0,,LOW
1429397,1,9.6,India,Bangladesh,H Kaur,D Hemalatha,Nahida Akter,1,0,,LOW
1429397,1,10.1,India,Bangladesh,H Kaur,D Hemalatha,Ritu Moni,0,0,,LOW
1429397,1,10.2,India,Bangladesh,H Kaur,D Hemalatha,Ritu Moni,1,0,,LOW
1429397,1,10.3,India,Bangladesh,D Hemalatha,H Kaur,Ritu Moni,0,0,,LOW
1429397,1,10.4,India,Bangladesh,D Hemalatha,H Kaur,Ritu Moni,1,0,,LOW
1429397,1,10.5,India,Bangladesh,H Kaur,D Hemalatha,Ritu Moni,0,0,,LOW
1429397,1,10.6,India,Bangladesh,H Kaur,D Hemalatha,Ritu Moni,0,1,,LOW
1429397,1,10.7,India,Bangladesh,H Kaur,D Hemalatha,Ritu Moni,4,0,,HIGH
1429397,1,11.1,India,Bangladesh,D Hemalatha,H Kaur,Rabeya Khan,1,0,,LOW
1429397,1,11.2,India,Bangladesh,H Kaur,D Hemalatha,Rabeya Khan,1,0,,LOW
1429397,1,11.3,India,Bangladesh,D Hemalatha,H Kaur,Rabeya Khan,6,0,,HIGH
1429397,1,11.4,India,Bangladesh,D Hemalatha,H Kaur,Rabeya Khan,1,0,,LOW
1429397,1,11.5,India,Bangladesh,H Kaur,D Hemalatha,Rabeya Khan,1,0,,LOW
1429397,1,11.6,India,Bangladesh,D Hemalatha,H Kaur,Rabeya Khan,4,0,,HIGH
1429397,1,12.1,India,Bangladesh,H Kaur,D Hemalatha,Ritu Moni,4,0,,HIGH
1429397,1,12.2,India,Bangladesh,H Kaur,D Hemalatha,Ritu Moni,1,0,,LOW
1429397,1,12.3,India,Bangladesh,D Hemalatha,H Kaur,Ritu Moni,1,0,,LOW
1429397,1,12.4,India,Bangladesh,H Kaur,D Hemalatha,Ritu Moni,0,0,,LOW
1429397,1,12.5,India,Bangladesh,H Kaur,D Hemalatha,Ritu Moni,4,0,,HIGH
1429397,1,12.6,India,Bangladesh,H Kaur,D Hemalatha,Ritu Moni,4,0,,HIGH
1429397,1,13.1,India,Bangladesh,D Hemalatha,H Kaur,Shorna Akter,1,0,,LOW
1429397,1,13.2,India,Bangladesh,H Kaur,D Hemalatha,Shorna Akter,1,0,,LOW
1429397,1,13.3,India,Bangladesh,D Hemalatha,H Kaur,Shorna Akter,1,0,,LOW
1429397,1,13.4,India,Bangladesh,H Kaur,D Hemalatha,Shorna Akter,0,0,,LOW
1429397,1,13.5,India,Bangladesh,H Kaur,D Hemalatha,Shorna Akter,2,0,,HIGH
1429397,1,13.6,India,Bangladesh,H Kaur,D Hemalatha,Shorna Akter,1,0,,LOW
1429397,1,14.1,India,Bangladesh,H Kaur,D Hemalatha,Nahida Akter,1,0,,LOW
1429397,1,14.2,India,Bangladesh,D Hemalatha,H Kaur,Nahida Akter,6,0,,HIGH
1429397,1,14.3,India,Bangladesh,D Hemalatha,H Kaur,Nahida Akter,2,0,,HIGH
1429397,1,14.4,India,Bangladesh,D Hemalatha,H Kaur,Nahida Akter,1,0,,LOW
1429397,1,14.5,India,Bangladesh,H Kaur,D Hemalatha,Nahida Akter,0,0,,LOW
1429397,1,14.6,India,Bangladesh,H Kaur,D Hemalatha,Nahida Akter,0,0,lbw,LOW
1429397,1,15.1,India,Bangladesh,D Hemalatha,RM Ghosh,Rabeya Khan,0,0,caught,LOW
1429397,1,15.2,India,Bangladesh,S Sajana,RM Ghosh,Rabeya Khan,1,0,,LOW
1429397,1,15.3,India,Bangladesh,RM Ghosh,S Sajana,Rabeya Khan,1,0,,LOW
1429397,1,15.4,India,Bangladesh,S Sajana,RM Ghosh,Rabeya Khan,0,0,,LOW
1429397,1,15.5,India,Bangladesh,S Sajana,RM Ghosh,Rabeya Khan,0,0,lbw,LOW
1429397,1,15.6,India,Bangladesh,DB Sharma,RM Ghosh,Rabeya Khan,0,0,,LOW
1429397,1,16.1,India,Bangladesh,RM Ghosh,DB Sharma,Shorna Akter,1,0,,LOW
1429397,1,16.2,India,Bangladesh,DB Sharma,RM Ghosh,Shorna Akter,1,0,,LOW
1429397,1,16.3,India,Bangladesh,RM Ghosh,DB Sharma,Shorna Akter,1,0,,LOW
1429397,1,16.4,India,Bangladesh,DB Sharma,RM Ghosh,Shorna Akter,1,0,,LOW
1429397,1,16.5,India,Bangladesh,RM Ghosh,DB Sharma,Shorna Akter,0,0,,LOW
1429397,1,16.6,India,Bangladesh,RM Ghosh,DB Sharma,Shorna Akter,1,0,,LOW
1429397,1,17.1,India,Bangladesh,RM Ghosh,DB Sharma,Sultana Khatun,1,0,,LOW
1429397,1,17.2,India,Bangladesh,DB Sharma,RM Ghosh,Sultana Khatun,0,0,,LOW
1429397,1,17.3,India,Bangladesh,DB Sharma,RM Ghosh,Sultana Khatun,1,0,,LOW
1429397,1,17.4,India,Bangladesh,RM Ghosh,DB Sharma,Sultana Khatun,4,0,,HIGH
1429397,1,17.5,India,Bangladesh,RM Ghosh,DB Sharma,Sultana Khatun,0,0,,LOW
1429397,1,17.6,India,Bangladesh,RM Ghosh,DB Sharma,Sultana Khatun,1,0,,LOW
1429397,1,18.1,India,Bangladesh,RM Ghosh,DB Sharma,Shorna Akter,4,0,,HIGH
1429397,1,18.2,India,Bangladesh,RM Ghosh,DB Sharma,Shorna Akter,1,0,,LOW
1429397,1,18.3,India,Bangladesh,DB Sharma,RM Ghosh,Shorna Akter,0,0,,LOW
1429397,1,18.4,India,Bangladesh,DB Sharma,RM Ghosh,Shorna Akter,1,0,,LOW
1429397,1,18.5,India,Bangladesh,RM Ghosh,DB Sharma,Shorna Akter,4,0,,HIGH
1429397,1,18.6,India,Bangladesh,RM Ghosh,DB Sharma,Shorna Akter,1,0,,LOW
1429397,1,19.1,India,Bangladesh,RM Ghosh,DB Sharma,Nahida Akter,1,0,,LOW
1429397,1,19.2,India,Bangladesh,DB Sharma,RM Ghosh,Nahida Akter,1,0,,LOW
1429397,1,19.3,India,Bangladesh,RM Ghosh,DB Sharma,Nahida Akter,6,0,,HIGH
1429397,1,19.4,India,Bangladesh,RM Ghosh,DB Sharma,Nahida Akter,0,0,,LOW
1429397,1,19.5,India,Bangladesh,RM Ghosh,DB Sharma,Nahida Akter,1,0,,LOW
1429397,1,19.6,India,Bangladesh,DB Sharma,RM Ghosh,Nahida Akter,0,0,,LOW
1429397,2,0.1,Bangladesh,India,Dilara Akter,S Mostary,TR Sadhu,0,0,,LOW
1429397,2,0.2,Bangladesh,India,Dilara Akter,S Mostary,TR Sadhu,1,0,,LOW
1429397,2,0.3,Bangladesh,India,S Mostary,Dilara Akter,TR Sadhu,0,0,,LOW
1429397,2,0.4,Bangladesh,India,S Mostary,Dilara Akter,TR Sadhu,1,0,,LOW
1429397,2,0.5,Bangladesh,India,Dilara Akter,S Mostary,TR Sadhu,0,0,,LOW
1429397,2,0.6,Bangladesh,India,Dilara Akter,S Mostary,TR Sadhu,0,0,,LOW
1429397,2,1.1,Bangladesh,India,S Mostary,Dilara Akter,P Vastrakar,4,0,,HIGH
1429397,2,1.2,Bangladesh,India,S Mostary,Dilara Akter,P Vastrakar,4,0,,HIGH
1429397,2,1.3,Bangladesh,India,S Mostary,Dilara Akter,P Vastrakar,0,1,,LOW
1429397,2,1.4,Bangladesh,India,S Mostary,Dilara Akter,P Vastrakar,0,0,,LOW
1429397,2,1.5,Bangladesh,India,S Mostary,Dilara Akter,P Vastrakar,4,0,,HIGH
1429397,2,1.6,Bangladesh,India,S Mostary,Dilara Akter,P Vastrakar,0,1,,LOW
1429397,2,1.7,Bangladesh,India,S Mostary,Dilara Akter,P Vastrakar,0,0,,LOW
1429397,2,1.8,Bangladesh,India,S Mostary,Dilara Akter,P Vastrakar,0,0,,LOW
1429397,2,2.1,Bangladesh,India,Dilara Akter,S Mostary,TR Sadhu,0,0,,LOW
1429397,2,2.2,Bangladesh,India,Dilara Akter,S Mostary,TR Sadhu,2,0,,HIGH
1429397,2,2.3,Bangladesh,India,Dilara Akter,S Mostary,TR Sadhu,1,0,,LOW
1429397,2,2.4,Bangladesh,India,S Mostary,Dilara Akter,TR Sadhu,0,0,caught,LOW
1429397,2,2.5,Bangladesh,India,Rubya Haider,Dilara Akter,TR Sadhu,2,0,,HIGH
1429397,2,2.6,Bangladesh,India,Rubya Haider,Dilara Akter,TR Sadhu,4,0,,HIGH
1429397,2,3.1,Bangladesh,India,Dilara Akter,Rubya Haider,RP Yadav,0,1,,LOW
1429397,2,3.2,Bangladesh,India,Dilara Akter,Rubya Haider,RP Yadav,0,0,caught,LOW
1429397,2,3.3,Bangladesh,India,Nigar Sultana,Rubya Haider,RP Yadav,1,0,,LOW
1429397,2,3.4,Bangladesh,India,Rubya Haider,Nigar Sultana,RP Yadav,0,0,,LOW
1429397,2,3.5,Bangladesh,India,Rubya Haider,Nigar Sultana,RP Yadav,1,0,,LOW
1429397,2,3.6,Bangladesh,India,Nigar Sultana,Rubya Haider,RP Yadav,0,0,,LOW
1429397,2,3.7,Bangladesh,India,Nigar Sultana,Rubya Haider,RP Yadav,0,0,,LOW
1429397,2,4.1,Bangladesh,India,Rubya Haider,Nigar Sultana,S Sajana,0,0,,LOW
1429397,2,4.2,Bangladesh,India,Rubya Haider,Nigar Sultana,S Sajana,0,0,,LOW
1429397,2,4.3,Bangladesh,India,Rubya Haider,Nigar Sultana,S Sajana,0,0,,LOW
1429397,2,4.4,Bangladesh,India,Rubya Haider,Nigar Sultana,S Sajana,0,0,,LOW
1429397,2,4.5,Bangladesh,India,Rubya Haider,Nigar Sultana,S Sajana,4,0,,HIGH
1429397,2,4.6,Bangladesh,India,Rubya Haider,Nigar Sultana,S Sajana,1,0,,LOW
1429397,2,5.1,Bangladesh,India,Rubya Haider,Nigar Sultana,P Vastrakar,0,0,,LOW
1429397,2,5.2,Bangladesh,India,Rubya Haider,Nigar Sultana,P Vastrakar,1,0,,LOW
1429397,2,5.3,Bangladesh,India,Nigar Sultana,Rubya Haider,P Vastrakar,0,0,,LOW
1429397,2,5.4,Bangladesh,India,Nigar Sultana,Rubya Haider,P Vastrakar,0,0,,LOW
1429397,2,5.5,Bangladesh,India,Nigar Sultana,Rubya Haider,P Vastrakar,0,0,,LOW
1429397,2,5.6,Bangladesh,India,Nigar Sultana,Rubya Haider,P Vastrakar,2,0,,HIGH
1429397,2,6.1,Bangladesh,India,Rubya Haider,Nigar Sultana,DB Sharma,0,0,,LOW
1429397,2,6.2,Bangladesh,India,Rubya Haider,Nigar Sultana,DB Sharma,1,0,,LOW
1429397,2,6.3,Bangladesh,India,Nigar Sultana,Rubya Haider,DB Sharma,0,0,,LOW
1429397,2,6.4,Bangladesh,India,Nigar Sultana,Rubya Haider,DB Sharma,1,0,,LOW
1429397,2,6.5,Bangladesh,India,Rubya Haider,Nigar Sultana,DB Sharma,1,0,,LOW
1429397,2,6.6,Bangladesh,India,Nigar Sultana,Rubya Haider,DB Sharma,1,0,,LOW
1429397,2,7.1,Bangladesh,India,Nigar Sultana,Rubya Haider,S Asha,0,0,,LOW
1429397,2,7.2,Bangladesh,India,Nigar Sultana,Rubya Haider,S Asha,1,0,,LOW
1429397,2,7.3,Bangladesh,India,Rubya Haider,Nigar Sultana,S Asha,0,0,,LOW
1429397,2,7.4,Bangladesh,India,Rubya Haider,Nigar Sultana,S Asha,4,0,,HIGH
1429397,2,7.5,Bangladesh,India,Rubya Haider,Nigar Sultana,S Asha,1,0,,LOW
1429397,2,7.6,Bangladesh,India,Nigar Sultana,Rubya Haider,S Asha,1,0,,LOW
1429397,2,8.1,Bangladesh,India,Nigar Sultana,Rubya Haider,RP Yadav,0,0,bowled,LOW
1429397,2,8.2,Bangladesh,India,Ritu Moni,Rubya Haider,RP Yadav,1,0,,LOW
1429397,2,8.3,Bangladesh,India,Rubya Haider,Ritu Moni,RP Yadav,0,0,,LOW
1429397,2,8.4,Bangladesh,India,Rubya Haider,Ritu Moni,RP Yadav,0,0,,LOW
1429397,2,8.5,Bangladesh,India,Rubya Haider,Ritu Moni,RP Yadav,0,0,lbw,LOW
1429397,2,8.6,Bangladesh,India,Shorna Akter,Ritu Moni,RP Yadav,0,0,,LOW
1429397,2,9.1,Bangladesh,India,Ritu Moni,Shorna Akter,S Asha,1,0,,LOW
1429397,2,9.2,Bangladesh,India,Shorna Akter,Ritu Moni,S Asha,0,1,,LOW
1429397,2,9.3,Bangladesh,India,Shorna Akter,Ritu Moni,S Asha,1,0,,LOW
1429397,2,9.4,Bangladesh,India,Ritu Moni,Shorna Akter,S Asha,1,0,,LOW
1429397,2,9.5,Bangladesh,India,Shorna Akter,Ritu Moni,S Asha,0,0,caught,LOW
1429397,2,9.6,Bangladesh,India,Shorifa Khatun,Ritu Moni,S Asha,0,0,,LOW
1429397,2,9.7,Bangladesh,India,Shorifa Khatun,Ritu Moni,S Asha,0,0,,LOW
1429397,2,10.1,Bangladesh,India,Ritu Moni,Shorifa Khatun,RP Yadav,0,0,,LOW
1429397,2,10.2,Bangladesh,India,Ritu Moni,Shorifa Khatun,RP Yadav,2,0,,HIGH
1429397,2,10.3,Bangladesh,India,Ritu Moni,Shorifa Khatun,RP Yadav,0,0,,LOW
1429397,2,10.4,Bangladesh,India,Ritu Moni,Shorifa Khatun,RP Yadav,0,5,,LOW
1429397,2,10.5,Bangladesh,India,Ritu Moni,Shorifa Khatun,RP Yadav,4,0,,HIGH
1429397,2,10.6,Bangladesh,India,Ritu Moni,Shorifa Khatun,RP Yadav,0,0,,LOW
1429397,2,10.7,Bangladesh,India,Ritu Moni,Shorifa Khatun,RP Yadav,1,0,,LOW
1429397,2,11.1,Bangladesh,India,Ritu Moni,Shorifa Khatun,S Sajana,0,0,,LOW
1429397,2,11.2,Bangladesh,India,Ritu Moni,Shorifa Khatun,S Sajana,4,0,,HIGH
1429397,2,11.3,Bangladesh,India,Ritu Moni,Shorifa Khatun,S Sajana,2,0,,HIGH
1429397,2,11.4,Bangladesh,India,Ritu Moni,Shorifa Khatun,S Sajana,0,0,,LOW
1429397,2,11.5,Bangladesh,India,Ritu Moni,Shorifa Khatun,S Sajana,0,0,,LOW
1429397,2,11.6,Bangladesh,India,Ritu Moni,Shorifa Khatun,S Sajana,1,0,,LOW
1429397,2,12.1,Bangladesh,India,Ritu Moni,Shorifa Khatun,P Vastrakar,0,0,,LOW
1429397,2,12.2,Bangladesh,India,Ritu Moni,Shorifa Khatun,P Vastrakar,4,0,,HIGH
1429397,2,12.3,Bangladesh,India,Ritu Moni,Shorifa Khatun,P Vastrakar,4,0,,HIGH
1429397,2,12.4,Bangladesh,India,Ritu Moni,Shorifa Khatun,P Vastrakar,2,0,,HIGH
1429397,2,12.5,Bangladesh,India,Ritu Moni,Shorifa Khatun,P Vastrakar,0,0,,LOW
1429397,2,12.6,Bangladesh,India,Ritu Moni,Shorifa Khatun,P Vastrakar,1,0,,LOW
1429397,2,13.1,Bangladesh,India,Ritu Moni,Shorifa Khatun,RP Yadav,1,0,,LOW
1429397,2,13.2,Bangladesh,India,Shorifa Khatun,Ritu Moni,RP Yadav,0,0,,LOW
1429397,2,13.3,Bangladesh,India,Shorifa Khatun,Ritu Moni,RP Yadav,2,0,,HIGH
1429397,2,13.4,Bangladesh,India,Shorifa Khatun,Ritu Moni,RP Yadav,1,0,,LOW
1429397,2,13.5,Bangladesh,India,Ritu Moni,Shorifa Khatun,RP Yadav,1,0,,LOW
1429397,2,13.6,Bangladesh,India,Shorifa Khatun,Ritu Moni,RP Yadav,3,0,,HIGH
1429397,2,14.1,Bangladesh,India,Shorifa Khatun,Ritu Moni,TR Sadhu,4,0,,HIGH
1429397,2,14.2,Bangladesh,India,Shorifa Khatun,Ritu Moni,TR Sadhu,1,0,,LOW
1429397,2,14.3,Bangladesh,India,Ritu Moni,Shorifa Khatun,TR Sadhu,0,0,,LOW
1429397,2,14.4,Bangladesh,India,Ritu Moni,Shorifa Khatun,TR Sadhu,0,0,,LOW
1429397,2,14.5,Bangladesh,India,Ritu Moni,Shorifa Khatun,TR Sadhu,0,0,,LOW
1429397,2,14.6,Bangladesh,India,Ritu Moni,Shorifa Khatun,TR Sadhu,1,0,,LOW
1429397,2,15.1,Bangladesh,India,Ritu Moni,Shorifa Khatun,DB Sharma,1,0,,LOW
1429397,2,15.2,Bangladesh,India,Shorifa Khatun,Ritu Moni,DB Sharma,1,0,,LOW
1429397,2,15.3,Bangladesh,India,Ritu Moni,Shorifa Khatun,DB Sharma,0,0,,LOW
1429397,2,15.4,Bangladesh,India,Ritu Moni,Shorifa Khatun,DB Sharma,1,0,,LOW
1429397,2,15.5,Bangladesh,India,Shorifa Khatun,Ritu Moni,DB Sharma,4,0,,HIGH
1429397,2,15.6,Bangladesh,India,Shorifa Khatun,Ritu Moni,DB Sharma,2,0,,HIGH
1429397,2,16.1,Bangladesh,India,Ritu Moni,Shorifa Khatun,S Asha,2,0,,HIGH
1429397,2,16.2,Bangladesh,India,Ritu Moni,Shorifa Khatun,S Asha,2,0,,HIGH
1429397,2,16.3,Bangladesh,India,Ritu Moni,Shorifa Khatun,S Asha,0,0,bowled,LOW
1429397,2,16.4,Bangladesh,India,Rabeya Khan,Shorifa Khatun,S Asha,1,0,,LOW
1429397,2,16.5,Bangladesh,India,Shorifa Khatun,Rabeya Khan,S Asha,0,0,,LOW
1429397,2,16.6,Bangladesh,India,Shorifa Khatun,Rabeya Khan,S Asha,4,0,,HIGH
1429397,2,17.1,Bangladesh,India,Rabeya Khan,Shorifa Khatun,DB Sharma,0,1,,LOW
1429397,2,17.2,Bangladesh,India,Rabeya Khan,Shorifa Khatun,DB Sharma,0,0,,LOW
1429397,2,17.3,Bangladesh,India,Rabeya Khan,Shorifa Khatun,DB Sharma,2,0,,HIGH
1429397,2,17.4,Bangladesh,India,Rabeya Khan,Shorifa Khatun,DB Sharma,1,0,,LOW
1429397,2,17.5,Bangladesh,India,Shorifa Khatun,Rabeya Khan,DB Sharma,1,0,,LOW
1429397,2,17.6,Bangladesh,India,Rabeya Khan,Shorifa Khatun,DB Sharma,1,0,,LOW
1429397,2,17.7,Bangladesh,India,Shorifa Khatun,Rabeya Khan,DB Sharma,0,0,,LOW
1429397,2,18.1,Bangladesh,India,Rabeya Khan,Shorifa Khatun,S Asha,1,0,,LOW
1429397,2,18.2,Bangladesh,India,Shorifa Khatun,Rabeya Khan,S Asha,2,0,,HIGH
1429397,2,18.3,Bangladesh,India,Shorifa Khatun,Rabeya Khan,S Asha,1,0,,LOW
1429397,2,18.4,Bangladesh,India,Rabeya Khan,Shorifa Khatun,S Asha,1,0,,LOW
1429397,2,18.5,Bangladesh,India,Shorifa Khatun,Rabeya Khan,S Asha,0,0,,LOW
1429397,2,18.6,Bangladesh,India,Shorifa Khatun,Rabeya Khan,S Asha,0,0,,LOW
1429397,2,19.1,Bangladesh,India,Rabeya Khan,Shorifa Khatun,TR Sadhu,1,0,,LOW
1429397,2,19.2,Bangladesh,India,Shorifa Khatun,Rabeya Khan,TR Sadhu,1,0,,LOW
1429397,2,19.3,Bangladesh,India,Rabeya Khan,Shorifa Khatun,TR Sadhu,2,0,,HIGH
1429397,2,19.4,Bangladesh,India,Rabeya Khan,Shorifa Khatun,TR Sadhu,1,0,,LOW
1429397,2,19.5,Bangladesh,India,Shorifa Khatun,Rabeya Khan,TR Sadhu,1,0,,LOW
1429397,2,19.6,Bangladesh,India,Rabeya Khan,Shorifa Khatun,TR Sadhu,0,1,,LOW
1429397,2,19.7,Bangladesh,India,Rabeya Khan,Shorifa Khatun,TR Sadhu,3,0,,HIGH
1478866,1,0.1,New Zealand,South Africa,TL Seifert,DP Conway,L Ngidi,1,0,,LOW
1478866,1,0.2,New Zealand,South Africa,DP Conway,TL Seifert,L Ngidi,0,1,,LOW
1478866,1,0.3,New Zealand,South Africa,DP Conway,TL Seifert,L Ngidi,0,2,,LOW
1478866,1,0.4,New Zealand,South Africa,TL Seifert,DP Conway,L Ngidi,2,0,,HIGH
1478866,1,0.5,New Zealand,South Africa,TL Seifert,DP Conway,L Ngidi,4,0,,HIGH
1478866,1,0.6,New Zealand,South Africa,TL Seifert,DP Conway,L Ngidi,0,0,,LOW
1478866,1,0.7,New Zealand,South Africa,TL Seifert,DP Conway,L Ngidi,0,0,,LOW
1478866,1,0.8,New Zealand,South Africa,TL Seifert,DP Conway,L Ngidi,1,0,,LOW
1478866,1,1.1,New Zealand,South Africa,TL Seifert,DP Conway,KT Maphaka,0,1,,LOW
1478866,1,1.2,New Zealand,South Africa,TL Seifert,DP Conway,KT Maphaka,0,0,,LOW
1478866,1,1.3,New Zealand,South Africa,TL Seifert,DP Conway,KT Maphaka,4,0,,HIGH
1478866,1,1.4,New Zealand,South Africa,TL Seifert,DP Conway,KT Maphaka,0,0,,LOW
1478866,1,1.5,New Zealand,South Africa,TL Seifert,DP Conway,KT Maphaka,2,0,,HIGH
1478866,1,1.6,New Zealand,South Africa,TL Seifert,DP Conway,KT Maphaka,0,0,,LOW
1478866,1,1.7,New Zealand,South Africa,TL Seifert,DP Conway,KT Maphaka,4,0,,HIGH
1478866,1,2.1,New Zealand,South Africa,DP Conway,TL Seifert,L Ngidi,1,0,,LOW
1478866,1,2.2,New Zealand,South Africa,TL Seifert,DP Conway,L Ngidi,0,0,,LOW
1478866,1,2.3,New Zealand,South Africa,TL Seifert,DP Conway,L Ngidi,0,0,,LOW
1478866,1,2.4,New Zealand,South Africa,TL Seifert,DP Conway,L Ngidi,4,0,,HIGH
1478866,1,2.5,New Zealand,South Africa,TL Seifert,DP Conway,L Ngidi,0,0,caught,LOW
1478866,1,2.6,New Zealand,South Africa,TB Robinson,DP Conway,L Ngidi,0,0,,LOW
1478866,1,3.1,New Zealand,South Africa,DP Conway,TB Robinson,KT Maphaka,4,0,,HIGH
1478866,1,3.2,New Zealand,South Africa,DP Conway,TB Robinson,KT Maphaka,0,0,,LOW
1478866,1,3.3,New Zealand,South Africa,DP Conway,TB Robinson,KT Maphaka,0,0,,LOW
1478866,1,3.4,New Zealand,South Africa,DP Conway,TB Robinson,KT Maphaka,4,0,,HIGH
1478866,1,3.5,New Zealand,South Africa,DP Conway,TB Robinson,KT Maphaka,0,0,,LOW
1478866,1,3.6,New Zealand,South Africa,DP Conway,TB Robinson,KT Maphaka,0,0,caught,LOW
1478866,1,4.1,New Zealand,South Africa,TB Robinson,DJ Mitchell,C Bosch,0,0,,LOW
1478866,1,4.2,New Zealand,South Africa,TB Robinson,DJ Mitchell,C Bosch,0,0,,LOW
1478866,1,4.3,New Zealand,South Africa,TB Robinson,DJ Mitchell,C Bosch,0,0,,LOW
1478866,1,4.4,New Zealand,South Africa,TB Robinson,DJ Mitchell,C Bosch,2,0,,HIGH
1478866,1,4.5,New Zealand,South Africa,TB Robinson,DJ Mitchell,C Bosch,4,0,,HIGH
1478866,1,4.6,New Zealand,South Africa,TB Robinson,DJ Mitchell,C Bosch,1,0,,LOW
1478866,1,5.1,New Zealand,South Africa,TB Robinson,DJ Mitchell,G Coetzee,0,0,,LOW
1478866,1,5.2,New Zealand,South Africa,TB Robinson,DJ Mitchell,G Coetzee,0,0,,LOW
1478866,1,5.3,New Zealand,South Africa,TB Robinson,DJ Mitchell,G Coetzee,0,0,,LOW
1478866,1,5.4,New Zealand,South Africa,TB Robinson,DJ Mitchell,G Coetzee,0,0,,LOW
1478866,1,5.5,New Zealand,South Africa,TB Robinson,DJ Mitchell,G Coetzee,0,1,,LOW
1478866,1,5.6,New Zealand,South Africa,TB Robinson,DJ Mitchell,G Coetzee,0,0,,LOW
1478866,1,5.7,New Zealand,South Africa,TB Robinson,DJ Mitchell,G Coetzee,0,0,,LOW
1478866,1,6.1,New Zealand,South Africa,DJ Mitchell,TB Robinson,GF Linde,1,0,,LOW
1478866,1,6.2,New Zealand,South Africa,TB Robinson,DJ Mitchell,GF Linde,1,0,,LOW
1478866,1,6.3,New Zealand,South Africa,DJ Mitchell,TB Robinson,GF Linde,2,0,,HIGH
1478866,1,6.4,New Zealand,South Africa,DJ Mitchell,TB Robinson,GF Linde,1,0,,LOW
1478866,1,6.5,New Zealand,South Africa,TB Robinson,DJ Mitchell,GF Linde,2,0,,HIGH
1478866,1,6.6,New Zealand,South Africa,TB Robinson,DJ Mitchell,GF Linde,6,0,,HIGH
1478866,1,7.1,New Zealand,South Africa,DJ Mitchell,TB Robinson,G Coetzee,1,0,,LOW
1478866,1,7.2,New Zealand,South Africa,TB Robinson,DJ Mitchell,G Coetzee,4,0,,HIGH
1478866,1,7.3,New Zealand,South Africa,TB Robinson,DJ Mitchell,G Coetzee,1,0,,LOW
1478866,1,7.4,New Zealand,South Africa,DJ Mitchell,TB Robinson,G Coetzee,0,0,caught,LOW
1478866,1,7.5,New Zealand,South Africa,MJ Hay,TB Robinson,G Coetzee,1,0,,LOW
1478866,1,7.6,New Zealand,South Africa,TB Robinson,MJ Hay,G Coetzee,1,0,,LOW
1478866,1,8.1,New Zealand,South Africa,TB Robinson,MJ Hay,S Muthusamy,1,0,,LOW
1478866,1,8.2,New Zealand,South Africa,MJ Hay,TB Robinson,S Muthusamy,1,0,,LOW
1478866,1,8.3,New Zealand,South Africa,TB Robinson,MJ Hay,S Muthusamy,0,0,,LOW
1478866,1,8.4,New Zealand,South Africa,TB Robinson,MJ Hay,S Muthusamy,2,0,,HIGH
1478866,1,8.5,New Zealand,South Africa,TB Robinson,MJ Hay,S Muthusamy,1,0,,LOW
1478866,1,8.6,New Zealand,South Africa,MJ Hay,TB Robinson,S Muthusamy,0,0,lbw,LOW
1478866,1,9.1,New Zealand,South Africa,TB Robinson,JDS Neesham,KT Maphaka,1,0,,LOW
1478866,1,9.2,New Zealand,South Africa,JDS Neesham,TB Robinson,KT Maphaka,0,0,,LOW
1478866,1,9.3,New Zealand,South Africa,JDS Neesham,TB Robinson,KT Maphaka,0,0,caught,LOW
1478866,1,9.4,New Zealand,South Africa,BJ Jacobs,TB Robinson,KT Maphaka,0,1,,LOW
1478866,1,9.5,New Zealand,South Africa,BJ Jacobs,TB Robinson,KT Maphaka,1,0,,LOW
1478866,1,9.6,New Zealand,South Africa,TB Robinson,BJ Jacobs,KT Maphaka,1,0,,LOW
1478866,1,9.7,New Zealand,South Africa,BJ Jacobs,TB Robinson,KT Maphaka,0,1,,LOW
1478866,1,10.1,New Zealand,South Africa,BJ Jacobs,TB Robinson,S Muthusamy,0,0,,LOW
1478866,1,10.2,New Zealand,South Africa,BJ Jacobs,TB Robinson,S Muthusamy,1,0,,LOW
1478866,1,10.3,New Zealand,South Africa,TB Robinson,BJ Jacobs,S Muthusamy,0,0,,LOW
1478866,1,10.4,New Zealand,South Africa,TB Robinson,BJ Jacobs,S Muthusamy,1,0,,LOW
1478866,1,10.5,New Zealand,South Africa,BJ Jacobs,TB Robinson,S Muthusamy,1,0,,LOW
1478866,1,10.6,New Zealand,South Africa,TB Robinson,BJ Jacobs,S Muthusamy,1,0,,LOW
1478866,1,11.1,New Zealand,South Africa,TB Robinson,BJ Jacobs,C Bosch,0,0,,LOW
1478866,1,11.2,New Zealand,South Africa,TB Robinson,BJ Jacobs,C Bosch,4,0,,HIGH
1478866,1,11.3,New Zealand,South Africa,TB Robinson,BJ Jacobs,C Bosch,0,0,,LOW
1478866,1,11.4,New Zealand,South Africa,TB Robinson,BJ Jacobs,C Bosch,1,0,,LOW
1478866,1,11.5,New Zealand,South Africa,BJ Jacobs,TB Robinson,C Bosch,1,0,,LOW
1478866,1,11.6,New Zealand,South Africa,TB Robinson,BJ Jacobs,C Bosch,4,0,,HIGH
1478866,1,12.1,New Zealand,South Africa,BJ Jacobs,TB Robinson,S Muthusamy,0,0,,LOW
1478866,1,12.2,New Zealand,South Africa,BJ Jacobs,TB Robinson,S Muthusamy,1,0,,LOW
1478866,1,12.3,New Zealand,South Africa,TB Robinson,BJ Jacobs,S Muthusamy,0,0,,LOW
1478866,1,12.4,New Zealand,South Africa,TB Robinson,BJ Jacobs,S Muthusamy,0,0,,LOW
1478866,1,12.5,New Zealand,South Africa,TB Robinson,BJ Jacobs,S Muthusamy,0,0,,LOW
1478866,1,12.6,New Zealand,South Africa,TB Robinson,BJ Jacobs,S Muthusamy,2,0,,HIGH
1478866,1,13.1,New Zealand,South Africa,BJ Jacobs,TB Robinson,L Ngidi,1,0,,LOW
1478866,1,13.2,New Zealand,South Africa,TB Robinson,BJ Jacobs,L Ngidi,1,0,,LOW
1478866,1,13.3,New Zealand,South Africa,BJ Jacobs,TB Robinson,L Ngidi,6,0,,HIGH
1478866,1,13.4,New Zealand,South Africa,BJ Jacobs,TB Robinson,L Ngidi,0,0,,LOW
1478866,1,13.5,New Zealand,South Africa,BJ Jacobs,TB Robinson,L Ngidi,0,1,,LOW
1478866,1,13.6,New Zealand,South Africa,BJ Jacobs,TB Robinson,L Ngidi,1,0,,LOW
1478866,1,13.7,New Zealand,South Africa,TB Robinson,BJ Jacobs,L Ngidi,2,0,,HIGH
1478866,1,14.1,New Zealand,South Africa,BJ Jacobs,TB Robinson,S Muthusamy,1,0,,LOW
1478866,1,14.2,New Zealand,South Africa,TB Robinson,BJ Jacobs,S Muthusamy,1,0,,LOW
1478866,1,14.3,New Zealand,South Africa,BJ Jacobs,TB Robinson,S Muthusamy,2,0,,HIGH
1478866,1,14.4,New Zealand,South Africa,BJ Jacobs,TB Robinson,S Muthusamy,1,0,,LOW
1478866,1,14.5,New Zealand,South Africa,TB Robinson,BJ Jacobs,S Muthusamy,1,0,,LOW
1478866,1,14.6,New Zealand,South Africa,BJ Jacobs,TB Robinson,S Muthusamy,1,0,,LOW
1478866,1,15.1,New Zealand,South Africa,BJ Jacobs,TB Robinson,G Coetzee,0,0,,LOW
1478866,1,15.2,New Zealand,South Africa,BJ Jacobs,TB Robinson,G Coetzee,0,0,,LOW
1478866,1,15.3,New Zealand,South Africa,BJ Jacobs,TB Robinson,G Coetzee,1,0,,LOW
1478866,1,15.4,New Zealand,South Africa,TB Robinson,BJ Jacobs,G Coetzee,6,0,,HIGH
1478866,1,15.5,New Zealand,South Africa,TB Robinson,BJ Jacobs,G Coetzee,1,0,,LOW
1478866,1,15.6,New Zealand,South Africa,BJ Jacobs,TB Robinson,G Coetzee,0,1,,LOW
1478866,1,15.7,New Zealand,South Africa,BJ Jacobs,TB Robinson,G Coetzee,4,0,,HIGH
1478866,1,16.1,New Zealand,South Africa,TB Robinson,BJ Jacobs,C Bosch,1,0,,LOW
1478866,1,16.2,New Zealand,South Africa,BJ Jacobs,TB Robinson,C Bosch,1,0,,LOW
1478866,1,16.3,New Zealand,South Africa,TB Robinson,BJ Jacobs,C Bosch,0,1,,LOW
1478866,1,16.4,New Zealand,South Africa,TB Robinson,BJ Jacobs,C Bosch,1,0,,LOW
1478866,1,16.5,New Zealand,South Africa,BJ Jacobs,TB Robinson,C Bosch,2,0,,HIGH
1478866,1,16.6,New Zealand,South Africa,BJ Jacobs,TB Robinson,C Bosch,1,0,,LOW
1478866,1,16.7,New Zealand,South Africa,TB Robinson,BJ Jacobs,C Bosch,0,0,,LOW
1478866,1,17.1,New Zealand,South Africa,BJ Jacobs,TB Robinson,KT Maphaka,2,0,,HIGH
1478866,1,17.2,New Zealand,South Africa,BJ Jacobs,TB Robinson,KT Maphaka,0,0,,LOW
1478866,1,17.3,New Zealand,South Africa,BJ Jacobs,TB Robinson,KT Maphaka,1,0,,LOW
1478866,1,17.4,New Zealand,South Africa,TB Robinson,BJ Jacobs,KT Maphaka,0,2,,LOW
1478866,1,17.5,New Zealand,South Africa,BJ Jacobs,TB Robinson,KT Maphaka,0,1,,LOW
1478866,1,17.6,New Zealand,South Africa,BJ Jacobs,TB Robinson,KT Maphaka,6,0,,HIGH
1478866,1,17.7,New Zealand,South Africa,BJ Jacobs,TB Robinson,KT Maphaka,0,1,,LOW
1478866,1,17.8,New Zealand,South Africa,BJ Jacobs,TB Robinson,KT Maphaka,1,0,,LOW
1478866,1,17.9,New Zealand,South Africa,TB Robinson,BJ Jacobs,KT Maphaka,1,0,,LOW
1478866,1,18.1,New Zealand,South Africa,TB Robinson,BJ Jacobs,C Bosch,4,0,,HIGH
1478866,1,18.2,New Zealand,South Africa,TB Robinson,BJ Jacobs,C Bosch,0,0,,LOW
1478866,1,18.3,New Zealand,South Africa,TB Robinson,BJ Jacobs,C Bosch,4,0,,HIGH
1478866,1,18.4,New Zealand,South Africa,TB Robinson,BJ Jacobs,C Bosch,0,0,,LOW
1478866,1,18.5,New Zealand,South Africa,TB Robinson,BJ Jacobs,C Bosch,0,0,,LOW
1478866,1,18.6,New Zealand,South Africa,TB Robinson,BJ Jacobs,C Bosch,1,0,,LOW
1478866,1,19.1,New Zealand,South Africa,TB Robinson,BJ Jacobs,G Coetzee,1,0,,LOW
1478866,1,19.2,New Zealand,South Africa,BJ Jacobs,TB Robinson,G Coetzee,6,0,,HIGH
1478866,1,19.3,New Zealand,South Africa,BJ Jacobs,TB Robinson,G Coetzee,1,0,,LOW
1478866,1,19.4,New Zealand,South Africa,TB Robinson,BJ Jacobs,G Coetzee,0,2,,LOW
1478866,1,19.5,New Zealand,South Africa,TB Robinson,BJ Jacobs,G Coetzee,6,0,,HIGH
1478866,1,19.6,New Zealand,South Africa,TB Robinson,BJ Jacobs,G Coetzee,3,0,,HIGH
1478866,2,0.1,South Africa,New Zealand,LG Pretorius,RR Hendricks,MJ Henry,0,0,,LOW
1478866,2,0.2,South Africa,New Zealand,LG Pretorius,RR Hendricks,MJ Henry,4,0,,HIGH
1478866,2,0.3,South Africa,New Zealand,LG Pretorius,RR Hendricks,MJ Henry,4,0,,HIGH
1478866,2,0.4,South Africa,New Zealand,LG Pretorius,RR Hendricks,MJ Henry,0,0,,LOW
1478866,2,0.5,South Africa,New Zealand,LG Pretorius,RR Hendricks,MJ Henry,0,0,,LOW
1478866,2,0.6,South Africa,New Zealand,LG Pretorius,RR Hendricks,MJ Henry,1,0,,LOW
1478866,2,1.1,South Africa,New Zealand,LG Pretorius,RR Hendricks,JA Duffy,0,0,,LOW
1478866,2,1.2,South Africa,New Zealand,LG Pretorius,RR Hendricks,JA Duffy,0,0,,LOW
1478866,2,1.3,South Africa,New Zealand,LG Pretorius,RR Hendricks,JA Duffy,4,0,,HIGH
1478866,2,1.4,South Africa,New Zealand,LG Pretorius,RR Hendricks,JA Duffy,0,0,,LOW
1478866,2,1.5,South Africa,New Zealand,LG Pretorius,RR Hendricks,JA Duffy,0,0,,LOW
1478866,2,1.6,South Africa,New Zealand,LG Pretorius,RR Hendricks,JA Duffy,4,0,,HIGH
1478866,2,2.1,South Africa,New Zealand,RR Hendricks,LG Pretorius,IS Sodhi,1,0,,LOW
1478866,2,2.2,South Africa,New Zealand,LG Pretorius,RR Hendricks,IS Sodhi,4,0,,HIGH
1478866,2,2.3,South Africa,New Zealand,LG Pretorius,RR Hendricks,IS Sodhi,0,1,,LOW
1478866,2,2.4,South Africa,New Zealand,LG Pretorius,RR Hendricks,IS Sodhi,1,0,,LOW
1478866,2,2.5,South Africa,New Zealand,RR Hendricks,LG Pretorius,IS Sodhi,4,0,,HIGH
1478866,2,2.6,South Africa,New Zealand,RR Hendricks,LG Pretorius,IS Sodhi,1,0,,LOW
1478866,2,2.7,South Africa,New Zealand,LG Pretorius,RR Hendricks,IS Sodhi,1,0,,LOW
1478866,2,3.1,South Africa,New Zealand,LG Pretorius,RR Hendricks,MJ Henry,4,0,,HIGH
1478866,2,3.2,South Africa,New Zealand,LG Pretorius,RR Hendricks,MJ Henry,0,0,caught,LOW
1478866,2,3.3,South Africa,New Zealand,RA Herman,RR Hendricks,MJ Henry,0,0,,LOW
1478866,2,3.4,South Africa,New Zealand,RA Herman,RR Hendricks,MJ Henry,0,0,,LOW
1478866,2,3.5,South Africa,New Zealand,RA Herman,RR Hendricks,MJ Henry,1,0,,LOW
1478866,2,3.6,South Africa,New Zealand,RR Hendricks,RA Herman,MJ Henry,0,0,,LOW
1478866,2,4.1,South Africa,New Zealand,RA Herman,RR Hendricks,JA Duffy,0,0,,LOW
1478866,2,4.2,South Africa,New Zealand,RA Herman,RR Hendricks,JA Duffy,0,0,caught,LOW
1478866,2,4.3,South Africa,New Zealand,S Muthusamy,RR Hendricks,JA Duffy,0,0,,LOW
1478866,2,4.4,South Africa,New Zealand,S Muthusamy,RR Hendricks,JA Duffy,0,0,,LOW
1478866,2,4.5,South Africa,New Zealand,S Muthusamy,RR Hendricks,JA Duffy,0,0,,LOW
1478866,2,4.6,South Africa,New Zealand,S Muthusamy,RR Hendricks,JA Duffy,2,0,,HIGH
1478866,2,5.1,South Africa,New Zealand,RR Hendricks,S Muthusamy,JDS Neesham,1,0,,LOW
1478866,2,5.2,South Africa,New Zealand,S Muthusamy,RR Hendricks,JDS Neesham,1,1,,LOW
1478866,2,5.3,South Africa,New Zealand,RR Hendricks,S Muthusamy,JDS Neesham,2,0,,HIGH
1478866,2,5.4,South Africa,New Zealand,RR Hendricks,S Muthusamy,JDS Neesham,0,0,,LOW
1478866,2,5.5,South Africa,New Zealand,RR Hendricks,S Muthusamy,JDS Neesham,0,1,,LOW
1478866,2,5.6,South Africa,New Zealand,RR Hendricks,S Muthusamy,JDS Neesham,4,0,,HIGH
1478866,2,5.7,South Africa,New Zealand,RR Hendricks,S Muthusamy,JDS Neesham,2,0,,HIGH
1478866,2,5.8,South Africa,New Zealand,RR Hendricks,S Muthusamy,JDS Neesham,1,0,,LOW
1478866,2,6.1,South Africa,New Zealand,RR Hendricks,S Muthusamy,MJ Santner,0,0,,LOW
1478866,2,6.2,South Africa,New Zealand,RR Hendricks,S Muthusamy,MJ Santner,0,0,bowled,LOW
1478866,2,6.3,South Africa,New Zealand,HE van der Dussen,S Muthusamy,MJ Santner,1,0,,LOW
1478866,2,6.4,South Africa,New Zealand,S Muthusamy,HE van der Dussen,MJ Santner,0,0,,LOW
1478866,2,6.5,South Africa,New Zealand,S Muthusamy,HE van der Dussen,MJ Santner,0,0,,LOW
1478866,2,6.6,South Africa,New Zealand,S Muthusamy,HE van der Dussen,MJ Santner,4,0,,HIGH
1478866,2,7.1,South Africa,New Zealand,HE van der Dussen,S Muthusamy,IS Sodhi,0,0,,LOW
1478866,2,7.2,South Africa,New Zealand,HE van der Dussen,S Muthusamy,IS Sodhi,2,0,,HIGH
1478866,2,7.3,South Africa,New Zealand,HE van der Dussen,S Muthusamy,IS Sodhi,2,0,,HIGH
1478866,2,7.4,South Africa,New Zealand,HE van der Dussen,S Muthusamy,IS Sodhi,1,0,,LOW
1478866,2,7.5,South Africa,New Zealand,S Muthusamy,HE van der Dussen,IS Sodhi,0,0,bowled,LOW
1478866,2,7.6,South Africa,New Zealand,D Brevis,HE van der Dussen,IS Sodhi,1,0,,LOW
1478866,2,8.1,South Africa,New Zealand,D Brevis,HE van der Dussen,MJ Santner,1,0,,LOW
1478866,2,8.2,South Africa,New Zealand,HE van der Dussen,D Brevis,MJ Santner,0,0,,LOW
1478866,2,8.3,South Africa,New Zealand,HE van der Dussen,D Brevis,MJ Santner,0,0,,LOW
1478866,2,8.4,South Africa,New Zealand,HE van der Dussen,D Brevis,MJ Santner,0,0,run out,LOW
1478866,2,8.5,South Africa,New Zealand,D Brevis,GF Linde,MJ Santner,6,0,,HIGH
1478866,2,8.6,South Africa,New Zealand,D Brevis,GF Linde,MJ Santner,0,1,,LOW
1478866,2,8.7,South Africa,New Zealand,D Brevis,GF Linde,MJ Santner,2,0,,HIGH
1478866,2,9.1,South Africa,New Zealand,GF Linde,D Brevis,JA Duffy,1,0,,LOW
1478866,2,9.2,South Africa,New Zealand,D Brevis,GF Linde,JA Duffy,0,0,,LOW
1478866,2,9.3,South Africa,New Zealand,D Brevis,GF Linde,JA Duffy,0,1,,LOW
1478866,2,9.4,South Africa,New Zealand,D Brevis,GF Linde,JA Duffy,0,0,,LOW
1478866,2,9.5,South Africa,New Zealand,D Brevis,GF Linde,JA Duffy,2,0,,HIGH
1478866,2,9.6,South Africa,New Zealand,D Brevis,GF Linde,JA Duffy,0,0,,LOW
1478866,2,9.7,South Africa,New Zealand,D Brevis,GF Linde,JA Duffy,1,0,,LOW
1478866,2,10.1,South Africa,New Zealand,D Brevis,GF Linde,JDS Neesham,4,0,,HIGH
1478866,2,10.2,South Africa,New Zealand,D Brevis,GF Linde,JDS Neesham,1,0,,LOW
1478866,2,10.3,South Africa,New Zealand,GF Linde,D Brevis,JDS Neesham,2,0,,HIGH
1478866,2,10.4,South Africa,New Zealand,GF Linde,D Brevis,JDS Neesham,1,0,,LOW
1478866,2,10.5,South Africa,New Zealand,D Brevis,GF Linde,JDS Neesham,1,0,,LOW
1478866,2,10.6,South Africa,New Zealand,GF Linde,D Brevis,JDS Neesham,0,0,,LOW
1478866,2,11.1,South Africa,New Zealand,D Brevis,GF Linde,MJ Henry,6,0,,HIGH
1478866,2,11.2,South Africa,New Zealand,D Brevis,GF Linde,MJ Henry,2,0,,HIGH
1478866,2,11.3,South Africa,New Zealand,D Brevis,GF Linde,MJ Henry,6,0,,HIGH
1478866,2,11.4,South Africa,New Zealand,D Brevis,GF Linde,MJ Henry,0,0,,LOW
1478866,2,11.5,South Africa,New Zealand,D Brevis,GF Linde,MJ Henry,2,0,,HIGH
1478866,2,11.6,South Africa,New Zealand,D Brevis,GF Linde,MJ Henry,0,0,caught,LOW
1478866,2,12.1,South Africa,New Zealand,GF Linde,C Bosch,MJ Santner,1,0,,LOW
1478866,2,12.2,South Africa,New Zealand,C Bosch,GF Linde,MJ Santner,1,0,,LOW
1478866,2,12.3,South Africa,New Zealand,GF Linde,C Bosch,MJ Santner,1,0,,LOW
1478866,2,12.4,South Africa,New Zealand,C Bosch,GF Linde,MJ Santner,6,0,,HIGH
1478866,2,12.5,South Africa,New Zealand,C Bosch,GF Linde,MJ Santner,1,0,,LOW
1478866,2,12.6,South Africa,New Zealand,GF Linde,C Bosch,MJ Santner,0,0,,LOW
1478866,2,13.1,South Africa,New Zealand,C Bosch,GF Linde,IS Sodhi,0,0,lbw,LOW
1478866,2,13.2,South Africa,New Zealand,G Coetzee,GF Linde,IS Sodhi,0,0,,LOW
1478866,2,13.3,South Africa,New Zealand,G Coetzee,GF Linde,IS Sodhi,0,0,,LOW
1478866,2,13.4,South Africa,New Zealand,G Coetzee,GF Linde,IS Sodhi,1,0,,LOW
1478866,2,13.5,South Africa,New Zealand,GF Linde,G Coetzee,IS Sodhi,2,0,,HIGH
1478866,2,13.6,South Africa,New Zealand,GF Linde,G Coetzee,IS Sodhi,1,0,,LOW
1478866,2,14.1,South Africa,New Zealand,GF Linde,G Coetzee,MJ Santner,1,0,,LOW
1478866,2,14.2,South Africa,New Zealand,G Coetzee,GF Linde,MJ Santner,0,0,,LOW
1478866,2,14.3,South Africa,New Zealand,G Coetzee,GF Linde,MJ Santner,1,0,,LOW
1478866,2,14.4,South Africa,New Zealand,GF Linde,G Coetzee,MJ Santner,1,0,,LOW
1478866,2,14.5,South Africa,New Zealand,G Coetzee,GF Linde,MJ Santner,1,0,,LOW
1478866,2,14.6,South Africa,New Zealand,GF Linde,G Coetzee,MJ Santner,6,0,,HIGH
1478866,2,15.1,South Africa,New Zealand,G Coetzee,GF Linde,IS Sodhi,1,0,,LOW
1478866,2,15.2,South Africa,New Zealand,GF Linde,G Coetzee,IS Sodhi,1,0,,LOW
1478866,2,15.3,South Africa,New Zealand,G Coetzee,GF Linde,IS Sodhi,1,0,,LOW
1478866,2,15.4,South Africa,New Zealand,GF Linde,G Coetzee,IS Sodhi,6,0,,HIGH
1478866,2,15.5,South Africa,New Zealand,GF Linde,G Coetzee,IS Sodhi,1,0,,LOW
1478866,2,15.6,South Africa,New Zealand,G Coetzee,GF Linde,IS Sodhi,1,0,,LOW
1478866,2,16.1,South Africa,New Zealand,G Coetzee,GF Linde,JDS Neesham,1,0,,LOW
1478866,2,16.2,South Africa,New Zealand,GF Linde,G Coetzee,JDS Neesham,1,0,,LOW
1478866,2,16.3,South Africa,New Zealand,G Coetzee,GF Linde,JDS Neesham,0,0,,LOW
1478866,2,16.4,South Africa,New Zealand,G Coetzee,GF Linde,JDS Neesham,1,0,,LOW
1478866,2,16.5,South Africa,New Zealand,GF Linde,G Coetzee,JDS Neesham,4,0,,HIGH
1478866,2,16.6,South Africa,New Zealand,GF Linde,G Coetzee,JDS Neesham,0,0,,LOW
1478866,2,17.1,South Africa,New Zealand,G Coetzee,GF Linde,JA Duffy,4,0,,HIGH
1478866,2,17.2,South Africa,New Zealand,G Coetzee,GF Linde,JA Duffy,1,0,,LOW
1478866,2,17.3,South Africa,New Zealand,GF Linde,G Coetzee,JA Duffy,0,0,,LOW
1478866,2,17.4,South Africa,New Zealand,GF Linde,G Coetzee,JA Duffy,0,0,caught,LOW
1478866,2,17.5,South Africa,New Zealand,KT Maphaka,G Coetzee,JA Duffy,0,0,caught,LOW
1478866,2,17.6,South Africa,New Zealand,L Ngidi,G Coetzee,JA Duffy,0,0,,LOW
1478866,2,18.1,South Africa,New Zealand,G Coetzee,L Ngidi,MJ Henry,4,0,,HIGH
1478866,2,18.2,South Africa,New Zealand,G Coetzee,L Ngidi,MJ Henry,0,0,caught,LOW
1395035,1,0.1,Scotland,Netherlands,KE Bryce,DEM Carter,IJR Zwilling,0,0,,LOW
1395035,1,0.2,Scotland,Netherlands,KE Bryce,DEM Carter,IJR Zwilling,0,0,,LOW
1395035,1,0.3,Scotland,Netherlands,KE Bryce,DEM Carter,IJR Zwilling,0,0,,LOW
1395035,1,0.4,Scotland,Netherlands,KE Bryce,DEM Carter,IJR Zwilling,0,0,,LOW
1395035,1,0.5,Scotland,Netherlands,KE Bryce,DEM Carter,IJR Zwilling,0,0,,LOW
1395035,1,0.6,Scotland,Netherlands,KE Bryce,DEM Carter,IJR Zwilling,0,0,,LOW
1395035,1,1.1,Scotland,Netherlands,DEM Carter,KE Bryce,R Rijke,0,0,,LOW
1395035,1,1.2,Scotland,Netherlands,DEM Carter,KE Bryce,R Rijke,0,0,,LOW
1395035,1,1.3,Scotland,Netherlands,DEM Carter,KE Bryce,R Rijke,0,0,,LOW
1395035,1,1.4,Scotland,Netherlands,DEM Carter,KE Bryce,R Rijke,1,0,,LOW
1395035,1,1.5,Scotland,Netherlands,KE Bryce,DEM Carter,R Rijke,0,0,,LOW
1395035,1,1.6,Scotland,Netherlands,KE Bryce,DEM Carter,R Rijke,0,0,,LOW
1395035,1,2.1,Scotland,Netherlands,DEM Carter,KE Bryce,IJR Zwilling,1,0,,LOW
1395035,1,2.2,Scotland,Netherlands,KE Bryce,DEM Carter,IJR Zwilling,0,0,,LOW
1395035,1,2.3,Scotland,Netherlands,KE Bryce,DEM Carter,IJR Zwilling,1,0,,LOW
1395035,1,2.4,Scotland,Netherlands,DEM Carter,KE Bryce,IJR Zwilling,0,0,,LOW
1395035,1,2.5,Scotland,Netherlands,DEM Carter,KE Bryce,IJR Zwilling,2,0,,HIGH
1395035,1,2.6,Scotland,Netherlands,DEM Carter,KE Bryce,IJR Zwilling,3,0,,HIGH
1395035,1,3.1,Scotland,Netherlands,DEM Carter,KE Bryce,R Rijke,6,0,,HIGH
1395035,1,3.2,Scotland,Netherlands,DEM Carter,KE Bryce,R Rijke,2,0,,HIGH
1395035,1,3.3,Scotland,Netherlands,DEM Carter,KE Bryce,R Rijke,0,0,caught and bowled,LOW
1395035,1,3.4,Scotland,Netherlands,PA Chatterji,KE Bryce,R Rijke,0,0,,LOW
1395035,1,3.5,Scotland,Netherlands,PA Chatterji,KE Bryce,R Rijke,0,1,,LOW
1395035,1,3.6,Scotland,Netherlands,PA Chatterji,KE Bryce,R Rijke,1,0,,LOW
1395035,1,3.7,Scotland,Netherlands,KE Bryce,PA Chatterji,R Rijke,1,0,,LOW
1395035,1,4.1,Scotland,Netherlands,KE Bryce,PA Chatterji,IJR Zwilling,0,0,caught,LOW
1395035,1,4.2,Scotland,Netherlands,SJ Bryce,PA Chatterji,IJR Zwilling,0,0,,LOW
1395035,1,4.3,Scotland,Netherlands,SJ Bryce,PA Chatterji,IJR Zwilling,0,0,,LOW
1395035,1,4.4,Scotland,Netherlands,SJ Bryce,PA Chatterji,IJR Zwilling,4,0,,HIGH
1395035,1,4.5,Scotland,Netherlands,SJ Bryce,PA Chatterji,IJR Zwilling,0,0,,LOW
1395035,1,4.6,Scotland,Netherlands,SJ Bryce,PA Chatterji,IJR Zwilling,0,0,,LOW
1395035,1,5.1,Scotland,Netherlands,PA Chatterji,SJ Bryce,R Rijke,1,0,,LOW
1395035,1,5.2,Scotland,Netherlands,SJ Bryce,PA Chatterji,R Rijke,0,0,,LOW
1395035,1,5.3,Scotland,Netherlands,SJ Bryce,PA Chatterji,R Rijke,0,0,,LOW
1395035,1,5.4,Scotland,Netherlands,SJ Bryce,PA Chatterji,R Rijke,4,0,,HIGH
1395035,1,5.5,Scotland,Netherlands,SJ Bryce,PA Chatterji,R Rijke,4,0,,HIGH
1395035,1,5.6,Scotland,Netherlands,SJ Bryce,PA Chatterji,R Rijke,0,0,,LOW
1395035,1,6.1,Scotland,Netherlands,PA Chatterji,SJ Bryce,C de Lange,1,0,,LOW
1395035,1,6.2,Scotland,Netherlands,SJ Bryce,PA Chatterji,C de Lange,1,0,,LOW
1395035,1,6.3,Scotland,Netherlands,PA Chatterji,SJ Bryce,C de Lange,1,0,,LOW
1395035,1,6.4,Scotland,Netherlands,SJ Bryce,PA Chatterji,C de Lange,1,0,,LOW
1395035,1,6.5,Scotland,Netherlands,PA Chatterji,SJ Bryce,C de Lange,0,0,,LOW
1395035,1,6.6,Scotland,Netherlands,PA Chatterji,SJ Bryce,C de Lange,0,0,,LOW
1395035,1,7.1,Scotland,Netherlands,SJ Bryce,PA Chatterji,I van der Woning,0,0,,LOW
1395035,1,7.2,Scotland,Netherlands,SJ Bryce,PA Chatterji,I van der Woning,0,0,,LOW
1395035,1,7.3,Scotland,Netherlands,SJ Bryce,PA Chatterji,I van der Woning,0,0,,LOW
1395035,1,7.4,Scotland,Netherlands,SJ Bryce,PA Chatterji,I van der Woning,4,0,,HIGH
1395035,1,7.5,Scotland,Netherlands,SJ Bryce,PA Chatterji,I van der Woning,0,1,,LOW
1395035,1,7.6,Scotland,Netherlands,SJ Bryce,PA Chatterji,I van der Woning,1,0,,LOW
1395035,1,7.7,Scotland,Netherlands,PA Chatterji,SJ Bryce,I van der Woning,1,0,,LOW
1395035,1,8.1,Scotland,Netherlands,PA Chatterji,SJ Bryce,C de Lange,2,0,,HIGH
1395035,1,8.2,Scotland,Netherlands,PA Chatterji,SJ Bryce,C de Lange,2,0,,HIGH
1395035,1,8.3,Scotland,Netherlands,PA Chatterji,SJ Bryce,C de Lange,1,0,,LOW
1395035,1,8.4,Scotland,Netherlands,SJ Bryce,PA Chatterji,C de Lange,1,0,,LOW
1395035,1,8.5,Scotland,Netherlands,PA Chatterji,SJ Bryce,C de Lange,1,0,,LOW
1395035,1,8.6,Scotland,Netherlands,SJ Bryce,PA Chatterji,C de Lange,3,0,,HIGH
1395035,1,9.1,Scotland,Netherlands,SJ Bryce,PA Chatterji,I van der Woning,2,0,,HIGH
1395035,1,9.2,Scotland,Netherlands,SJ Bryce,PA Chatterji,I van der Woning,1,0,,LOW
1395035,1,9.3,Scotland,Netherlands,PA Chatterji,SJ Bryce,I van der Woning,1,0,,LOW
1395035,1,9.4,Scotland,Netherlands,SJ Bryce,PA Chatterji,I van der Woning,1,0,,LOW
1395035,1,9.5,Scotland,Netherlands,PA Chatterji,SJ Bryce,I van der Woning,0,1,,LOW
1395035,1,9.6,Scotland,Netherlands,PA Chatterji,SJ Bryce,I van der Woning,0,1,,LOW
1395035,1,9.7,Scotland,Netherlands,SJ Bryce,PA Chatterji,I van der Woning,0,0,,LOW
1395035,1,10.1,Scotland,Netherlands,PA Chatterji,SJ Bryce,EN Lynch,1,0,,LOW
1395035,1,10.2,Scotland,Netherlands,SJ Bryce,PA Chatterji,EN Lynch,1,0,,LOW
1395035,1,10.3,Scotland,Netherlands,PA Chatterji,SJ Bryce,EN Lynch,1,0,,LOW
1395035,1,10.4,Scotland,Netherlands,SJ Bryce,PA Chatterji,EN Lynch,0,0,,LOW
1395035,1,10.5,Scotland,Netherlands,SJ Bryce,PA Chatterji,EN Lynch,0,0,,LOW
1395035,1,10.6,Scotland,Netherlands,SJ Bryce,PA Chatterji,EN Lynch,4,0,,HIGH
1395035,1,11.1,Scotland,Netherlands,PA Chatterji,SJ Bryce,HWA Landheer,1,0,,LOW
1395035,1,11.2,Scotland,Netherlands,SJ Bryce,PA Chatterji,HWA Landheer,1,0,,LOW
1395035,1,11.3,Scotland,Netherlands,PA Chatterji,SJ Bryce,HWA Landheer,0,0,bowled,LOW
1395035,1,11.4,Scotland,Netherlands,L Jack,SJ Bryce,HWA Landheer,0,0,,LOW
1395035,1,11.5,Scotland,Netherlands,L Jack,SJ Bryce,HWA Landheer,0,0,,LOW
1395035,1,11.6,Scotland,Netherlands,L Jack,SJ Bryce,HWA Landheer,0,0,,LOW
1395035,1,12.1,Scotland,Netherlands,SJ Bryce,L Jack,EN Lynch,0,2,,LOW
1395035,1,12.2,Scotland,Netherlands,SJ Bryce,L Jack,EN Lynch,2,0,,HIGH
1395035,1,12.3,Scotland,Netherlands,SJ Bryce,L Jack,EN Lynch,1,0,,LOW
1395035,1,12.4,Scotland,Netherlands,L Jack,SJ Bryce,EN Lynch,0,0,run out,LOW
1395035,1,12.5,Scotland,Netherlands,SJ Bryce,A Lister,EN Lynch,0,0,,LOW
1395035,1,12.6,Scotland,Netherlands,SJ Bryce,A Lister,EN Lynch,0,0,,LOW
1395035,1,13.1,Scotland,Netherlands,A Lister,SJ Bryce,HWA Landheer,0,1,,LOW
1395035,1,13.2,Scotland,Netherlands,A Lister,SJ Bryce,HWA Landheer,1,0,,LOW
1395035,1,13.3,Scotland,Netherlands,SJ Bryce,A Lister,HWA Landheer,0,0,,LOW
1395035,1,13.4,Scotland,Netherlands,SJ Bryce,A Lister,HWA Landheer,4,0,,HIGH
1395035,1,13.5,Scotland,Netherlands,SJ Bryce,A Lister,HWA Landheer,4,0,,HIGH
1395035,1,13.6,Scotland,Netherlands,SJ Bryce,A Lister,HWA Landheer,1,0,,LOW
1395035,1,13.7,Scotland,Netherlands,A Lister,SJ Bryce,HWA Landheer,1,0,,LOW
1395035,1,14.1,Scotland,Netherlands,A Lister,SJ Bryce,EN Lynch,4,0,,HIGH
1395035,1,14.2,Scotland,Netherlands,A Lister,SJ Bryce,EN Lynch,1,0,,LOW
1395035,1,14.3,Scotland,Netherlands,SJ Bryce,A Lister,EN Lynch,1,0,,LOW
1395035,1,14.4,Scotland,Netherlands,A Lister,SJ Bryce,EN Lynch,0,0,caught,LOW
1395035,1,14.5,Scotland,Netherlands,EL Watson,SJ Bryce,EN Lynch,1,0,,LOW
1395035,1,14.6,Scotland,Netherlands,SJ Bryce,EL Watson,EN Lynch,1,0,,LOW
1395035,1,15.1,Scotland,Netherlands,SJ Bryce,EL Watson,R Rijke,0,0,,LOW
1395035,1,15.2,Scotland,Netherlands,SJ Bryce,EL Watson,R Rijke,1,0,,LOW
1395035,1,15.3,Scotland,Netherlands,EL Watson,SJ Bryce,R Rijke,0,0,,LOW
1395035,1,15.4,Scotland,Netherlands,EL Watson,SJ Bryce,R Rijke,1,0,,LOW
1395035,1,15.5,Scotland,Netherlands,SJ Bryce,EL Watson,R Rijke,0,1,,LOW
1395035,1,15.6,Scotland,Netherlands,SJ Bryce,EL Watson,R Rijke,1,0,,LOW
1395035,1,15.7,Scotland,Netherlands,EL Watson,SJ Bryce,R Rijke,1,0,,LOW
1395035,1,16.1,Scotland,Netherlands,EL Watson,SJ Bryce,EN Lynch,1,0,,LOW
1395035,1,16.2,Scotland,Netherlands,SJ Bryce,EL Watson,EN Lynch,0,0,caught and bowled,LOW
1395035,1,16.3,Scotland,Netherlands,C Abel,EL Watson,EN Lynch,0,0,,LOW
1395035,1,16.4,Scotland,Netherlands,C Abel,EL Watson,EN Lynch,1,0,,LOW
1395035,1,16.5,Scotland,Netherlands,EL Watson,C Abel,EN Lynch,0,0,,LOW
1395035,1,16.6,Scotland,Netherlands,EL Watson,C Abel,EN Lynch,1,0,,LOW
1395035,1,17.1,Scotland,Netherlands,EL Watson,C Abel,HWA Landheer,1,0,,LOW
1395035,1,17.2,Scotland,Netherlands,C Abel,EL Watson,HWA Landheer,0,0,,LOW
1395035,1,17.3,Scotland,Netherlands,C Abel,EL Watson,HWA Landheer,1,0,,LOW
1395035,1,17.4,Scotland,Netherlands,EL Watson,C Abel,HWA Landheer,1,0,,LOW
1395035,1,17.5,Scotland,Netherlands,EL Watson,C Abel,HWA Landheer,1,0,,LOW
1395035,1,17.6,Scotland,Netherlands,C Abel,EL Watson,HWA Landheer,1,0,,LOW
1395035,1,18.1,Scotland,Netherlands,C Abel,EL Watson,C de Lange,0,0,,LOW
1395035,1,18.2,Scotland,Netherlands,C Abel,EL Watson,C de Lange,2,0,,HIGH
1395035,1,18.3,Scotland,Netherlands,C Abel,EL Watson,C de Lange,1,0,,LOW
1395035,1,18.4,Scotland,Netherlands,EL Watson,C Abel,C de Lange,0,0,caught,LOW
1395035,1,18.5,Scotland,Netherlands,M McColl,C Abel,C de Lange,0,0,,LOW
1395035,1,18.6,Scotland,Netherlands,M McColl,C Abel,C de Lange,2,0,,HIGH
1395035,1,19.1,Scotland,Netherlands,C Abel,M McColl,IJR Zwilling,2,0,,HIGH
1395035,1,19.2,Scotland,Netherlands,C Abel,M McColl,IJR Zwilling,2,0,,HIGH
1395035,1,19.3,Scotland,Netherlands,C Abel,M McColl,IJR Zwilling,2,0,,HIGH
1395035,1,19.4,Scotland,Netherlands,C Abel,M McColl,IJR Zwilling,1,0,,LOW
1395035,1,19.5,Scotland,Netherlands,M McColl,C Abel,IJR Zwilling,2,0,,HIGH
1395035,1,19.6,Scotland,Netherlands,M McColl,C Abel,IJR Zwilling,0,1,,LOW
1395035,2,0.1,Netherlands,Scotland,IJR Zwilling,HDJ Siegers,KE Bryce,1,0,,LOW
1395035,2,0.2,Netherlands,Scotland,HDJ Siegers,IJR Zwilling,KE Bryce,0,0,,LOW
1395035,2,0.3,Netherlands,Scotland,HDJ Siegers,IJR Zwilling,KE Bryce,6,0,,HIGH
1395035,2,0.4,Netherlands,Scotland,HDJ Siegers,IJR Zwilling,KE Bryce,0,0,,LOW
1395035,2,0.5,Netherlands,Scotland,HDJ Siegers,IJR Zwilling,KE Bryce,4,0,,HIGH
1395035,2,0.6,Netherlands,Scotland,HDJ Siegers,IJR Zwilling,KE Bryce,1,0,,LOW
1395035,2,1.1,Netherlands,Scotland,HDJ Siegers,IJR Zwilling,PA Chatterji,4,0,,HIGH
1395035,2,1.2,Netherlands,Scotland,HDJ Siegers,IJR Zwilling,PA Chatterji,1,0,,LOW
1395035,2,1.3,Netherlands,Scotland,IJR Zwilling,HDJ Siegers,PA Chatterji,0,0,,LOW
1395035,2,1.4,Netherlands,Scotland,IJR Zwilling,HDJ Siegers,PA Chatterji,0,0,,LOW
1395035,2,1.5,Netherlands,Scotland,IJR Zwilling,HDJ Siegers,PA Chatterji,0,0,,LOW
1395035,2,1.6,Netherlands,Scotland,IJR Zwilling,HDJ Siegers,PA Chatterji,2,0,,HIGH
1395035,2,2.1,Netherlands,Scotland,HDJ Siegers,IJR Zwilling,KE Bryce,0,1,,LOW
1395035,2,2.2,Netherlands,Scotland,HDJ Siegers,IJR Zwilling,KE Bryce,2,0,,HIGH
1395035,2,2.3,Netherlands,Scotland,HDJ Siegers,IJR Zwilling,KE Bryce,1,0,,LOW
1395035,2,2.4,Netherlands,Scotland,IJR Zwilling,HDJ Siegers,KE Bryce,0,1,,LOW
1395035,2,2.5,Netherlands,Scotland,IJR Zwilling,HDJ Siegers,KE Bryce,0,0,,LOW
1395035,2,2.6,Netherlands,Scotland,IJR Zwilling,HDJ Siegers,KE Bryce,0,0,,LOW
1395035,2,2.7,Netherlands,Scotland,IJR Zwilling,HDJ Siegers,KE Bryce,0,0,,LOW
1395035,2,2.8,Netherlands,Scotland,IJR Zwilling,HDJ Siegers,KE Bryce,4,0,,HIGH
1395035,2,3.1,Netherlands,Scotland,HDJ Siegers,IJR Zwilling,PA Chatterji,4,0,,HIGH
1395035,2,3.2,Netherlands,Scotland,HDJ Siegers,IJR Zwilling,PA Chatterji,0,0,,LOW
1395035,2,3.3,Netherlands,Scotland,HDJ Siegers,IJR Zwilling,PA Chatterji,0,0,caught,LOW
1395035,2,3.4,Netherlands,Scotland,B de Leede,IJR Zwilling,PA Chatterji,0,0,,LOW
1395035,2,3.5,Netherlands,Scotland,B de Leede,IJR Zwilling,PA Chatterji,1,0,,LOW
1395035,2,3.6,Netherlands,Scotland,IJR Zwilling,B de Leede,PA Chatterji,0,0,bowled,LOW
1395035,2,4.1,Netherlands,Scotland,B de Leede,R Rijke,AH Maqsood,0,0,,LOW
1395035,2,4.2,Netherlands,Scotland,B de Leede,R Rijke,AH Maqsood,1,0,,LOW
1395035,2,4.3,Netherlands,Scotland,R Rijke,B de Leede,AH Maqsood,0,0,,LOW
1395035,2,4.4,Netherlands,Scotland,R Rijke,B de Leede,AH Maqsood,0,0,,LOW
1395035,2,4.5,Netherlands,Scotland,R Rijke,B de Leede,AH Maqsood,0,0,,LOW
1395035,2,4.6,Netherlands,Scotland,R Rijke,B de Leede,AH Maqsood,0,0,run out,LOW
1395035,2,5.1,Netherlands,Scotland,P Molkenboer,B de Leede,PA Chatterji,0,0,,LOW
1395035,2,5.2,Netherlands,Scotland,P Molkenboer,B de Leede,PA Chatterji,0,0,,LOW
1395035,2,5.3,Netherlands,Scotland,P Molkenboer,B de Leede,PA Chatterji,0,0,,LOW
1395035,2,5.4,Netherlands,Scotland,P Molkenboer,B de Leede,PA Chatterji,0,0,,LOW
1395035,2,5.5,Netherlands,Scotland,P Molkenboer,B de Leede,PA Chatterji,0,0,,LOW
1395035,2,5.6,Netherlands,Scotland,P Molkenboer,B de Leede,PA Chatterji,0,0,,LOW
1395035,2,6.1,Netherlands,Scotland,B de Leede,P Molkenboer,AH Maqsood,0,0,,LOW
1395035,2,6.2,Netherlands,Scotland,B de Leede,P Molkenboer,AH Maqsood,0,0,stumped,LOW
1395035,2,6.3,Netherlands,Scotland,EN Lynch,P Molkenboer,AH Maqsood,0,0,,LOW
1395035,2,6.4,Netherlands,Scotland,EN Lynch,P Molkenboer,AH Maqsood,0,0,,LOW
1395035,2,6.5,Netherlands,Scotland,EN Lynch,P Molkenboer,AH Maqsood,0,0,,LOW
1395035,2,6.6,Netherlands,Scotland,EN Lynch,P Molkenboer,AH Maqsood,4,0,,HIGH
1395035,2,7.1,Netherlands,Scotland,P Molkenboer,EN Lynch,DEM Carter,0,0,stumped,LOW
1395035,2,7.2,Netherlands,Scotland,CH van Koolwijk,EN Lynch,DEM Carter,0,0,,LOW
1395035,2,7.3,Netherlands,Scotland,CH van Koolwijk,EN Lynch,DEM Carter,0,0,,LOW
1395035,2,7.4,Netherlands,Scotland,CH van Koolwijk,EN Lynch,DEM Carter,0,0,,LOW
1395035,2,7.5,Netherlands,Scotland,CH van Koolwijk,EN Lynch,DEM Carter,0,0,,LOW
1395035,2,7.6,Netherlands,Scotland,CH van Koolwijk,EN Lynch,DEM Carter,1,0,,LOW
1395035,2,8.1,Netherlands,Scotland,CH van Koolwijk,EN Lynch,AH Maqsood,0,0,,LOW
1395035,2,8.2,Netherlands,Scotland,CH van Koolwijk,EN Lynch,AH Maqsood,1,0,,LOW
1395035,2,8.3,Netherlands,Scotland,EN Lynch,CH van Koolwijk,AH Maqsood,0,0,,LOW
1395035,2,8.4,Netherlands,Scotland,EN Lynch,CH van Koolwijk,AH Maqsood,0,0,,LOW
1395035,2,8.5,Netherlands,Scotland,EN Lynch,CH van Koolwijk,AH Maqsood,0,0,,LOW
1395035,2,8.6,Netherlands,Scotland,EN Lynch,CH van Koolwijk,AH Maqsood,1,0,,LOW
1395035,2,9.1,Netherlands,Scotland,EN Lynch,CH van Koolwijk,DEM Carter,0,0,,LOW
1395035,2,9.2,Netherlands,Scotland,EN Lynch,CH van Koolwijk,DEM Carter,0,0,caught and bowled,LOW
1395035,2,9.3,Netherlands,Scotland,MM Dekeling,CH van Koolwijk,DEM Carter,1,0,,LOW
1395035,2,9.4,Netherlands,Scotland,CH van Koolwijk,MM Dekeling,DEM Carter,0,0,,LOW
1395035,2,9.5,Netherlands,Scotland,CH van Koolwijk,MM Dekeling,DEM Carter,2,0,,HIGH
1395035,2,9.6,Netherlands,Scotland,CH van Koolwijk,MM Dekeling,DEM Carter,0,0,caught,LOW
1395035,2,10.1,Netherlands,Scotland,MM Dekeling,HWA Landheer,AH Maqsood,0,0,run out,LOW
1395035,2,10.2,Netherlands,Scotland,C de Lange,MM Dekeling,AH Maqsood,0,0,,LOW
1395035,2,10.3,Netherlands,Scotland,C de Lange,MM Dekeling,AH Maqsood,0,0,,LOW
1395035,2,10.4,Netherlands,Scotland,C de Lange,MM Dekeling,AH Maqsood,0,0,,LOW
1395035,2,10.5,Netherlands,Scotland,C de Lange,MM Dekeling,AH Maqsood,0,0,,LOW
1395035,2,10.6,Netherlands,Scotland,C de Lange,MM Dekeling,AH Maqsood,1,0,,LOW
1395035,2,11.1,Netherlands,Scotland,C de Lange,MM Dekeling,DEM Carter,1,0,,LOW
1395035,2,11.2,Netherlands,Scotland,MM Dekeling,C de Lange,DEM Carter,0,0,,LOW
1395035,2,11.3,Netherlands,Scotland,MM Dekeling,C de Lange,DEM Carter,0,0,,LOW
1395035,2,11.4,Netherlands,Scotland,MM Dekeling,C de Lange,DEM Carter,0,0,,LOW
1395035,2,11.5,Netherlands,Scotland,MM Dekeling,C de Lange,DEM Carter,0,0,,LOW
1395035,2,11.6,Netherlands,Scotland,MM Dekeling,C de Lange,DEM Carter,0,0,,LOW
1395035,2,12.1,Netherlands,Scotland,C de Lange,MM Dekeling,C Abel,0,0,,LOW
1395035,2,12.2,Netherlands,Scotland,C de Lange,MM Dekeling,C Abel,0,0,,LOW
1395035,2,12.3,Netherlands,Scotland,C de Lange,MM Dekeling,C Abel,0,0,,LOW
1395035,2,12.4,Netherlands,Scotland,C de Lange,MM Dekeling,C Abel,4,0,,HIGH
1395035,2,12.5,Netherlands,Scotland,C de Lange,MM Dekeling,C Abel,1,0,,LOW
1395035,2,12.6,Netherlands,Scotland,MM Dekeling,C de Lange,C Abel,0,1,,LOW
1395035,2,12.7,Netherlands,Scotland,MM Dekeling,C de Lange,C Abel,0,0,,LOW
1395035,2,13.1,Netherlands,Scotland,C de Lange,MM Dekeling,DEM Carter,2,0,,HIGH
1395035,2,13.2,Netherlands,Scotland,C de Lange,MM Dekeling,DEM Carter,0,0,,LOW
1395035,2,13.3,Netherlands,Scotland,C de Lange,MM Dekeling,DEM Carter,0,1,,LOW
1395035,2,13.4,Netherlands,Scotland,MM Dekeling,C de Lange,DEM Carter,0,0,,LOW
1395035,2,13.5,Netherlands,Scotland,MM Dekeling,C de Lange,DEM Carter,0,0,,LOW
1395035,2,13.6,Netherlands,Scotland,MM Dekeling,C de Lange,DEM Carter,4,0,,HIGH
1395035,2,14.1,Netherlands,Scotland,C de Lange,MM Dekeling,C Abel,0,0,,LOW
1395035,2,14.2,Netherlands,Scotland,C de Lange,MM Dekeling,C Abel,0,0,,LOW
1395035,2,14.3,Netherlands,Scotland,C de Lange,MM Dekeling,C Abel,0,0,,LOW
1395035,2,14.4,Netherlands,Scotland,C de Lange,MM Dekeling,C Abel,0,0,,LOW
1395035,2,14.5,Netherlands,Scotland,C de Lange,MM Dekeling,C Abel,0,0,caught,LOW
1395035,2,14.6,Netherlands,Scotland,I van der Woning,MM Dekeling,C Abel,0,1,,LOW
1395035,2,14.7,Netherlands,Scotland,I van der Woning,MM Dekeling,C Abel,2,0,,HIGH
1395035,2,15.1,Netherlands,Scotland,MM Dekeling,I van der Woning,M McColl,1,0,,LOW
1395035,2,15.2,Netherlands,Scotland,I van der Woning,MM Dekeling,M McColl,0,0,,LOW
1395035,2,15.3,Netherlands,Scotland,I van der Woning,MM Dekeling,M McColl,0,0,stumped,LOW
1477599,1,0.1,Pakistan,South Africa,Muneeba Ali,Gull Feroza,M Kapp,0,4,,LOW
1477599,1,0.2,Pakistan,South Africa,Muneeba Ali,Gull Feroza,M Kapp,0,0,run out,LOW
1477599,1,0.3,Pakistan,South Africa,Ayesha Zafar,Gull Feroza,M Kapp,0,1,,LOW
1477599,1,0.4,Pakistan,South Africa,Ayesha Zafar,Gull Feroza,M Kapp,0,0,,LOW
1477599,1,0.5,Pakistan,South Africa,Ayesha Zafar,Gull Feroza,M Kapp,0,0,,LOW
1477599,1,0.6,Pakistan,South Africa,Ayesha Zafar,Gull Feroza,M Kapp,1,0,,LOW
1477599,1,0.7,Pakistan,South Africa,Gull Feroza,Ayesha Zafar,M Kapp,0,0,,LOW
1477599,1,1.1,Pakistan,South Africa,Ayesha Zafar,Gull Feroza,M Klaas,0,0,,LOW
1477599,1,1.2,Pakistan,South Africa,Ayesha Zafar,Gull Feroza,M Klaas,0,1,,LOW
1477599,1,1.3,Pakistan,South Africa,Ayesha Zafar,Gull Feroza,M Klaas,2,0,,HIGH
1477599,1,1.4,Pakistan,South Africa,Ayesha Zafar,Gull Feroza,M Klaas,1,0,,LOW
1477599,1,1.5,Pakistan,South Africa,Gull Feroza,Ayesha Zafar,M Klaas,0,0,caught,LOW
1477599,1,1.6,Pakistan,South Africa,Sidra Ameen,Ayesha Zafar,M Klaas,0,0,,LOW
1477599,1,1.7,Pakistan,South Africa,Sidra Ameen,Ayesha Zafar,M Klaas,4,0,,HIGH
1477599,1,2.1,Pakistan,South Africa,Ayesha Zafar,Sidra Ameen,M Kapp,1,0,,LOW
1477599,1,2.2,Pakistan,South Africa,Sidra Ameen,Ayesha Zafar,M Kapp,1,0,,LOW
1477599,1,2.3,Pakistan,South Africa,Ayesha Zafar,Sidra Ameen,M Kapp,1,0,,LOW
1477599,1,2.4,Pakistan,South Africa,Sidra Ameen,Ayesha Zafar,M Kapp,1,0,,LOW
1477599,1,2.5,Pakistan,South Africa,Ayesha Zafar,Sidra Ameen,M Kapp,0,0,,LOW
1477599,1,2.6,Pakistan,South Africa,Ayesha Zafar,Sidra Ameen,M Kapp,1,0,,LOW
1477599,1,3.1,Pakistan,South Africa,Ayesha Zafar,Sidra Ameen,M Klaas,1,0,,LOW
1477599,1,3.2,Pakistan,South Africa,Sidra Ameen,Ayesha Zafar,M Klaas,2,0,,HIGH
1477599,1,3.3,Pakistan,South Africa,Sidra Ameen,Ayesha Zafar,M Klaas,4,0,,HIGH
1477599,1,3.4,Pakistan,South Africa,Sidra Ameen,Ayesha Zafar,M Klaas,1,0,,LOW
1477599,1,3.5,Pakistan,South Africa,Ayesha Zafar,Sidra Ameen,M Klaas,0,0,,LOW
1477599,1,3.6,Pakistan,South Africa,Ayesha Zafar,Sidra Ameen,M Klaas,6,0,,HIGH
1477599,1,4.1,Pakistan,South Africa,Sidra Ameen,Ayesha Zafar,M Kapp,0,0,,LOW
1477599,1,4.2,Pakistan,South Africa,Sidra Ameen,Ayesha Zafar,M Kapp,0,0,,LOW
1477599,1,4.3,Pakistan,South Africa,Sidra Ameen,Ayesha Zafar,M Kapp,1,0,,LOW
1477599,1,4.4,Pakistan,South Africa,Ayesha Zafar,Sidra Ameen,M Kapp,1,0,,LOW
1477599,1,4.5,Pakistan,South Africa,Sidra Ameen,Ayesha Zafar,M Kapp,2,0,,HIGH
1477599,1,4.6,Pakistan,South Africa,Sidra Ameen,Ayesha Zafar,M Kapp,0,0,,LOW
1477599,1,5.1,Pakistan,South Africa,Ayesha Zafar,Sidra Ameen,A Khaka,1,0,,LOW
1477599,1,5.2,Pakistan,South Africa,Sidra Ameen,Ayesha Zafar,A Khaka,0,4,,LOW
1477599,1,5.3,Pakistan,South Africa,Sidra Ameen,Ayesha Zafar,A Khaka,1,0,,LOW
1477599,1,5.4,Pakistan,South Africa,Ayesha Zafar,Sidra Ameen,A Khaka,1,0,,LOW
1477599,1,5.5,Pakistan,South Africa,Sidra Ameen,Ayesha Zafar,A Khaka,1,0,,LOW
1477599,1,5.6,Pakistan,South Africa,Ayesha Zafar,Sidra Ameen,A Khaka,1,0,,LOW
1477599,1,6.1,Pakistan,South Africa,Ayesha Zafar,Sidra Ameen,N Mlaba,0,0,,LOW
1477599,1,6.2,Pakistan,South Africa,Ayesha Zafar,Sidra Ameen,N Mlaba,1,0,,LOW
1477599,1,6.3,Pakistan,South Africa,Sidra Ameen,Ayesha Zafar,N Mlaba,1,0,,LOW
1477599,1,6.4,Pakistan,South Africa,Ayesha Zafar,Sidra Ameen,N Mlaba,0,0,,LOW
1477599,1,6.5,Pakistan,South Africa,Ayesha Zafar,Sidra Ameen,N Mlaba,0,0,caught,LOW
1477599,1,6.6,Pakistan,South Africa,Natalia Pervaiz,Sidra Ameen,N Mlaba,0,0,,LOW
1477599,1,7.1,Pakistan,South Africa,Sidra Ameen,Natalia Pervaiz,A Dercksen,1,0,,LOW
1477599,1,7.2,Pakistan,South Africa,Natalia Pervaiz,Sidra Ameen,A Dercksen,0,0,,LOW
1477599,1,7.3,Pakistan,South Africa,Natalia Pervaiz,Sidra Ameen,A Dercksen,1,0,,LOW
1477599,1,7.4,Pakistan,South Africa,Sidra Ameen,Natalia Pervaiz,A Dercksen,1,0,,LOW
1477599,1,7.5,Pakistan,South Africa,Natalia Pervaiz,Sidra Ameen,A Dercksen,0,0,,LOW
1477599,1,7.6,Pakistan,South Africa,Natalia Pervaiz,Sidra Ameen,A Dercksen,0,0,,LOW
1477599,1,8.1,Pakistan,South Africa,Sidra Ameen,Natalia Pervaiz,N de Klerk,0,0,,LOW
1477599,1,8.2,Pakistan,South Africa,Sidra Ameen,Natalia Pervaiz,N de Klerk,1,0,,LOW
1477599,1,8.3,Pakistan,South Africa,Natalia Pervaiz,Sidra Ameen,N de Klerk,0,0,,LOW
1477599,1,8.4,Pakistan,South Africa,Natalia Pervaiz,Sidra Ameen,N de Klerk,0,0,,LOW
1477599,1,8.5,Pakistan,South Africa,Natalia Pervaiz,Sidra Ameen,N de Klerk,0,2,,LOW
1477599,1,8.6,Pakistan,South Africa,Natalia Pervaiz,Sidra Ameen,N de Klerk,0,0,,LOW
1477599,1,9.1,Pakistan,South Africa,Sidra Ameen,Natalia Pervaiz,N Mlaba,0,0,,LOW
1477599,1,9.2,Pakistan,South Africa,Sidra Ameen,Natalia Pervaiz,N Mlaba,1,0,,LOW
1477599,1,9.3,Pakistan,South Africa,Natalia Pervaiz,Sidra Ameen,N Mlaba,3,0,,HIGH
1477599,1,9.4,Pakistan,South Africa,Sidra Ameen,Natalia Pervaiz,N Mlaba,0,0,,LOW
1477599,1,9.5,Pakistan,South Africa,Sidra Ameen,Natalia Pervaiz,N Mlaba,2,0,,HIGH
1477599,1,9.6,Pakistan,South Africa,Sidra Ameen,Natalia Pervaiz,N Mlaba,1,0,run out,LOW
1477599,1,10.1,Pakistan,South Africa,Natalia Pervaiz,Aliya Riaz,A Dercksen,1,0,,LOW
1477599,1,10.2,Pakistan,South Africa,Aliya Riaz,Natalia Pervaiz,A Dercksen,0,0,,LOW
1477599,1,10.3,Pakistan,South Africa,Aliya Riaz,Natalia Pervaiz,A Dercksen,1,0,,LOW
1477599,1,10.4,Pakistan,South Africa,Natalia Pervaiz,Aliya Riaz,A Dercksen,0,1,,LOW
1477599,1,10.5,Pakistan,South Africa,Natalia Pervaiz,Aliya Riaz,A Dercksen,0,1,,LOW
1477599,1,10.6,Pakistan,South Africa,Natalia Pervaiz,Aliya Riaz,A Dercksen,1,0,,LOW
1477599,1,10.7,Pakistan,South Africa,Aliya Riaz,Natalia Pervaiz,A Dercksen,1,0,,LOW
1477599,1,10.8,Pakistan,South Africa,Natalia Pervaiz,Aliya Riaz,A Dercksen,1,0,,LOW
1477599,1,11.1,Pakistan,South Africa,Natalia Pervaiz,Aliya Riaz,A Khaka,0,0,,LOW
1477599,1,11.2,Pakistan,South Africa,Natalia Pervaiz,Aliya Riaz,A Khaka,0,0,caught,LOW
1477599,1,11.3,Pakistan,South Africa,Fatima Sana,Aliya Riaz,A Khaka,0,0,,LOW
1477599,1,11.4,Pakistan,South Africa,Fatima Sana,Aliya Riaz,A Khaka,4,0,,HIGH
1477599,1,11.5,Pakistan,South Africa,Fatima Sana,Aliya Riaz,A Khaka,0,0,,LOW
1477599,1,11.6,Pakistan,South Africa,Fatima Sana,Aliya Riaz,A Khaka,1,0,,LOW
1477599,1,12.1,Pakistan,South Africa,Fatima Sana,Aliya Riaz,N de Klerk,0,1,,LOW
1477599,1,12.2,Pakistan,South Africa,Aliya Riaz,Fatima Sana,N de Klerk,2,0,,HIGH
1477599,1,12.3,Pakistan,South Africa,Aliya Riaz,Fatima Sana,N de Klerk,1,0,,LOW
1477599,1,12.4,Pakistan,South Africa,Fatima Sana,Aliya Riaz,N de Klerk,4,0,,HIGH
1477599,1,12.5,Pakistan,South Africa,Fatima Sana,Aliya Riaz,N de Klerk,2,0,,HIGH
1477599,1,12.6,Pakistan,South Africa,Fatima Sana,Aliya Riaz,N de Klerk,6,0,,HIGH
1477599,1,13.1,Pakistan,South Africa,Aliya Riaz,Fatima Sana,N Mlaba,0,0,,LOW
1477599,1,13.2,Pakistan,South Africa,Aliya Riaz,Fatima Sana,N Mlaba,0,0,,LOW
1477599,1,13.3,Pakistan,South Africa,Aliya Riaz,Fatima Sana,N Mlaba,1,0,,LOW
1477599,1,13.4,Pakistan,South Africa,Fatima Sana,Aliya Riaz,N Mlaba,1,0,,LOW
1477599,1,13.5,Pakistan,South Africa,Aliya Riaz,Fatima Sana,N Mlaba,0,0,,LOW
1477599,1,13.6,Pakistan,South Africa,Aliya Riaz,Fatima Sana,N Mlaba,1,0,,LOW
1477599,1,14.1,Pakistan,South Africa,Aliya Riaz,Fatima Sana,M Klaas,0,0,,LOW
1477599,1,14.2,Pakistan,South Africa,Aliya Riaz,Fatima Sana,M Klaas,1,0,,LOW
1477599,1,14.3,Pakistan,South Africa,Fatima Sana,Aliya Riaz,M Klaas,4,0,,HIGH
1477599,1,14.4,Pakistan,South Africa,Fatima Sana,Aliya Riaz,M Klaas,0,0,,LOW
1477599,1,14.5,Pakistan,South Africa,Fatima Sana,Aliya Riaz,M Klaas,1,0,,LOW
1477599,1,14.6,Pakistan,South Africa,Aliya Riaz,Fatima Sana,M Klaas,4,0,,HIGH
1477599,1,15.1,Pakistan,South Africa,Fatima Sana,Aliya Riaz,A Khaka,1,0,,LOW
1477599,1,15.2,Pakistan,South Africa,Aliya Riaz,Fatima Sana,A Khaka,0,0,,LOW
1477599,1,15.3,Pakistan,South Africa,Aliya Riaz,Fatima Sana,A Khaka,1,0,,LOW
1477599,1,15.4,Pakistan,South Africa,Fatima Sana,Aliya Riaz,A Khaka,0,0,,LOW
1477599,1,15.5,Pakistan,South Africa,Fatima Sana,Aliya Riaz,A Khaka,1,0,,LOW
1477599,1,15.6,Pakistan,South Africa,Aliya Riaz,Fatima Sana,A Khaka,0,0,,LOW
1477599,1,16.1,Pakistan,South Africa,Fatima Sana,Aliya Riaz,N de Klerk,1,0,,LOW
1477599,1,16.2,Pakistan,South Africa,Aliya Riaz,Fatima Sana,N de Klerk,1,0,,LOW
1477599,1,16.3,Pakistan,South Africa,Fatima Sana,Aliya Riaz,N de Klerk,1,0,,LOW
1477599,1,16.4,Pakistan,South Africa,Aliya Riaz,Fatima Sana,N de Klerk,4,0,,HIGH
1477599,1,16.5,Pakistan,South Africa,Aliya Riaz,Fatima Sana,N de Klerk,0,0,,LOW
1477599,1,16.6,Pakistan,South Africa,Aliya Riaz,Fatima Sana,N de Klerk,4,0,,HIGH
1477599,1,17.1,Pakistan,South Africa,Fatima Sana,Aliya Riaz,N Mlaba,6,0,,HIGH
1477599,1,17.2,Pakistan,South Africa,Fatima Sana,Aliya Riaz,N Mlaba,1,0,,LOW
1477599,1,17.3,Pakistan,South Africa,Aliya Riaz,Fatima Sana,N Mlaba,0,1,,LOW
1477599,1,17.4,Pakistan,South Africa,Aliya Riaz,Fatima Sana,N Mlaba,1,0,,LOW
1477599,1,17.5,Pakistan,South Africa,Fatima Sana,Aliya Riaz,N Mlaba,1,0,,LOW
1477599,1,17.6,Pakistan,South Africa,Aliya Riaz,Fatima Sana,N Mlaba,0,0,,LOW
1477599,1,17.7,Pakistan,South Africa,Aliya Riaz,Fatima Sana,N Mlaba,0,0,,LOW
1477599,1,18.1,Pakistan,South Africa,Fatima Sana,Aliya Riaz,A Khaka,0,1,,LOW
1477599,1,18.2,Pakistan,South Africa,Fatima Sana,Aliya Riaz,A Khaka,0,1,,LOW
1477599,1,18.3,Pakistan,South Africa,Fatima Sana,Aliya Riaz,A Khaka,4,0,,HIGH
1477599,1,18.4,Pakistan,South Africa,Fatima Sana,Aliya Riaz,A Khaka,0,1,,LOW
1477599,1,18.5,Pakistan,South Africa,Fatima Sana,Aliya Riaz,A Khaka,1,0,,LOW
1477599,1,18.6,Pakistan,South Africa,Aliya Riaz,Fatima Sana,A Khaka,2,0,,HIGH
1477599,1,18.7,Pakistan,South Africa,Aliya Riaz,Fatima Sana,A Khaka,1,0,,LOW
1477599,1,18.8,Pakistan,South Africa,Fatima Sana,Aliya Riaz,A Khaka,1,0,run out,LOW
1477599,1,18.9,Pakistan,South Africa,Fatima Sana,Tuba Hassan,A Khaka,1,0,,LOW
1477599,1,19.1,Pakistan,South Africa,Fatima Sana,Tuba Hassan,N de Klerk,0,0,,LOW
1477599,1,19.2,Pakistan,South Africa,Fatima Sana,Tuba Hassan,N de Klerk,2,0,,HIGH
1477599,1,19.3,Pakistan,South Africa,Fatima Sana,Tuba Hassan,N de Klerk,1,0,run out,LOW
1477599,1,19.4,Pakistan,South Africa,Fatima Sana,Tasmia Rubab,N de Klerk,2,0,,HIGH
1477599,1,19.5,Pakistan,South Africa,Fatima Sana,Tasmia Rubab,N de Klerk,0,0,,LOW
1477599,1,19.6,Pakistan,South Africa,Fatima Sana,Tasmia Rubab,N de Klerk,0,0,,LOW
1477599,2,0.1,South Africa,Pakistan,T Brits,L Goodall,Fatima Sana,0,0,,LOW
1477599,2,0.2,South Africa,Pakistan,T Brits,L Goodall,Fatima Sana,0,0,,LOW
1477599,2,0.3,South Africa,Pakistan,T Brits,L Goodall,Fatima Sana,0,0,caught,LOW
1477599,2,0.4,South Africa,Pakistan,L Wolvaardt,L Goodall,Fatima Sana,0,1,,LOW
1477599,2,0.5,South Africa,Pakistan,L Wolvaardt,L Goodall,Fatima Sana,0,0,,LOW
1477599,2,0.6,South Africa,Pakistan,L Wolvaardt,L Goodall,Fatima Sana,0,0,,LOW
1477599,2,0.7,South Africa,Pakistan,L Wolvaardt,L Goodall,Fatima Sana,0,0,,LOW
1477599,2,1.1,South Africa,Pakistan,L Goodall,L Wolvaardt,Tasmia Rubab,0,1,,LOW
1477599,2,1.2,South Africa,Pakistan,L Goodall,L Wolvaardt,Tasmia Rubab,4,0,,HIGH
1477599,2,1.3,South Africa,Pakistan,L Goodall,L Wolvaardt,Tasmia Rubab,0,1,,LOW
1477599,2,1.4,South Africa,Pakistan,L Goodall,L Wolvaardt,Tasmia Rubab,1,0,,LOW
1477599,2,1.5,South Africa,Pakistan,L Wolvaardt,L Goodall,Tasmia Rubab,1,0,,LOW
1477599,2,1.6,South Africa,Pakistan,L Goodall,L Wolvaardt,Tasmia Rubab,0,0,,LOW
1477599,2,1.7,South Africa,Pakistan,L Goodall,L Wolvaardt,Tasmia Rubab,0,0,,LOW
1477599,2,1.8,South Africa,Pakistan,L Goodall,L Wolvaardt,Tasmia Rubab,0,1,,LOW
1477599,2,1.9,South Africa,Pakistan,L Goodall,L Wolvaardt,Tasmia Rubab,6,0,,HIGH
1477599,2,2.1,South Africa,Pakistan,L Wolvaardt,L Goodall,Fatima Sana,4,0,,HIGH
1477599,2,2.2,South Africa,Pakistan,L Wolvaardt,L Goodall,Fatima Sana,2,0,,HIGH
1477599,2,2.3,South Africa,Pakistan,L Wolvaardt,L Goodall,Fatima Sana,4,0,,HIGH
1477599,2,2.4,South Africa,Pakistan,L Wolvaardt,L Goodall,Fatima Sana,0,0,,LOW
1477599,2,2.5,South Africa,Pakistan,L Wolvaardt,L Goodall,Fatima Sana,0,0,,LOW
1477599,2,2.6,South Africa,Pakistan,L Wolvaardt,L Goodall,Fatima Sana,0,0,,LOW
1477599,2,3.1,South Africa,Pakistan,L Goodall,L Wolvaardt,Sadia Iqbal,0,0,,LOW
1477599,2,3.2,South Africa,Pakistan,L Goodall,L Wolvaardt,Sadia Iqbal,0,0,caught,LOW
1477599,2,3.3,South Africa,Pakistan,D van Niekerk,L Wolvaardt,Sadia Iqbal,0,0,,LOW
1477599,2,3.4,South Africa,Pakistan,D van Niekerk,L Wolvaardt,Sadia Iqbal,0,0,caught,LOW
1477599,2,3.5,South Africa,Pakistan,N de Klerk,L Wolvaardt,Sadia Iqbal,4,0,,HIGH
1477599,2,3.6,South Africa,Pakistan,N de Klerk,L Wolvaardt,Sadia Iqbal,0,0,,LOW
1477599,2,4.1,South Africa,Pakistan,L Wolvaardt,N de Klerk,Fatima Sana,0,0,caught,LOW
1477599,2,4.2,South Africa,Pakistan,A Dercksen,N de Klerk,Fatima Sana,0,0,,LOW
1477599,2,4.3,South Africa,Pakistan,A Dercksen,N de Klerk,Fatima Sana,0,0,,LOW
1477599,2,4.4,South Africa,Pakistan,A Dercksen,N de Klerk,Fatima Sana,0,0,,LOW
1477599,2,4.5,South Africa,Pakistan,A Dercksen,N de Klerk,Fatima Sana,0,0,,LOW
1477599,2,4.6,South Africa,Pakistan,A Dercksen,N de Klerk,Fatima Sana,1,0,,LOW
1477599,2,5.1,South Africa,Pakistan,A Dercksen,N de Klerk,Sadia Iqbal,0,0,,LOW
1477599,2,5.2,South Africa,Pakistan,A Dercksen,N de Klerk,Sadia Iqbal,0,0,,LOW
1477599,2,5.3,South Africa,Pakistan,A Dercksen,N de Klerk,Sadia Iqbal,4,0,,HIGH
1477599,2,5.4,South Africa,Pakistan,A Dercksen,N de Klerk,Sadia Iqbal,0,0,,LOW
1477599,2,5.5,South Africa,Pakistan,A Dercksen,N de Klerk,Sadia Iqbal,0,0,,LOW
1477599,2,5.6,South Africa,Pakistan,A Dercksen,N de Klerk,Sadia Iqbal,1,0,,LOW
1477599,2,6.1,South Africa,Pakistan,A Dercksen,N de Klerk,Nashra Sandhu,0,0,,LOW
1477599,2,6.2,South Africa,Pakistan,A Dercksen,N de Klerk,Nashra Sandhu,1,0,,LOW
1477599,2,6.3,South Africa,Pakistan,N de Klerk,A Dercksen,Nashra Sandhu,1,0,,LOW
1477599,2,6.4,South Africa,Pakistan,A Dercksen,N de Klerk,Nashra Sandhu,1,0,,LOW
1477599,2,6.5,South Africa,Pakistan,N de Klerk,A Dercksen,Nashra Sandhu,1,0,,LOW
1477599,2,6.6,South Africa,Pakistan,A Dercksen,N de Klerk,Nashra Sandhu,1,0,,LOW
1477599,2,7.1,South Africa,Pakistan,A Dercksen,N de Klerk,Tuba Hassan,4,0,,HIGH
1477599,2,7.2,South Africa,Pakistan,A Dercksen,N de Klerk,Tuba Hassan,1,0,,LOW
1477599,2,7.3,South Africa,Pakistan,N de Klerk,A Dercksen,Tuba Hassan,0,0,,LOW
1477599,2,7.4,South Africa,Pakistan,N de Klerk,A Dercksen,Tuba Hassan,0,0,,LOW
1477599,2,7.5,South Africa,Pakistan,N de Klerk,A Dercksen,Tuba Hassan,4,0,,HIGH
1477599,2,7.6,South Africa,Pakistan,N de Klerk,A Dercksen,Tuba Hassan,0,0,,LOW
1477599,2,8.1,South Africa,Pakistan,A Dercksen,N de Klerk,Nashra Sandhu,1,0,,LOW
1477599,2,8.2,South Africa,Pakistan,N de Klerk,A Dercksen,Nashra Sandhu,1,0,,LOW
1477599,2,8.3,South Africa,Pakistan,A Dercksen,N de Klerk,Nashra Sandhu,0,0,,LOW
1477599,2,8.4,South Africa,Pakistan,A Dercksen,N de Klerk,Nashra Sandhu,0,0,,LOW
1477599,2,8.5,South Africa,Pakistan,A Dercksen,N de Klerk,Nashra Sandhu,0,0,,LOW
1477599,2,8.6,South Africa,Pakistan,A Dercksen,N de Klerk,Nashra Sandhu,0,0,,LOW
1477599,2,9.1,South Africa,Pakistan,N de Klerk,A Dercksen,Tuba Hassan,0,0,,LOW
1477599,2,9.2,South Africa,Pakistan,N de Klerk,A Dercksen,Tuba Hassan,1,0,,LOW
1477599,2,9.3,South Africa,Pakistan,A Dercksen,N de Klerk,Tuba Hassan,0,0,,LOW
1477599,2,9.4,South Africa,Pakistan,A Dercksen,N de Klerk,Tuba Hassan,1,0,,LOW
1477599,2,9.5,South Africa,Pakistan,N de Klerk,A Dercksen,Tuba Hassan,1,0,,LOW
1477599,2,9.6,South Africa,Pakistan,A Dercksen,N de Klerk,Tuba Hassan,1,0,,LOW
1477599,2,10.1,South Africa,Pakistan,A Dercksen,N de Klerk,Nashra Sandhu,0,0,,LOW
1477599,2,10.2,South Africa,Pakistan,A Dercksen,N de Klerk,Nashra Sandhu,0,0,,LOW
1477599,2,10.3,South Africa,Pakistan,A Dercksen,N de Klerk,Nashra Sandhu,1,0,,LOW
1477599,2,10.4,South Africa,Pakistan,N de Klerk,A Dercksen,Nashra Sandhu,0,0,,LOW
1477599,2,10.5,South Africa,Pakistan,N de Klerk,A Dercksen,Nashra Sandhu,0,1,,LOW
1477599,2,10.6,South Africa,Pakistan,A Dercksen,N de Klerk,Nashra Sandhu,1,0,,LOW
1477599,2,11.1,South Africa,Pakistan,A Dercksen,N de Klerk,Tuba Hassan,4,0,,HIGH
1477599,2,11.2,South Africa,Pakistan,A Dercksen,N de Klerk,Tuba Hassan,1,0,,LOW
1477599,2,11.3,South Africa,Pakistan,N de Klerk,A Dercksen,Tuba Hassan,0,0,,LOW
1477599,2,11.4,South Africa,Pakistan,N de Klerk,A Dercksen,Tuba Hassan,0,0,,LOW
1477599,2,11.5,South Africa,Pakistan,N de Klerk,A Dercksen,Tuba Hassan,1,0,,LOW
1477599,2,11.6,South Africa,Pakistan,A Dercksen,N de Klerk,Tuba Hassan,1,0,,LOW
1477599,2,12.1,South Africa,Pakistan,A Dercksen,N de Klerk,Sadia Iqbal,2,0,,HIGH
1477599,2,12.2,South Africa,Pakistan,A Dercksen,N de Klerk,Sadia Iqbal,1,0,,LOW
1477599,2,12.3,South Africa,Pakistan,N de Klerk,A Dercksen,Sadia Iqbal,1,0,,LOW
1477599,2,12.4,South Africa,Pakistan,A Dercksen,N de Klerk,Sadia Iqbal,1,0,,LOW
1477599,2,12.5,South Africa,Pakistan,N de Klerk,A Dercksen,Sadia Iqbal,0,0,,LOW
1477599,2,12.6,South Africa,Pakistan,N de Klerk,A Dercksen,Sadia Iqbal,1,0,,LOW
1477599,2,13.1,South Africa,Pakistan,N de Klerk,A Dercksen,Ayesha Zafar,4,0,,HIGH
1477599,2,13.2,South Africa,Pakistan,N de Klerk,A Dercksen,Ayesha Zafar,0,0,,LOW
1477599,2,13.3,South Africa,Pakistan,N de Klerk,A Dercksen,Ayesha Zafar,1,0,,LOW
1477599,2,13.4,South Africa,Pakistan,A Dercksen,N de Klerk,Ayesha Zafar,0,0,,LOW
1477599,2,13.5,South Africa,Pakistan,A Dercksen,N de Klerk,Ayesha Zafar,1,0,,LOW
1477599,2,13.6,South Africa,Pakistan,N de Klerk,A Dercksen,Ayesha Zafar,1,0,,LOW
1477599,2,14.1,South Africa,Pakistan,N de Klerk,A Dercksen,Nashra Sandhu,0,0,,LOW
1477599,2,14.2,South Africa,Pakistan,N de Klerk,A Dercksen,Nashra Sandhu,4,0,,HIGH
1477599,2,14.3,South Africa,Pakistan,N de Klerk,A Dercksen,Nashra Sandhu,1,0,,LOW
1477599,2,14.4,South Africa,Pakistan,A Dercksen,N de Klerk,Nashra Sandhu,0,1,,LOW
1477599,2,14.5,South Africa,Pakistan,N de Klerk,A Dercksen,Nashra Sandhu,0,0,,LOW
1477599,2,14.6,South Africa,Pakistan,N de Klerk,A Dercksen,Nashra Sandhu,0,0,run out,LOW
1477599,2,15.1,South Africa,Pakistan,K Meso,N de Klerk,Ayesha Zafar,1,0,,LOW
1477599,2,15.2,South Africa,Pakistan,N de Klerk,K Meso,Ayesha Zafar,0,0,caught,LOW
1477599,2,15.3,South Africa,Pakistan,M Klaas,K Meso,Ayesha Zafar,0,0,,LOW
1477599,2,15.4,South Africa,Pakistan,M Klaas,K Meso,Ayesha Zafar,1,0,,LOW
1477599,2,15.5,South Africa,Pakistan,K Meso,M Klaas,Ayesha Zafar,1,0,,LOW
1477599,2,15.6,South Africa,Pakistan,M Klaas,K Meso,Ayesha Zafar,0,0,run out,LOW
1477599,2,16.1,South Africa,Pakistan,A Khaka,K Meso,Sadia Iqbal,1,0,run out,LOW
1477599,2,16.2,South Africa,Pakistan,N Mlaba,K Meso,Sadia Iqbal,1,0,,LOW
1477599,2,16.3,South Africa,Pakistan,K Meso,N Mlaba,Sadia Iqbal,0,0,,LOW
1477599,2,16.4,South Africa,Pakistan,K Meso,N Mlaba,Sadia Iqbal,1,0,,LOW
1477599,2,16.5,South Africa,Pakistan,N Mlaba,K Meso,Sadia Iqbal,0,0,caught,LOW
1336952,1,0.1,Japan,South Korea,L Yamamoto-Lake,S Navaratne,Aamir Lal,1,0,,LOW
1336952,1,0.2,Japan,South Korea,S Navaratne,L Yamamoto-Lake,Aamir Lal,1,0,,LOW
1336952,1,0.3,Japan,South Korea,L Yamamoto-Lake,S Navaratne,Aamir Lal,0,0,caught,LOW
1336952,1,0.4,Japan,South Korea,K Kadowaki-Fleming,S Navaratne,Aamir Lal,0,0,,LOW
1336952,1,0.5,Japan,South Korea,K Kadowaki-Fleming,S Navaratne,Aamir Lal,0,0,,LOW
1336952,1,0.6,Japan,South Korea,K Kadowaki-Fleming,S Navaratne,Aamir Lal,0,0,,LOW
1336952,1,1.1,Japan,South Korea,S Navaratne,K Kadowaki-Fleming,Mudassir Iqbal,0,0,,LOW
1336952,1,1.2,Japan,South Korea,S Navaratne,K Kadowaki-Fleming,Mudassir Iqbal,0,0,,LOW
1336952,1,1.3,Japan,South Korea,S Navaratne,K Kadowaki-Fleming,Mudassir Iqbal,1,0,,LOW
1336952,1,1.4,Japan,South Korea,K Kadowaki-Fleming,S Navaratne,Mudassir Iqbal,0,1,,LOW
1336952,1,1.5,Japan,South Korea,K Kadowaki-Fleming,S Navaratne,Mudassir Iqbal,4,0,,HIGH
1336952,1,1.6,Japan,South Korea,K Kadowaki-Fleming,S Navaratne,Mudassir Iqbal,4,0,,HIGH
1336952,1,1.7,Japan,South Korea,K Kadowaki-Fleming,S Navaratne,Mudassir Iqbal,4,0,,HIGH
1336952,1,2.1,Japan,South Korea,S Navaratne,K Kadowaki-Fleming,Aamir Lal,6,0,,HIGH
1336952,1,2.2,Japan,South Korea,S Navaratne,K Kadowaki-Fleming,Aamir Lal,1,0,,LOW
1336952,1,2.3,Japan,South Korea,K Kadowaki-Fleming,S Navaratne,Aamir Lal,0,0,,LOW
1336952,1,2.4,Japan,South Korea,K Kadowaki-Fleming,S Navaratne,Aamir Lal,4,0,,HIGH
1336952,1,2.5,Japan,South Korea,K Kadowaki-Fleming,S Navaratne,Aamir Lal,4,0,,HIGH
1336952,1,2.6,Japan,South Korea,K Kadowaki-Fleming,S Navaratne,Aamir Lal,0,0,,LOW
1336952,1,3.1,Japan,South Korea,S Navaratne,K Kadowaki-Fleming,Sana Ullah,0,0,,LOW
1336952,1,3.2,Japan,South Korea,S Navaratne,K Kadowaki-Fleming,Sana Ullah,1,0,,LOW
1336952,1,3.3,Japan,South Korea,K Kadowaki-Fleming,S Navaratne,Sana Ullah,1,0,,LOW
1336952,1,3.4,Japan,South Korea,S Navaratne,K Kadowaki-Fleming,Sana Ullah,0,0,,LOW
1336952,1,3.5,Japan,South Korea,S Navaratne,K Kadowaki-Fleming,Sana Ullah,0,0,,LOW
1336952,1,3.6,Japan,South Korea,S Navaratne,K Kadowaki-Fleming,Sana Ullah,1,0,,LOW
1336952,1,4.1,Japan,South Korea,S Navaratne,K Kadowaki-Fleming,Alam Nakash,0,0,,LOW
1336952,1,4.2,Japan,South Korea,S Navaratne,K Kadowaki-Fleming,Alam Nakash,2,0,,HIGH
1336952,1,4.3,Japan,South Korea,S Navaratne,K Kadowaki-Fleming,Alam Nakash,0,0,,LOW
1336952,1,4.4,Japan,South Korea,S Navaratne,K Kadowaki-Fleming,Alam Nakash,1,0,,LOW
1336952,1,4.5,Japan,South Korea,K Kadowaki-Fleming,S Navaratne,Alam Nakash,6,0,,HIGH
1336952,1,4.6,Japan,South Korea,K Kadowaki-Fleming,S Navaratne,Alam Nakash,2,0,,HIGH
1336952,1,5.1,Japan,South Korea,S Navaratne,K Kadowaki-Fleming,Sana Ullah,1,0,,LOW
1336952,1,5.2,Japan,South Korea,K Kadowaki-Fleming,S Navaratne,Sana Ullah,6,0,,HIGH
1336952,1,5.3,Japan,South Korea,K Kadowaki-Fleming,S Navaratne,Sana Ullah,0,0,,LOW
1336952,1,5.4,Japan,South Korea,K Kadowaki-Fleming,S Navaratne,Sana Ullah,4,0,,HIGH
1336952,1,5.5,Japan,South Korea,K Kadowaki-Fleming,S Navaratne,Sana Ullah,1,0,,LOW
1336952,1,5.6,Japan,South Korea,S Navaratne,K Kadowaki-Fleming,Sana Ullah,6,0,,HIGH
1336952,1,6.1,Japan,South Korea,K Kadowaki-Fleming,S Navaratne,Kim Daeyeon,0,0,,LOW
1336952,1,6.2,Japan,South Korea,K Kadowaki-Fleming,S Navaratne,Kim Daeyeon,1,0,,LOW
1336952,1,6.3,Japan,South Korea,S Navaratne,K Kadowaki-Fleming,Kim Daeyeon,0,0,caught,LOW
1336952,1,6.4,Japan,South Korea,S Ravichandran,K Kadowaki-Fleming,Kim Daeyeon,0,0,,LOW
1336952,1,6.5,Japan,South Korea,S Ravichandran,K Kadowaki-Fleming,Kim Daeyeon,1,0,,LOW
1336952,1,6.6,Japan,South Korea,K Kadowaki-Fleming,S Ravichandran,Kim Daeyeon,6,0,,HIGH
1336952,1,7.1,Japan,South Korea,S Ravichandran,K Kadowaki-Fleming,Asif Iqbal,0,0,,LOW
1336952,1,7.2,Japan,South Korea,S Ravichandran,K Kadowaki-Fleming,Asif Iqbal,0,0,,LOW
1336952,1,7.3,Japan,South Korea,S Ravichandran,K Kadowaki-Fleming,Asif Iqbal,1,0,,LOW
1336952,1,7.4,Japan,South Korea,K Kadowaki-Fleming,S Ravichandran,Asif Iqbal,4,0,,HIGH
1336952,1,7.5,Japan,South Korea,K Kadowaki-Fleming,S Ravichandran,Asif Iqbal,0,0,,LOW
1336952,1,7.6,Japan,South Korea,K Kadowaki-Fleming,S Ravichandran,Asif Iqbal,1,0,,LOW
1336952,1,8.1,Japan,South Korea,K Kadowaki-Fleming,S Ravichandran,Aamir Lal,1,0,,LOW
1336952,1,8.2,Japan,South Korea,S Ravichandran,K Kadowaki-Fleming,Aamir Lal,0,1,,LOW
1336952,1,8.3,Japan,South Korea,K Kadowaki-Fleming,S Ravichandran,Aamir Lal,2,0,,HIGH
1336952,1,8.4,Japan,South Korea,K Kadowaki-Fleming,S Ravichandran,Aamir Lal,1,0,,LOW
1336952,1,8.5,Japan,South Korea,S Ravichandran,K Kadowaki-Fleming,Aamir Lal,6,0,,HIGH
1336952,1,8.6,Japan,South Korea,S Ravichandran,K Kadowaki-Fleming,Aamir Lal,0,0,,LOW
1336952,1,9.1,Japan,South Korea,K Kadowaki-Fleming,S Ravichandran,Kuldeep Gurjar,0,0,,LOW
1336952,1,9.2,Japan,South Korea,K Kadowaki-Fleming,S Ravichandran,Kuldeep Gurjar,6,0,,HIGH
1336952,1,9.3,Japan,South Korea,K Kadowaki-Fleming,S Ravichandran,Kuldeep Gurjar,6,0,,HIGH
1336952,1,9.4,Japan,South Korea,K Kadowaki-Fleming,S Ravichandran,Kuldeep Gurjar,6,0,,HIGH
1336952,1,9.5,Japan,South Korea,K Kadowaki-Fleming,S Ravichandran,Kuldeep Gurjar,6,0,,HIGH
1336952,1,9.6,Japan,South Korea,K Kadowaki-Fleming,S Ravichandran,Kuldeep Gurjar,6,0,,HIGH
1336952,1,10.1,Japan,South Korea,S Ravichandran,K Kadowaki-Fleming,Alam Nakash,1,0,,LOW
1336952,1,10.2,Japan,South Korea,K Kadowaki-Fleming,S Ravichandran,Alam Nakash,1,0,,LOW
1336952,1,10.3,Japan,South Korea,S Ravichandran,K Kadowaki-Fleming,Alam Nakash,0,1,,LOW
1336952,1,10.4,Japan,South Korea,K Kadowaki-Fleming,S Ravichandran,Alam Nakash,0,0,,LOW
1336952,1,10.5,Japan,South Korea,K Kadowaki-Fleming,S Ravichandran,Alam Nakash,0,0,,LOW
1336952,1,10.6,Japan,South Korea,K Kadowaki-Fleming,S Ravichandran,Alam Nakash,0,0,,LOW
1336952,1,11.1,Japan,South Korea,S Ravichandran,K Kadowaki-Fleming,Mudassir Iqbal,1,0,,LOW
1336952,1,11.2,Japan,South Korea,K Kadowaki-Fleming,S Ravichandran,Mudassir Iqbal,0,0,,LOW
1336952,1,11.3,Japan,South Korea,K Kadowaki-Fleming,S Ravichandran,Mudassir Iqbal,4,0,,HIGH
1336952,1,11.4,Japan,South Korea,K Kadowaki-Fleming,S Ravichandran,Mudassir Iqbal,6,0,,HIGH
1336952,1,11.5,Japan,South Korea,K Kadowaki-Fleming,S Ravichandran,Mudassir Iqbal,6,0,,HIGH
1336952,1,11.6,Japan,South Korea,K Kadowaki-Fleming,S Ravichandran,Mudassir Iqbal,1,0,,LOW
1336952,1,12.1,Japan,South Korea,K Kadowaki-Fleming,S Ravichandran,Sana Ullah,1,0,,LOW
1336952,1,12.2,Japan,South Korea,S Ravichandran,K Kadowaki-Fleming,Sana Ullah,1,0,,LOW
1336952,1,12.3,Japan,South Korea,K Kadowaki-Fleming,S Ravichandran,Sana Ullah,4,0,,HIGH
1336952,1,12.4,Japan,South Korea,K Kadowaki-Fleming,S Ravichandran,Sana Ullah,4,0,,HIGH
1336952,1,12.5,Japan,South Korea,K Kadowaki-Fleming,S Ravichandran,Sana Ullah,1,0,,LOW
1336952,1,12.6,Japan,South Korea,S Ravichandran,K Kadowaki-Fleming,Sana Ullah,1,0,,LOW
1336952,1,13.1,Japan,South Korea,S Ravichandran,K Kadowaki-Fleming,Asif Iqbal,1,0,,LOW
1336952,1,13.2,Japan,South Korea,K Kadowaki-Fleming,S Ravichandran,Asif Iqbal,0,0,caught,LOW
1336952,1,13.3,Japan,South Korea,S Kimura,S Ravichandran,Asif Iqbal,1,0,,LOW
1336952,1,13.4,Japan,South Korea,S Ravichandran,S Kimura,Asif Iqbal,1,0,,LOW
1336952,1,13.5,Japan,South Korea,S Kimura,S Ravichandran,Asif Iqbal,1,0,,LOW
1336952,1,13.6,Japan,South Korea,S Ravichandran,S Kimura,Asif Iqbal,2,0,,HIGH
1336952,1,14.1,Japan,South Korea,S Kimura,S Ravichandran,Kim Daeyeon,0,0,,LOW
1336952,1,14.2,Japan,South Korea,S Kimura,S Ravichandran,Kim Daeyeon,0,0,,LOW
1336952,1,14.3,Japan,South Korea,S Kimura,S Ravichandran,Kim Daeyeon,2,0,,HIGH
1336952,1,14.4,Japan,South Korea,S Kimura,S Ravichandran,Kim Daeyeon,0,0,,LOW
1336952,1,14.5,Japan,South Korea,S Kimura,S Ravichandran,Kim Daeyeon,4,0,,HIGH
1336952,1,14.6,Japan,South Korea,S Kimura,S Ravichandran,Kim Daeyeon,6,0,,HIGH
1336952,1,15.1,Japan,South Korea,S Ravichandran,S Kimura,Sana Ullah,1,0,,LOW
1336952,1,15.2,Japan,South Korea,S Kimura,S Ravichandran,Sana Ullah,0,1,,LOW
1336952,1,15.3,Japan,South Korea,S Ravichandran,S Kimura,Sana Ullah,0,0,,LOW
1336952,1,15.4,Japan,South Korea,S Ravichandran,S Kimura,Sana Ullah,1,0,,LOW
1336952,1,15.5,Japan,South Korea,S Kimura,S Ravichandran,Sana Ullah,0,0,caught,LOW
1336952,1,15.6,Japan,South Korea,A Patmore,S Ravichandran,Sana Ullah,0,1,,LOW
1336952,1,16.1,Japan,South Korea,A Patmore,S Ravichandran,Alam Nakash,0,0,,LOW
1336952,1,16.2,Japan,South Korea,A Patmore,S Ravichandran,Alam Nakash,4,0,,HIGH
1336952,1,16.3,Japan,South Korea,A Patmore,S Ravichandran,Alam Nakash,4,0,,HIGH
1336952,1,16.4,Japan,South Korea,A Patmore,S Ravichandran,Alam Nakash,1,0,,LOW
1336952,1,16.5,Japan,South Korea,S Ravichandran,A Patmore,Alam Nakash,6,0,,HIGH
1336952,1,16.6,Japan,South Korea,S Ravichandran,A Patmore,Alam Nakash,0,0,caught,LOW
1336952,1,17.1,Japan,South Korea,A Patmore,I Takahashi,Aamir Lal,0,0,caught,LOW
1336952,1,17.2,Japan,South Korea,D Suzuki,I Takahashi,Aamir Lal,0,0,,LOW
1336952,1,17.3,Japan,South Korea,D Suzuki,I Takahashi,Aamir Lal,0,0,,LOW
1336952,1,17.4,Japan,South Korea,D Suzuki,I Takahashi,Aamir Lal,0,0,,LOW
1336952,1,17.5,Japan,South Korea,D Suzuki,I Takahashi,Aamir Lal,0,0,,LOW
1336952,1,17.6,Japan,South Korea,D Suzuki,I Takahashi,Aamir Lal,1,0,,LOW
1336952,1,18.1,Japan,South Korea,D Suzuki,I Takahashi,Kim Daeyeon,1,0,,LOW
1336952,1,18.2,Japan,South Korea,I Takahashi,D Suzuki,Kim Daeyeon,1,0,,LOW
1336952,1,18.3,Japan,South Korea,D Suzuki,I Takahashi,Kim Daeyeon,0,0,bowled,LOW
1336952,1,18.4,Japan,South Korea,R Sakurano-Thomas,I Takahashi,Kim Daeyeon,1,0,,LOW
1336952,1,18.5,Japan,South Korea,I Takahashi,R Sakurano-Thomas,Kim Daeyeon,6,0,,HIGH
1336952,1,18.6,Japan,South Korea,I Takahashi,R Sakurano-Thomas,Kim Daeyeon,4,0,,HIGH
1336952,1,19.1,Japan,South Korea,R Sakurano-Thomas,I Takahashi,Asif Iqbal,2,0,run out,HIGH
1336952,1,19.2,Japan,South Korea,R Sakurano-Thomas,P Kumbhare,Asif Iqbal,2,0,,HIGH
1336952,1,19.3,Japan,South Korea,R Sakurano-Thomas,P Kumbhare,Asif Iqbal,4,0,,HIGH
1336952,1,19.4,Japan,South Korea,R Sakurano-Thomas,P Kumbhare,Asif Iqbal,2,0,,HIGH
1336952,1,19.5,Japan,South Korea,R Sakurano-Thomas,P Kumbhare,Asif Iqbal,4,0,,HIGH
1336952,1,19.6,Japan,South Korea,R Sakurano-Thomas,P Kumbhare,Asif Iqbal,2,0,,HIGH
1336952,2,0.1,South Korea,Japan,Jun Hyunwoo,Aamir Lal,I Takahashi,1,0,,LOW
1336952,2,0.2,South Korea,Japan,Aamir Lal,Jun Hyunwoo,I Takahashi,6,0,,HIGH
1336952,2,0.3,South Korea,Japan,Aamir Lal,Jun Hyunwoo,I Takahashi,1,0,,LOW
1336952,2,0.4,South Korea,Japan,Jun Hyunwoo,Aamir Lal,I Takahashi,0,0,,LOW
1336952,2,0.5,South Korea,Japan,Jun Hyunwoo,Aamir Lal,I Takahashi,0,0,,LOW
1336952,2,0.6,South Korea,Japan,Jun Hyunwoo,Aamir Lal,I Takahashi,0,0,,LOW
1336952,2,1.1,South Korea,Japan,Aamir Lal,Jun Hyunwoo,R Sakurano-Thomas,2,0,,HIGH
1336952,2,1.2,South Korea,Japan,Aamir Lal,Jun Hyunwoo,R Sakurano-Thomas,0,0,,LOW
1336952,2,1.3,South Korea,Japan,Aamir Lal,Jun Hyunwoo,R Sakurano-Thomas,4,0,,HIGH
1336952,2,1.4,South Korea,Japan,Aamir Lal,Jun Hyunwoo,R Sakurano-Thomas,6,0,,HIGH
1336952,2,1.5,South Korea,Japan,Aamir Lal,Jun Hyunwoo,R Sakurano-Thomas,0,0,,LOW
1336952,2,1.6,South Korea,Japan,Aamir Lal,Jun Hyunwoo,R Sakurano-Thomas,1,0,,LOW
1336952,2,2.1,South Korea,Japan,Aamir Lal,Jun Hyunwoo,I Takahashi,6,0,,HIGH
1336952,2,2.2,South Korea,Japan,Aamir Lal,Jun Hyunwoo,I Takahashi,6,0,,HIGH
1336952,2,2.3,South Korea,Japan,Aamir Lal,Jun Hyunwoo,I Takahashi,2,0,,HIGH
1336952,2,2.4,South Korea,Japan,Aamir Lal,Jun Hyunwoo,I Takahashi,0,0,caught,LOW
1336952,2,2.5,South Korea,Japan,Asif Iqbal,Jun Hyunwoo,I Takahashi,1,0,,LOW
1336952,2,2.6,South Korea,Japan,Jun Hyunwoo,Asif Iqbal,I Takahashi,0,0,,LOW
1336952,2,3.1,South Korea,Japan,Asif Iqbal,Jun Hyunwoo,R Sakurano-Thomas,0,0,,LOW
1336952,2,3.2,South Korea,Japan,Asif Iqbal,Jun Hyunwoo,R Sakurano-Thomas,0,0,,LOW
1336952,2,3.3,South Korea,Japan,Asif Iqbal,Jun Hyunwoo,R Sakurano-Thomas,1,0,,LOW
1336952,2,3.4,South Korea,Japan,Jun Hyunwoo,Asif Iqbal,R Sakurano-Thomas,6,0,,HIGH
1336952,2,3.5,South Korea,Japan,Jun Hyunwoo,Asif Iqbal,R Sakurano-Thomas,0,0,,LOW
1336952,2,3.6,South Korea,Japan,Jun Hyunwoo,Asif Iqbal,R Sakurano-Thomas,0,0,,LOW
1336952,2,4.1,South Korea,Japan,Asif Iqbal,Jun Hyunwoo,P Kumbhare,0,0,,LOW
1336952,2,4.2,South Korea,Japan,Asif Iqbal,Jun Hyunwoo,P Kumbhare,0,0,,LOW
1336952,2,4.3,South Korea,Japan,Asif Iqbal,Jun Hyunwoo,P Kumbhare,0,0,caught,LOW
1336952,2,4.4,South Korea,Japan,Alam Nakash,Jun Hyunwoo,P Kumbhare,0,0,,LOW
1336952,2,4.5,South Korea,Japan,Alam Nakash,Jun Hyunwoo,P Kumbhare,0,0,,LOW
1336952,2,4.6,South Korea,Japan,Alam Nakash,Jun Hyunwoo,P Kumbhare,1,0,,LOW
1336952,2,5.1,South Korea,Japan,Alam Nakash,Jun Hyunwoo,K Kubota,0,0,caught,LOW
1336952,2,5.2,South Korea,Japan,Mudassir Iqbal,Jun Hyunwoo,K Kubota,0,0,,LOW
1336952,2,5.3,South Korea,Japan,Mudassir Iqbal,Jun Hyunwoo,K Kubota,4,0,,HIGH
1336952,2,5.4,South Korea,Japan,Mudassir Iqbal,Jun Hyunwoo,K Kubota,0,0,,LOW
1336952,2,5.5,South Korea,Japan,Mudassir Iqbal,Jun Hyunwoo,K Kubota,0,0,,LOW
1336952,2,5.6,South Korea,Japan,Mudassir Iqbal,Jun Hyunwoo,K Kubota,0,0,,LOW
1336952,2,6.1,South Korea,Japan,Jun Hyunwoo,Mudassir Iqbal,P Kumbhare,1,0,,LOW
1336952,2,6.2,South Korea,Japan,Mudassir Iqbal,Jun Hyunwoo,P Kumbhare,6,0,,HIGH
1336952,2,6.3,South Korea,Japan,Mudassir Iqbal,Jun Hyunwoo,P Kumbhare,0,0,,LOW
1336952,2,6.4,South Korea,Japan,Mudassir Iqbal,Jun Hyunwoo,P Kumbhare,1,0,,LOW
1336952,2,6.5,South Korea,Japan,Jun Hyunwoo,Mudassir Iqbal,P Kumbhare,1,0,,LOW
1336952,2,6.6,South Korea,Japan,Mudassir Iqbal,Jun Hyunwoo,P Kumbhare,4,0,,HIGH
1336952,2,7.1,South Korea,Japan,Jun Hyunwoo,Mudassir Iqbal,K Kubota,0,0,,LOW
1336952,2,7.2,South Korea,Japan,Jun Hyunwoo,Mudassir Iqbal,K Kubota,0,0,,LOW
1336952,2,7.3,South Korea,Japan,Jun Hyunwoo,Mudassir Iqbal,K Kubota,0,0,,LOW
1336952,2,7.4,South Korea,Japan,Jun Hyunwoo,Mudassir Iqbal,K Kubota,6,0,,HIGH
1336952,2,7.5,South Korea,Japan,Jun Hyunwoo,Mudassir Iqbal,K Kubota,4,0,,HIGH
1336952,2,7.6,South Korea,Japan,Jun Hyunwoo,Mudassir Iqbal,K Kubota,1,0,,LOW
1336952,2,8.1,South Korea,Japan,Jun Hyunwoo,Mudassir Iqbal,S Ravichandran,0,0,,LOW
1336952,2,8.2,South Korea,Japan,Jun Hyunwoo,Mudassir Iqbal,S Ravichandran,1,0,,LOW
1336952,2,8.3,South Korea,Japan,Mudassir Iqbal,Jun Hyunwoo,S Ravichandran,1,0,,LOW
1336952,2,8.4,South Korea,Japan,Jun Hyunwoo,Mudassir Iqbal,S Ravichandran,1,0,,LOW
1336952,2,8.5,South Korea,Japan,Mudassir Iqbal,Jun Hyunwoo,S Ravichandran,2,0,,HIGH
1336952,2,8.6,South Korea,Japan,Mudassir Iqbal,Jun Hyunwoo,S Ravichandran,1,0,,LOW
1336952,2,9.1,South Korea,Japan,Mudassir Iqbal,Jun Hyunwoo,D Suzuki,1,0,,LOW
1336952,2,9.2,South Korea,Japan,Jun Hyunwoo,Mudassir Iqbal,D Suzuki,4,0,,HIGH
1336952,2,9.3,South Korea,Japan,Jun Hyunwoo,Mudassir Iqbal,D Suzuki,0,0,caught,LOW
1336952,2,9.4,South Korea,Japan,Raja Shoaib,Mudassir Iqbal,D Suzuki,1,0,,LOW
1336952,2,9.5,South Korea,Japan,Mudassir Iqbal,Raja Shoaib,D Suzuki,0,0,,LOW
1336952,2,9.6,South Korea,Japan,Mudassir Iqbal,Raja Shoaib,D Suzuki,0,0,,LOW
1336952,2,10.1,South Korea,Japan,Raja Shoaib,Mudassir Iqbal,S Ravichandran,0,0,,LOW
1336952,2,10.2,South Korea,Japan,Raja Shoaib,Mudassir Iqbal,S Ravichandran,1,0,,LOW
1336952,2,10.3,South Korea,Japan,Mudassir Iqbal,Raja Shoaib,S Ravichandran,0,1,,LOW
1336952,2,10.4,South Korea,Japan,Mudassir Iqbal,Raja Shoaib,S Ravichandran,1,0,,LOW
1336952,2,10.5,South Korea,Japan,Raja Shoaib,Mudassir Iqbal,S Ravichandran,0,0,,LOW
1336952,2,10.6,South Korea,Japan,Raja Shoaib,Mudassir Iqbal,S Ravichandran,1,0,,LOW
1336952,2,10.7,South Korea,Japan,Mudassir Iqbal,Raja Shoaib,S Ravichandran,6,0,,HIGH
1336952,2,11.1,South Korea,Japan,Raja Shoaib,Mudassir Iqbal,D Suzuki,4,0,,HIGH
1336952,2,11.2,South Korea,Japan,Raja Shoaib,Mudassir Iqbal,D Suzuki,1,0,,LOW
1336952,2,11.3,South Korea,Japan,Mudassir Iqbal,Raja Shoaib,D Suzuki,0,0,,LOW
1336952,2,11.4,South Korea,Japan,Mudassir Iqbal,Raja Shoaib,D Suzuki,6,0,,HIGH
1336952,2,11.5,South Korea,Japan,Mudassir Iqbal,Raja Shoaib,D Suzuki,1,0,,LOW
1336952,2,11.6,South Korea,Japan,Raja Shoaib,Mudassir Iqbal,D Suzuki,0,0,,LOW
1336952,2,12.1,South Korea,Japan,Mudassir Iqbal,Raja Shoaib,S Ravichandran,0,1,,LOW
1336952,2,12.2,South Korea,Japan,Mudassir Iqbal,Raja Shoaib,S Ravichandran,6,0,,HIGH
1336952,2,12.3,South Korea,Japan,Mudassir Iqbal,Raja Shoaib,S Ravichandran,0,0,,LOW
1336952,2,12.4,South Korea,Japan,Mudassir Iqbal,Raja Shoaib,S Ravichandran,2,0,,HIGH
1336952,2,12.5,South Korea,Japan,Mudassir Iqbal,Raja Shoaib,S Ravichandran,0,1,,LOW
1336952,2,12.6,South Korea,Japan,Mudassir Iqbal,Raja Shoaib,S Ravichandran,4,0,,HIGH
1336952,2,12.7,South Korea,Japan,Mudassir Iqbal,Raja Shoaib,S Ravichandran,0,0,,LOW
1336952,2,12.8,South Korea,Japan,Mudassir Iqbal,Raja Shoaib,S Ravichandran,0,0,caught,LOW
1336952,2,13.1,South Korea,Japan,Raja Shoaib,Kim Daeyeon,R Sakurano-Thomas,0,0,,LOW
1336952,2,13.2,South Korea,Japan,Raja Shoaib,Kim Daeyeon,R Sakurano-Thomas,1,0,,LOW
1336952,2,13.3,South Korea,Japan,Kim Daeyeon,Raja Shoaib,R Sakurano-Thomas,1,0,,LOW
1336952,2,13.4,South Korea,Japan,Raja Shoaib,Kim Daeyeon,R Sakurano-Thomas,1,0,,LOW
1336952,2,13.5,South Korea,Japan,Kim Daeyeon,Raja Shoaib,R Sakurano-Thomas,1,0,,LOW
1336952,2,13.6,South Korea,Japan,Raja Shoaib,Kim Daeyeon,R Sakurano-Thomas,1,0,,LOW
1336952,2,14.1,South Korea,Japan,Raja Shoaib,Kim Daeyeon,S Ravichandran,1,0,,LOW
1336952,2,14.2,South Korea,Japan,Kim Daeyeon,Raja Shoaib,S Ravichandran,1,0,,LOW
1336952,2,14.3,South Korea,Japan,Raja Shoaib,Kim Daeyeon,S Ravichandran,1,0,,LOW
1336952,2,14.4,South Korea,Japan,Kim Daeyeon,Raja Shoaib,S Ravichandran,1,0,,LOW
1336952,2,14.5,South Korea,Japan,Raja Shoaib,Kim Daeyeon,S Ravichandran,0,0,,LOW
1336952,2,14.6,South Korea,Japan,Raja Shoaib,Kim Daeyeon,S Ravichandran,6,0,,HIGH
1336952,2,15.1,South Korea,Japan,Kim Daeyeon,Raja Shoaib,K Kubota,0,0,,LOW
1336952,2,15.2,South Korea,Japan,Kim Daeyeon,Raja Shoaib,K Kubota,1,0,,LOW
1336952,2,15.3,South Korea,Japan,Raja Shoaib,Kim Daeyeon,K Kubota,6,0,,HIGH
1336952,2,15.4,South Korea,Japan,Raja Shoaib,Kim Daeyeon,K Kubota,1,0,,LOW
1336952,2,15.5,South Korea,Japan,Kim Daeyeon,Raja Shoaib,K Kubota,1,0,,LOW
1336952,2,15.6,South Korea,Japan,Raja Shoaib,Kim Daeyeon,K Kubota,2,0,,HIGH
1336952,2,16.1,South Korea,Japan,Kim Daeyeon,Raja Shoaib,P Kumbhare,1,0,,LOW
1336952,2,16.2,South Korea,Japan,Raja Shoaib,Kim Daeyeon,P Kumbhare,0,0,,LOW
1336952,2,16.3,South Korea,Japan,Raja Shoaib,Kim Daeyeon,P Kumbhare,1,0,,LOW
1336952,2,16.4,South Korea,Japan,Kim Daeyeon,Raja Shoaib,P Kumbhare,1,0,,LOW
1336952,2,16.5,South Korea,Japan,Raja Shoaib,Kim Daeyeon,P Kumbhare,1,0,,LOW
1336952,2,16.6,South Korea,Japan,Kim Daeyeon,Raja Shoaib,P Kumbhare,1,0,,LOW
1336952,2,17.1,South Korea,Japan,Kim Daeyeon,Raja Shoaib,K Kubota,0,0,,LOW
1336952,2,17.2,South Korea,Japan,Kim Daeyeon,Raja Shoaib,K Kubota,0,0,caught,LOW
1336952,2,17.3,South Korea,Japan,Lee Kangmin,Raja Shoaib,K Kubota,1,0,,LOW
1336952,2,17.4,South Korea,Japan,Raja Shoaib,Lee Kangmin,K Kubota,1,0,,LOW
1336952,2,17.5,South Korea,Japan,Lee Kangmin,Raja Shoaib,K Kubota,0,0,,LOW
1336952,2,17.6,South Korea,Japan,Lee Kangmin,Raja Shoaib,K Kubota,0,0,,LOW
1336952,2,18.1,South Korea,Japan,Raja Shoaib,Lee Kangmin,D Suzuki,1,0,,LOW
1336952,2,18.2,South Korea,Japan,Lee Kangmin,Raja Shoaib,D Suzuki,4,0,,HIGH
1336952,2,18.3,South Korea,Japan,Lee Kangmin,Raja Shoaib,D Suzuki,1,0,,LOW
1336952,2,18.4,South Korea,Japan,Raja Shoaib,Lee Kangmin,D Suzuki,2,0,,HIGH
1336952,2,18.5,South Korea,Japan,Raja Shoaib,Lee Kangmin,D Suzuki,2,0,,HIGH
1336952,2,18.6,South Korea,Japan,Raja Shoaib,Lee Kangmin,D Suzuki,1,0,,LOW
1336952,2,19.1,South Korea,Japan,Raja Shoaib,Lee Kangmin,R Sakurano-Thomas,1,0,,LOW
1336952,2,19.2,South Korea,Japan,Lee Kangmin,Raja Shoaib,R Sakurano-Thomas,1,0,,LOW
1336952,2,19.3,South Korea,Japan,Raja Shoaib,Lee Kangmin,R Sakurano-Thomas,1,0,,LOW
1336952,2,19.4,South Korea,Japan,Lee Kangmin,Raja Shoaib,R Sakurano-Thomas,1,0,,LOW
1336952,2,19.5,South Korea,Japan,Raja Shoaib,Lee Kangmin,R Sakurano-Thomas,1,0,,LOW
1336952,2,19.6,South Korea,Japan,Lee Kangmin,Raja Shoaib,R Sakurano-Thomas,1,0,,LOW
930579,1,0.1,Oman,Hong Kong,Khawar Ali,Zeeshan Maqsood,Tanwir Afzal,0,0,,LOW
930579,1,0.2,Oman,Hong Kong,Khawar Ali,Zeeshan Maqsood,Tanwir Afzal,0,0,,LOW
930579,1,0.3,Oman,Hong Kong,Khawar Ali,Zeeshan Maqsood,Tanwir Afzal,0,0,,LOW
930579,1,0.4,Oman,Hong Kong,Khawar Ali,Zeeshan Maqsood,Tanwir Afzal,0,0,,LOW
930579,1,0.5,Oman,Hong Kong,Khawar Ali,Zeeshan Maqsood,Tanwir Afzal,1,0,,LOW
930579,1,0.6,Oman,Hong Kong,Zeeshan Maqsood,Khawar Ali,Tanwir Afzal,2,0,,HIGH
930579,1,1.1,Oman,Hong Kong,Khawar Ali,Zeeshan Maqsood,Haseeb Amjad,1,0,,LOW
930579,1,1.2,Oman,Hong Kong,Zeeshan Maqsood,Khawar Ali,Haseeb Amjad,0,1,,LOW
930579,1,1.3,Oman,Hong Kong,Zeeshan Maqsood,Khawar Ali,Haseeb Amjad,4,0,,HIGH
930579,1,1.4,Oman,Hong Kong,Zeeshan Maqsood,Khawar Ali,Haseeb Amjad,4,0,,HIGH
930579,1,1.5,Oman,Hong Kong,Zeeshan Maqsood,Khawar Ali,Haseeb Amjad,0,0,,LOW
930579,1,1.6,Oman,Hong Kong,Zeeshan Maqsood,Khawar Ali,Haseeb Amjad,0,0,,LOW
930579,1,1.7,Oman,Hong Kong,Zeeshan Maqsood,Khawar Ali,Haseeb Amjad,0,0,,LOW
930579,1,2.1,Oman,Hong Kong,Khawar Ali,Zeeshan Maqsood,Tanwir Afzal,0,0,,LOW
930579,1,2.2,Oman,Hong Kong,Khawar Ali,Zeeshan Maqsood,Tanwir Afzal,0,0,,LOW
930579,1,2.3,Oman,Hong Kong,Khawar Ali,Zeeshan Maqsood,Tanwir Afzal,4,0,,HIGH
930579,1,2.4,Oman,Hong Kong,Khawar Ali,Zeeshan Maqsood,Tanwir Afzal,4,0,,HIGH
930579,1,2.5,Oman,Hong Kong,Khawar Ali,Zeeshan Maqsood,Tanwir Afzal,4,0,,HIGH
930579,1,2.6,Oman,Hong Kong,Khawar Ali,Zeeshan Maqsood,Tanwir Afzal,4,0,,HIGH
930579,1,3.1,Oman,Hong Kong,Zeeshan Maqsood,Khawar Ali,Haseeb Amjad,4,0,,HIGH
930579,1,3.2,Oman,Hong Kong,Zeeshan Maqsood,Khawar Ali,Haseeb Amjad,0,1,,LOW
930579,1,3.3,Oman,Hong Kong,Khawar Ali,Zeeshan Maqsood,Haseeb Amjad,0,0,caught,LOW
930579,1,3.4,Oman,Hong Kong,Aaqib Sulehri,Zeeshan Maqsood,Haseeb Amjad,0,0,retired hurt,LOW
930579,1,3.5,Oman,Hong Kong,Jatinder Singh,Zeeshan Maqsood,Haseeb Amjad,0,0,,LOW
930579,1,3.6,Oman,Hong Kong,Jatinder Singh,Zeeshan Maqsood,Haseeb Amjad,1,0,,LOW
930579,1,4.1,Oman,Hong Kong,Jatinder Singh,Zeeshan Maqsood,Nadeem Ahmed,3,0,,HIGH
930579,1,4.2,Oman,Hong Kong,Zeeshan Maqsood,Jatinder Singh,Nadeem Ahmed,0,0,,LOW
930579,1,4.3,Oman,Hong Kong,Zeeshan Maqsood,Jatinder Singh,Nadeem Ahmed,0,0,,LOW
930579,1,4.4,Oman,Hong Kong,Zeeshan Maqsood,Jatinder Singh,Nadeem Ahmed,4,0,,HIGH
930579,1,4.5,Oman,Hong Kong,Zeeshan Maqsood,Jatinder Singh,Nadeem Ahmed,4,0,,HIGH
930579,1,4.6,Oman,Hong Kong,Zeeshan Maqsood,Jatinder Singh,Nadeem Ahmed,0,0,,LOW
930579,1,5.1,Oman,Hong Kong,Jatinder Singh,Zeeshan Maqsood,Aizaz Khan,0,0,,LOW
930579,1,5.2,Oman,Hong Kong,Jatinder Singh,Zeeshan Maqsood,Aizaz Khan,0,0,,LOW
930579,1,5.3,Oman,Hong Kong,Jatinder Singh,Zeeshan Maqsood,Aizaz Khan,0,0,,LOW
930579,1,5.4,Oman,Hong Kong,Jatinder Singh,Zeeshan Maqsood,Aizaz Khan,0,0,,LOW
930579,1,5.5,Oman,Hong Kong,Jatinder Singh,Zeeshan Maqsood,Aizaz Khan,0,0,,LOW
930579,1,5.6,Oman,Hong Kong,Jatinder Singh,Zeeshan Maqsood,Aizaz Khan,0,0,caught,LOW
930579,1,6.1,Oman,Hong Kong,Adnan Ilyas,Zeeshan Maqsood,Nadeem Ahmed,0,0,,LOW
930579,1,6.2,Oman,Hong Kong,Adnan Ilyas,Zeeshan Maqsood,Nadeem Ahmed,0,0,,LOW
930579,1,6.3,Oman,Hong Kong,Adnan Ilyas,Zeeshan Maqsood,Nadeem Ahmed,0,0,,LOW
930579,1,6.4,Oman,Hong Kong,Adnan Ilyas,Zeeshan Maqsood,Nadeem Ahmed,0,0,,LOW
930579,1,6.5,Oman,Hong Kong,Adnan Ilyas,Zeeshan Maqsood,Nadeem Ahmed,0,0,,LOW
930579,1,6.6,Oman,Hong Kong,Adnan Ilyas,Zeeshan Maqsood,Nadeem Ahmed,0,0,,LOW
930579,1,7.1,Oman,Hong Kong,Zeeshan Maqsood,Adnan Ilyas,Aizaz Khan,1,0,,LOW
930579,1,7.2,Oman,Hong Kong,Adnan Ilyas,Zeeshan Maqsood,Aizaz Khan,0,0,,LOW
930579,1,7.3,Oman,Hong Kong,Adnan Ilyas,Zeeshan Maqsood,Aizaz Khan,0,0,,LOW
930579,1,7.4,Oman,Hong Kong,Adnan Ilyas,Zeeshan Maqsood,Aizaz Khan,1,0,,LOW
930579,1,7.5,Oman,Hong Kong,Zeeshan Maqsood,Adnan Ilyas,Aizaz Khan,0,0,caught,LOW
930579,1,7.6,Oman,Hong Kong,Adnan Ilyas,Aamir Kaleem,Aizaz Khan,1,0,,LOW
930579,1,8.1,Oman,Hong Kong,Adnan Ilyas,Aamir Kaleem,Nadeem Ahmed,0,0,,LOW
930579,1,8.2,Oman,Hong Kong,Adnan Ilyas,Aamir Kaleem,Nadeem Ahmed,1,0,,LOW
930579,1,8.3,Oman,Hong Kong,Aamir Kaleem,Adnan Ilyas,Nadeem Ahmed,0,0,,LOW
930579,1,8.4,Oman,Hong Kong,Aamir Kaleem,Adnan Ilyas,Nadeem Ahmed,0,0,,LOW
930579,1,8.5,Oman,Hong Kong,Aamir Kaleem,Adnan Ilyas,Nadeem Ahmed,0,0,,LOW
930579,1,8.6,Oman,Hong Kong,Aamir Kaleem,Adnan Ilyas,Nadeem Ahmed,1,0,,LOW
930579,1,9.1,Oman,Hong Kong,Aamir Kaleem,Adnan Ilyas,Tanwir Afzal,0,0,,LOW
930579,1,9.2,Oman,Hong Kong,Aamir Kaleem,Adnan Ilyas,Tanwir Afzal,0,0,,LOW
930579,1,9.3,Oman,Hong Kong,Aamir Kaleem,Adnan Ilyas,Tanwir Afzal,0,0,,LOW
930579,1,9.4,Oman,Hong Kong,Aamir Kaleem,Adnan Ilyas,Tanwir Afzal,4,0,,HIGH
930579,1,9.5,Oman,Hong Kong,Aamir Kaleem,Adnan Ilyas,Tanwir Afzal,1,0,,LOW
930579,1,9.6,Oman,Hong Kong,Adnan Ilyas,Aamir Kaleem,Tanwir Afzal,0,0,,LOW
930579,1,10.1,Oman,Hong Kong,Aamir Kaleem,Adnan Ilyas,Anshuman Rath,0,0,,LOW
930579,1,10.2,Oman,Hong Kong,Aamir Kaleem,Adnan Ilyas,Anshuman Rath,1,0,,LOW
930579,1,10.3,Oman,Hong Kong,Adnan Ilyas,Aamir Kaleem,Anshuman Rath,2,0,,HIGH
930579,1,10.4,Oman,Hong Kong,Adnan Ilyas,Aamir Kaleem,Anshuman Rath,0,0,,LOW
930579,1,10.5,Oman,Hong Kong,Adnan Ilyas,Aamir Kaleem,Anshuman Rath,0,0,,LOW
930579,1,10.6,Oman,Hong Kong,Adnan Ilyas,Aamir Kaleem,Anshuman Rath,4,0,,HIGH
930579,1,11.1,Oman,Hong Kong,Aamir Kaleem,Adnan Ilyas,Tanwir Afzal,1,0,,LOW
930579,1,11.2,Oman,Hong Kong,Adnan Ilyas,Aamir Kaleem,Tanwir Afzal,0,0,,LOW
930579,1,11.3,Oman,Hong Kong,Adnan Ilyas,Aamir Kaleem,Tanwir Afzal,2,0,,HIGH
930579,1,11.4,Oman,Hong Kong,Adnan Ilyas,Aamir Kaleem,Tanwir Afzal,0,0,,LOW
930579,1,11.5,Oman,Hong Kong,Adnan Ilyas,Aamir Kaleem,Tanwir Afzal,1,0,,LOW
930579,1,11.6,Oman,Hong Kong,Aamir Kaleem,Adnan Ilyas,Tanwir Afzal,0,0,,LOW
930579,1,12.1,Oman,Hong Kong,Adnan Ilyas,Aamir Kaleem,Anshuman Rath,1,0,,LOW
930579,1,12.2,Oman,Hong Kong,Aamir Kaleem,Adnan Ilyas,Anshuman Rath,1,0,,LOW
930579,1,12.3,Oman,Hong Kong,Adnan Ilyas,Aamir Kaleem,Anshuman Rath,1,0,,LOW
930579,1,12.4,Oman,Hong Kong,Aamir Kaleem,Adnan Ilyas,Anshuman Rath,0,0,,LOW
930579,1,12.5,Oman,Hong Kong,Aamir Kaleem,Adnan Ilyas,Anshuman Rath,1,0,,LOW
930579,1,12.6,Oman,Hong Kong,Adnan Ilyas,Aamir Kaleem,Anshuman Rath,0,0,,LOW
930579,1,13.1,Oman,Hong Kong,Aamir Kaleem,Adnan Ilyas,Nadeem Ahmed,1,0,,LOW
930579,1,13.2,Oman,Hong Kong,Adnan Ilyas,Aamir Kaleem,Nadeem Ahmed,3,0,,HIGH
930579,1,13.3,Oman,Hong Kong,Aamir Kaleem,Adnan Ilyas,Nadeem Ahmed,1,0,,LOW
930579,1,13.4,Oman,Hong Kong,Adnan Ilyas,Aamir Kaleem,Nadeem Ahmed,1,0,,LOW
930579,1,13.5,Oman,Hong Kong,Aamir Kaleem,Adnan Ilyas,Nadeem Ahmed,1,0,,LOW
930579,1,13.6,Oman,Hong Kong,Adnan Ilyas,Aamir Kaleem,Nadeem Ahmed,2,0,,HIGH
930579,1,14.1,Oman,Hong Kong,Aamir Kaleem,Adnan Ilyas,Anshuman Rath,4,0,,HIGH
930579,1,14.2,Oman,Hong Kong,Aamir Kaleem,Adnan Ilyas,Anshuman Rath,4,0,,HIGH
930579,1,14.3,Oman,Hong Kong,Aamir Kaleem,Adnan Ilyas,Anshuman Rath,2,0,,HIGH
930579,1,14.4,Oman,Hong Kong,Aamir Kaleem,Adnan Ilyas,Anshuman Rath,2,0,,HIGH
930579,1,14.5,Oman,Hong Kong,Aamir Kaleem,Adnan Ilyas,Anshuman Rath,0,0,,LOW
930579,1,14.6,Oman,Hong Kong,Aamir Kaleem,Adnan Ilyas,Anshuman Rath,1,0,,LOW
930579,1,15.1,Oman,Hong Kong,Aamir Kaleem,Adnan Ilyas,Aizaz Khan,1,0,,LOW
930579,1,15.2,Oman,Hong Kong,Adnan Ilyas,Aamir Kaleem,Aizaz Khan,0,0,,LOW
930579,1,15.3,Oman,Hong Kong,Adnan Ilyas,Aamir Kaleem,Aizaz Khan,2,0,,HIGH
930579,1,15.4,Oman,Hong Kong,Adnan Ilyas,Aamir Kaleem,Aizaz Khan,0,1,,LOW
930579,1,15.5,Oman,Hong Kong,Aamir Kaleem,Adnan Ilyas,Aizaz Khan,0,1,,LOW
930579,1,15.6,Oman,Hong Kong,Adnan Ilyas,Aamir Kaleem,Aizaz Khan,1,0,,LOW
930579,1,16.1,Oman,Hong Kong,Adnan Ilyas,Aamir Kaleem,Anshuman Rath,1,0,,LOW
930579,1,16.2,Oman,Hong Kong,Aamir Kaleem,Adnan Ilyas,Anshuman Rath,1,0,,LOW
930579,1,16.3,Oman,Hong Kong,Adnan Ilyas,Aamir Kaleem,Anshuman Rath,1,0,,LOW
930579,1,16.4,Oman,Hong Kong,Aamir Kaleem,Adnan Ilyas,Anshuman Rath,1,0,,LOW
930579,1,16.5,Oman,Hong Kong,Adnan Ilyas,Aamir Kaleem,Anshuman Rath,1,0,,LOW
930579,1,16.6,Oman,Hong Kong,Aamir Kaleem,Adnan Ilyas,Anshuman Rath,0,0,,LOW
930579,1,17.1,Oman,Hong Kong,Adnan Ilyas,Aamir Kaleem,Haseeb Amjad,6,0,,HIGH
930579,1,17.2,Oman,Hong Kong,Adnan Ilyas,Aamir Kaleem,Haseeb Amjad,1,0,,LOW
930579,1,17.3,Oman,Hong Kong,Aamir Kaleem,Adnan Ilyas,Haseeb Amjad,6,0,,HIGH
930579,1,17.4,Oman,Hong Kong,Aamir Kaleem,Adnan Ilyas,Haseeb Amjad,1,0,,LOW
930579,1,17.5,Oman,Hong Kong,Adnan Ilyas,Aamir Kaleem,Haseeb Amjad,4,0,,HIGH
930579,1,17.6,Oman,Hong Kong,Adnan Ilyas,Aamir Kaleem,Haseeb Amjad,4,0,,HIGH
930579,1,18.1,Oman,Hong Kong,Aamir Kaleem,Adnan Ilyas,Aizaz Khan,4,0,,HIGH
930579,1,18.2,Oman,Hong Kong,Aamir Kaleem,Adnan Ilyas,Aizaz Khan,0,0,,LOW
930579,1,18.3,Oman,Hong Kong,Aamir Kaleem,Adnan Ilyas,Aizaz Khan,1,0,,LOW
930579,1,18.4,Oman,Hong Kong,Adnan Ilyas,Aamir Kaleem,Aizaz Khan,0,0,,LOW
930579,1,18.5,Oman,Hong Kong,Adnan Ilyas,Aamir Kaleem,Aizaz Khan,2,0,,HIGH
930579,1,18.6,Oman,Hong Kong,Adnan Ilyas,Aamir Kaleem,Aizaz Khan,1,0,,LOW
930579,1,19.1,Oman,Hong Kong,Adnan Ilyas,Aamir Kaleem,Haseeb Amjad,0,1,,LOW
930579,1,19.2,Oman,Hong Kong,Adnan Ilyas,Aamir Kaleem,Haseeb Amjad,0,3,,LOW
930579,1,19.3,Oman,Hong Kong,Adnan Ilyas,Aamir Kaleem,Haseeb Amjad,0,1,,LOW
930579,1,19.4,Oman,Hong Kong,Adnan Ilyas,Aamir Kaleem,Haseeb Amjad,2,0,,HIGH
930579,1,19.5,Oman,Hong Kong,Adnan Ilyas,Aamir Kaleem,Haseeb Amjad,2,0,,HIGH
930579,1,19.6,Oman,Hong Kong,Adnan Ilyas,Aamir Kaleem,Haseeb Amjad,1,0,,LOW
930579,1,19.7,Oman,Hong Kong,Aamir Kaleem,Adnan Ilyas,Haseeb Amjad,4,0,,HIGH
930579,1,19.8,Oman,Hong Kong,Aamir Kaleem,Adnan Ilyas,Haseeb Amjad,1,0,,LOW
930579,1,19.9,Oman,Hong Kong,Adnan Ilyas,Aamir Kaleem,Haseeb Amjad,0,0,lbw,LOW
930579,2,0.1,Hong Kong,Oman,Anshuman Rath,KD Shah,Bilal Khan,0,0,,LOW
930579,2,0.2,Hong Kong,Oman,Anshuman Rath,KD Shah,Bilal Khan,1,0,,LOW
930579,2,0.3,Hong Kong,Oman,KD Shah,Anshuman Rath,Bilal Khan,0,0,,LOW
930579,2,0.4,Hong Kong,Oman,KD Shah,Anshuman Rath,Bilal Khan,3,0,,HIGH
930579,2,0.5,Hong Kong,Oman,Anshuman Rath,KD Shah,Bilal Khan,0,0,,LOW
930579,2,0.6,Hong Kong,Oman,Anshuman Rath,KD Shah,Bilal Khan,1,0,,LOW
930579,2,1.1,Hong Kong,Oman,Anshuman Rath,KD Shah,AV Lalcheta,0,0,,LOW
930579,2,1.2,Hong Kong,Oman,Anshuman Rath,KD Shah,AV Lalcheta,0,0,,LOW
930579,2,1.3,Hong Kong,Oman,Anshuman Rath,KD Shah,AV Lalcheta,4,0,,HIGH
930579,2,1.4,Hong Kong,Oman,Anshuman Rath,KD Shah,AV Lalcheta,1,0,,LOW
930579,2,1.5,Hong Kong,Oman,KD Shah,Anshuman Rath,AV Lalcheta,2,0,,HIGH
930579,2,1.6,Hong Kong,Oman,KD Shah,Anshuman Rath,AV Lalcheta,0,0,bowled,LOW
930579,2,2.1,Hong Kong,Oman,Anshuman Rath,Babar Hayat,Bilal Khan,0,0,,LOW
930579,2,2.2,Hong Kong,Oman,Anshuman Rath,Babar Hayat,Bilal Khan,4,0,,HIGH
930579,2,2.3,Hong Kong,Oman,Anshuman Rath,Babar Hayat,Bilal Khan,0,0,,LOW
930579,2,2.4,Hong Kong,Oman,Anshuman Rath,Babar Hayat,Bilal Khan,4,0,,HIGH
930579,2,2.5,Hong Kong,Oman,Anshuman Rath,Babar Hayat,Bilal Khan,0,0,,LOW
930579,2,2.6,Hong Kong,Oman,Anshuman Rath,Babar Hayat,Bilal Khan,0,2,,LOW
930579,2,3.1,Hong Kong,Oman,Babar Hayat,Anshuman Rath,AV Lalcheta,0,0,,LOW
930579,2,3.2,Hong Kong,Oman,Babar Hayat,Anshuman Rath,AV Lalcheta,1,0,,LOW
930579,2,3.3,Hong Kong,Oman,Anshuman Rath,Babar Hayat,AV Lalcheta,0,0,,LOW
930579,2,3.4,Hong Kong,Oman,Anshuman Rath,Babar Hayat,AV Lalcheta,0,0,,LOW
930579,2,3.5,Hong Kong,Oman,Anshuman Rath,Babar Hayat,AV Lalcheta,0,0,,LOW
930579,2,3.6,Hong Kong,Oman,Anshuman Rath,Babar Hayat,AV Lalcheta,1,0,,LOW
930579,2,4.1,Hong Kong,Oman,Anshuman Rath,Babar Hayat,Mehran Khan,0,0,,LOW
930579,2,4.2,Hong Kong,Oman,Anshuman Rath,Babar Hayat,Mehran Khan,4,0,,HIGH
930579,2,4.3,Hong Kong,Oman,Anshuman Rath,Babar Hayat,Mehran Khan,0,0,caught,LOW
930579,2,4.4,Hong Kong,Oman,Babar Hayat,MS Chapman,Mehran Khan,0,0,,LOW
930579,2,4.5,Hong Kong,Oman,Babar Hayat,MS Chapman,Mehran Khan,0,0,,LOW
930579,2,4.6,Hong Kong,Oman,Babar Hayat,MS Chapman,Mehran Khan,0,0,,LOW
930579,2,5.1,Hong Kong,Oman,MS Chapman,Babar Hayat,AV Lalcheta,0,0,,LOW
930579,2,5.2,Hong Kong,Oman,MS Chapman,Babar Hayat,AV Lalcheta,3,0,,HIGH
930579,2,5.3,Hong Kong,Oman,Babar Hayat,MS Chapman,AV Lalcheta,4,0,,HIGH
930579,2,5.4,Hong Kong,Oman,Babar Hayat,MS Chapman,AV Lalcheta,6,0,,HIGH
930579,2,5.5,Hong Kong,Oman,Babar Hayat,MS Chapman,AV Lalcheta,0,0,,LOW
930579,2,5.6,Hong Kong,Oman,Babar Hayat,MS Chapman,AV Lalcheta,0,0,,LOW
930579,2,6.1,Hong Kong,Oman,MS Chapman,Babar Hayat,Mehran Khan,1,0,,LOW
930579,2,6.2,Hong Kong,Oman,Babar Hayat,MS Chapman,Mehran Khan,1,0,,LOW
930579,2,6.3,Hong Kong,Oman,MS Chapman,Babar Hayat,Mehran Khan,0,0,,LOW
930579,2,6.4,Hong Kong,Oman,MS Chapman,Babar Hayat,Mehran Khan,1,0,,LOW
930579,2,6.5,Hong Kong,Oman,Babar Hayat,MS Chapman,Mehran Khan,0,0,,LOW
930579,2,6.6,Hong Kong,Oman,Babar Hayat,MS Chapman,Mehran Khan,0,0,,LOW
930579,2,7.1,Hong Kong,Oman,MS Chapman,Babar Hayat,Zeeshan Maqsood,1,0,,LOW
930579,2,7.2,Hong Kong,Oman,Babar Hayat,MS Chapman,Zeeshan Maqsood,6,0,,HIGH
930579,2,7.3,Hong Kong,Oman,Babar Hayat,MS Chapman,Zeeshan Maqsood,1,0,,LOW
930579,2,7.4,Hong Kong,Oman,MS Chapman,Babar Hayat,Zeeshan Maqsood,1,0,,LOW
930579,2,7.5,Hong Kong,Oman,Babar Hayat,MS Chapman,Zeeshan Maqsood,1,0,,LOW
930579,2,7.6,Hong Kong,Oman,MS Chapman,Babar Hayat,Zeeshan Maqsood,0,0,,LOW
930579,2,8.1,Hong Kong,Oman,Babar Hayat,MS Chapman,Jatinder Singh,4,0,,HIGH
930579,2,8.2,Hong Kong,Oman,Babar Hayat,MS Chapman,Jatinder Singh,1,0,,LOW
930579,2,8.3,Hong Kong,Oman,MS Chapman,Babar Hayat,Jatinder Singh,1,0,,LOW
930579,2,8.4,Hong Kong,Oman,Babar Hayat,MS Chapman,Jatinder Singh,0,0,,LOW
930579,2,8.5,Hong Kong,Oman,Babar Hayat,MS Chapman,Jatinder Singh,0,0,,LOW
930579,2,8.6,Hong Kong,Oman,Babar Hayat,MS Chapman,Jatinder Singh,0,0,,LOW
930579,2,9.1,Hong Kong,Oman,MS Chapman,Babar Hayat,Mehran Khan,1,0,,LOW
930579,2,9.2,Hong Kong,Oman,Babar Hayat,MS Chapman,Mehran Khan,1,0,,LOW
930579,2,9.3,Hong Kong,Oman,MS Chapman,Babar Hayat,Mehran Khan,1,0,,LOW
930579,2,9.4,Hong Kong,Oman,Babar Hayat,MS Chapman,Mehran Khan,1,0,,LOW
930579,2,9.5,Hong Kong,Oman,MS Chapman,Babar Hayat,Mehran Khan,0,0,,LOW
930579,2,9.6,Hong Kong,Oman,MS Chapman,Babar Hayat,Mehran Khan,1,0,,LOW
930579,2,10.1,Hong Kong,Oman,MS Chapman,Babar Hayat,Jatinder Singh,4,0,,HIGH
930579,2,10.2,Hong Kong,Oman,MS Chapman,Babar Hayat,Jatinder Singh,1,0,,LOW
930579,2,10.3,Hong Kong,Oman,Babar Hayat,MS Chapman,Jatinder Singh,2,0,,HIGH
930579,2,10.4,Hong Kong,Oman,Babar Hayat,MS Chapman,Jatinder Singh,0,0,,LOW
930579,2,10.5,Hong Kong,Oman,Babar Hayat,MS Chapman,Jatinder Singh,3,0,,HIGH
930579,2,10.6,Hong Kong,Oman,MS Chapman,Babar Hayat,Jatinder Singh,1,0,,LOW
930579,2,11.1,Hong Kong,Oman,MS Chapman,Babar Hayat,Mehran Khan,6,0,,HIGH
930579,2,11.2,Hong Kong,Oman,MS Chapman,Babar Hayat,Mehran Khan,2,0,,HIGH
930579,2,11.3,Hong Kong,Oman,MS Chapman,Babar Hayat,Mehran Khan,2,0,,HIGH
930579,2,11.4,Hong Kong,Oman,MS Chapman,Babar Hayat,Mehran Khan,1,0,,LOW
930579,2,11.5,Hong Kong,Oman,Babar Hayat,MS Chapman,Mehran Khan,0,0,,LOW
930579,2,11.6,Hong Kong,Oman,Babar Hayat,MS Chapman,Mehran Khan,1,0,,LOW
930579,2,12.1,Hong Kong,Oman,Babar Hayat,MS Chapman,Khawar Ali,6,0,,HIGH
930579,2,12.2,Hong Kong,Oman,Babar Hayat,MS Chapman,Khawar Ali,0,0,,LOW
930579,2,12.3,Hong Kong,Oman,Babar Hayat,MS Chapman,Khawar Ali,1,0,,LOW
930579,2,12.4,Hong Kong,Oman,MS Chapman,Babar Hayat,Khawar Ali,0,0,,LOW
930579,2,12.5,Hong Kong,Oman,MS Chapman,Babar Hayat,Khawar Ali,1,0,,LOW
930579,2,12.6,Hong Kong,Oman,Babar Hayat,MS Chapman,Khawar Ali,1,0,,LOW
930579,2,13.1,Hong Kong,Oman,Babar Hayat,MS Chapman,AV Lalcheta,1,0,,LOW
930579,2,13.2,Hong Kong,Oman,MS Chapman,Babar Hayat,AV Lalcheta,1,0,,LOW
930579,2,13.3,Hong Kong,Oman,Babar Hayat,MS Chapman,AV Lalcheta,2,0,,HIGH
930579,2,13.4,Hong Kong,Oman,Babar Hayat,MS Chapman,AV Lalcheta,1,0,,LOW
930579,2,13.5,Hong Kong,Oman,MS Chapman,Babar Hayat,AV Lalcheta,0,0,,LOW
930579,2,13.6,Hong Kong,Oman,MS Chapman,Babar Hayat,AV Lalcheta,2,0,,HIGH
930579,2,14.1,Hong Kong,Oman,Babar Hayat,MS Chapman,Aamir Kaleem,1,0,,LOW
930579,2,14.2,Hong Kong,Oman,MS Chapman,Babar Hayat,Aamir Kaleem,1,0,,LOW
930579,2,14.3,Hong Kong,Oman,Babar Hayat,MS Chapman,Aamir Kaleem,1,0,,LOW
930579,2,14.4,Hong Kong,Oman,MS Chapman,Babar Hayat,Aamir Kaleem,1,0,,LOW
930579,2,14.5,Hong Kong,Oman,Babar Hayat,MS Chapman,Aamir Kaleem,4,0,,HIGH
930579,2,14.6,Hong Kong,Oman,Babar Hayat,MS Chapman,Aamir Kaleem,2,0,,HIGH
930579,2,15.1,Hong Kong,Oman,MS Chapman,Babar Hayat,Zeeshan Maqsood,1,0,,LOW
930579,2,15.2,Hong Kong,Oman,Babar Hayat,MS Chapman,Zeeshan Maqsood,4,0,,HIGH
930579,2,15.3,Hong Kong,Oman,Babar Hayat,MS Chapman,Zeeshan Maqsood,0,0,,LOW
930579,2,15.4,Hong Kong,Oman,Babar Hayat,MS Chapman,Zeeshan Maqsood,1,0,,LOW
930579,2,15.5,Hong Kong,Oman,MS Chapman,Babar Hayat,Zeeshan Maqsood,6,0,,HIGH
930579,2,15.6,Hong Kong,Oman,MS Chapman,Babar Hayat,Zeeshan Maqsood,1,0,,LOW
930579,2,16.1,Hong Kong,Oman,MS Chapman,Babar Hayat,Aamir Kaleem,1,0,,LOW
930579,2,16.2,Hong Kong,Oman,Babar Hayat,MS Chapman,Aamir Kaleem,1,0,,LOW
930579,2,16.3,Hong Kong,Oman,MS Chapman,Babar Hayat,Aamir Kaleem,4,0,,HIGH
930579,2,16.4,Hong Kong,Oman,MS Chapman,Babar Hayat,Aamir Kaleem,1,0,,LOW
930579,2,16.5,Hong Kong,Oman,Babar Hayat,MS Chapman,Aamir Kaleem,3,0,,HIGH
930579,2,16.6,Hong Kong,Oman,MS Chapman,Babar Hayat,Aamir Kaleem,0,0,,LOW
930579,2,17.1,Hong Kong,Oman,Babar Hayat,MS Chapman,Bilal Khan,2,0,,HIGH
930579,2,17.2,Hong Kong,Oman,Babar Hayat,MS Chapman,Bilal Khan,1,0,,LOW
930579,2,17.3,Hong Kong,Oman,MS Chapman,Babar Hayat,Bilal Khan,0,0,,LOW
930579,2,17.4,Hong Kong,Oman,MS Chapman,Babar Hayat,Bilal Khan,2,0,,HIGH
930579,2,17.5,Hong Kong,Oman,MS Chapman,Babar Hayat,Bilal Khan,4,0,,HIGH
930579,2,17.6,Hong Kong,Oman,MS Chapman,Babar Hayat,Bilal Khan,1,0,,LOW
930579,2,18.1,Hong Kong,Oman,MS Chapman,Babar Hayat,Sufyan Mehmood,2,0,,HIGH
930579,2,18.2,Hong Kong,Oman,MS Chapman,Babar Hayat,Sufyan Mehmood,0,0,,LOW
930579,2,18.3,Hong Kong,Oman,MS Chapman,Babar Hayat,Sufyan Mehmood,6,0,,HIGH
1172164,1,0.1,India,England,H Deol,S Mandhana,NR Sciver,4,0,,HIGH
1172164,1,0.2,India,England,H Deol,S Mandhana,NR Sciver,0,0,,LOW
1172164,1,0.3,India,England,H Deol,S Mandhana,NR Sciver,0,0,,LOW
1172164,1,0.4,India,England,H Deol,S Mandhana,NR Sciver,0,5,,LOW
1172164,1,0.5,India,England,H Deol,S Mandhana,NR Sciver,0,0,,LOW
1172164,1,0.6,India,England,H Deol,S Mandhana,NR Sciver,0,0,,LOW
1172164,1,0.7,India,England,H Deol,S Mandhana,NR Sciver,0,0,,LOW
1172164,1,1.1,India,England,S Mandhana,H Deol,A Shrubsole,6,0,,HIGH
1172164,1,1.2,India,England,S Mandhana,H Deol,A Shrubsole,0,0,,LOW
1172164,1,1.3,India,England,S Mandhana,H Deol,A Shrubsole,0,1,,LOW
1172164,1,1.4,India,England,H Deol,S Mandhana,A Shrubsole,0,0,,LOW
1172164,1,1.5,India,England,H Deol,S Mandhana,A Shrubsole,1,0,,LOW
1172164,1,1.6,India,England,S Mandhana,H Deol,A Shrubsole,6,0,,HIGH
1172164,1,2.1,India,England,H Deol,S Mandhana,KH Brunt,0,0,,LOW
1172164,1,2.2,India,England,H Deol,S Mandhana,KH Brunt,1,0,,LOW
1172164,1,2.3,India,England,S Mandhana,H Deol,KH Brunt,0,0,caught,LOW
1172164,1,2.4,India,England,JI Rodrigues,H Deol,KH Brunt,2,0,,HIGH
1172164,1,2.5,India,England,JI Rodrigues,H Deol,KH Brunt,0,0,,LOW
1172164,1,2.6,India,England,JI Rodrigues,H Deol,KH Brunt,0,0,,LOW
1172164,1,3.1,India,England,H Deol,JI Rodrigues,A Shrubsole,0,0,,LOW
1172164,1,3.2,India,England,H Deol,JI Rodrigues,A Shrubsole,2,0,,HIGH
1172164,1,3.3,India,England,H Deol,JI Rodrigues,A Shrubsole,1,0,,LOW
1172164,1,3.4,India,England,JI Rodrigues,H Deol,A Shrubsole,0,0,,LOW
1172164,1,3.5,India,England,JI Rodrigues,H Deol,A Shrubsole,0,0,,LOW
1172164,1,3.6,India,England,JI Rodrigues,H Deol,A Shrubsole,0,0,,LOW
1172164,1,4.1,India,England,H Deol,JI Rodrigues,KH Brunt,0,0,,LOW
1172164,1,4.2,India,England,H Deol,JI Rodrigues,KH Brunt,4,0,,HIGH
1172164,1,4.3,India,England,H Deol,JI Rodrigues,KH Brunt,0,0,,LOW
1172164,1,4.4,India,England,H Deol,JI Rodrigues,KH Brunt,0,0,,LOW
1172164,1,4.5,India,England,H Deol,JI Rodrigues,KH Brunt,1,0,,LOW
1172164,1,4.6,India,England,JI Rodrigues,H Deol,KH Brunt,0,0,bowled,LOW
1172164,1,5.1,India,England,H Deol,M Raj,LCN Smith,0,0,,LOW
1172164,1,5.2,India,England,H Deol,M Raj,LCN Smith,0,0,,LOW
1172164,1,5.3,India,England,H Deol,M Raj,LCN Smith,0,0,caught,LOW
1172164,1,5.4,India,England,DB Sharma,M Raj,LCN Smith,0,0,,LOW
1172164,1,5.5,India,England,DB Sharma,M Raj,LCN Smith,0,1,,LOW
1172164,1,5.6,India,England,DB Sharma,M Raj,LCN Smith,0,0,,LOW
1172164,1,5.7,India,England,DB Sharma,M Raj,LCN Smith,0,0,,LOW
1172164,1,6.1,India,England,M Raj,DB Sharma,LA Marsh,0,1,,LOW
1172164,1,6.2,India,England,DB Sharma,M Raj,LA Marsh,1,0,,LOW
1172164,1,6.3,India,England,M Raj,DB Sharma,LA Marsh,0,0,,LOW
1172164,1,6.4,India,England,M Raj,DB Sharma,LA Marsh,1,0,,LOW
1172164,1,6.5,India,England,DB Sharma,M Raj,LA Marsh,1,0,,LOW
1172164,1,6.6,India,England,M Raj,DB Sharma,LA Marsh,1,0,,LOW
1172164,1,7.1,India,England,M Raj,DB Sharma,KL Cross,0,1,,LOW
1172164,1,7.2,India,England,DB Sharma,M Raj,KL Cross,1,0,,LOW
1172164,1,7.3,India,England,M Raj,DB Sharma,KL Cross,0,0,,LOW
1172164,1,7.4,India,England,M Raj,DB Sharma,KL Cross,1,0,,LOW
1172164,1,7.5,India,England,DB Sharma,M Raj,KL Cross,0,0,,LOW
1172164,1,7.6,India,England,DB Sharma,M Raj,KL Cross,0,1,,LOW
1172164,1,7.7,India,England,DB Sharma,M Raj,KL Cross,0,0,,LOW
1172164,1,8.1,India,England,M Raj,DB Sharma,LA Marsh,2,0,,HIGH
1172164,1,8.2,India,England,M Raj,DB Sharma,LA Marsh,0,0,,LOW
1172164,1,8.3,India,England,M Raj,DB Sharma,LA Marsh,0,0,,LOW
1172164,1,8.4,India,England,M Raj,DB Sharma,LA Marsh,1,0,,LOW
1172164,1,8.5,India,England,DB Sharma,M Raj,LA Marsh,2,0,,HIGH
1172164,1,8.6,India,England,DB Sharma,M Raj,LA Marsh,1,0,,LOW
1172164,1,9.1,India,England,DB Sharma,M Raj,KL Cross,1,0,,LOW
1172164,1,9.2,India,England,M Raj,DB Sharma,KL Cross,1,0,,LOW
1172164,1,9.3,India,England,DB Sharma,M Raj,KL Cross,1,0,,LOW
1172164,1,9.4,India,England,M Raj,DB Sharma,KL Cross,0,0,,LOW
1172164,1,9.5,India,England,M Raj,DB Sharma,KL Cross,1,0,,LOW
1172164,1,9.6,India,England,DB Sharma,M Raj,KL Cross,1,0,,LOW
1172164,1,10.1,India,England,DB Sharma,M Raj,LCN Smith,1,0,,LOW
1172164,1,10.2,India,England,M Raj,DB Sharma,LCN Smith,1,0,,LOW
1172164,1,10.3,India,England,DB Sharma,M Raj,LCN Smith,4,0,,HIGH
1172164,1,10.4,India,England,DB Sharma,M Raj,LCN Smith,0,0,,LOW
1172164,1,10.5,India,England,DB Sharma,M Raj,LCN Smith,1,0,,LOW
1172164,1,10.6,India,England,M Raj,DB Sharma,LCN Smith,0,0,,LOW
1172164,1,11.1,India,England,DB Sharma,M Raj,LA Marsh,1,0,,LOW
1172164,1,11.2,India,England,M Raj,DB Sharma,LA Marsh,1,0,,LOW
1172164,1,11.3,India,England,DB Sharma,M Raj,LA Marsh,1,0,,LOW
1172164,1,11.4,India,England,M Raj,DB Sharma,LA Marsh,1,0,,LOW
1172164,1,11.5,India,England,DB Sharma,M Raj,LA Marsh,1,0,,LOW
1172164,1,11.6,India,England,M Raj,DB Sharma,LA Marsh,0,0,,LOW
1172164,1,12.1,India,England,DB Sharma,M Raj,A Shrubsole,0,1,,LOW
1172164,1,12.2,India,England,M Raj,DB Sharma,A Shrubsole,0,0,,LOW
1172164,1,12.3,India,England,M Raj,DB Sharma,A Shrubsole,1,0,,LOW
1172164,1,12.4,India,England,DB Sharma,M Raj,A Shrubsole,0,0,run out,LOW
1172164,1,12.5,India,England,BS Fulmali,M Raj,A Shrubsole,0,0,,LOW
1172164,1,12.6,India,England,BS Fulmali,M Raj,A Shrubsole,0,0,,LOW
1172164,1,13.1,India,England,M Raj,BS Fulmali,LA Marsh,1,0,,LOW
1172164,1,13.2,India,England,BS Fulmali,M Raj,LA Marsh,0,0,,LOW
1172164,1,13.3,India,England,BS Fulmali,M Raj,LA Marsh,4,0,,HIGH
1172164,1,13.4,India,England,BS Fulmali,M Raj,LA Marsh,1,0,,LOW
1172164,1,13.5,India,England,M Raj,BS Fulmali,LA Marsh,2,0,,HIGH
1172164,1,13.6,India,England,M Raj,BS Fulmali,LA Marsh,1,0,,LOW
1172164,1,14.1,India,England,M Raj,BS Fulmali,KL Cross,4,0,,HIGH
1172164,1,14.2,India,England,M Raj,BS Fulmali,KL Cross,0,0,,LOW
1172164,1,14.3,India,England,M Raj,BS Fulmali,KL Cross,0,0,caught,LOW
1172164,1,14.4,India,England,BS Fulmali,S Pandey,KL Cross,2,0,,HIGH
1172164,1,14.5,India,England,BS Fulmali,S Pandey,KL Cross,0,0,,LOW
1172164,1,14.6,India,England,BS Fulmali,S Pandey,KL Cross,0,0,,LOW
1172164,1,15.1,India,England,S Pandey,BS Fulmali,KH Brunt,0,0,,LOW
1172164,1,15.2,India,England,S Pandey,BS Fulmali,KH Brunt,1,0,,LOW
1172164,1,15.3,India,England,BS Fulmali,S Pandey,KH Brunt,1,0,,LOW
1172164,1,15.4,India,England,S Pandey,BS Fulmali,KH Brunt,0,0,,LOW
1172164,1,15.5,India,England,S Pandey,BS Fulmali,KH Brunt,1,0,,LOW
1172164,1,15.6,India,England,BS Fulmali,S Pandey,KH Brunt,1,0,,LOW
1172164,1,16.1,India,England,BS Fulmali,S Pandey,LCN Smith,1,0,,LOW
1172164,1,16.2,India,England,S Pandey,BS Fulmali,LCN Smith,0,0,,LOW
1172164,1,16.3,India,England,S Pandey,BS Fulmali,LCN Smith,0,0,,LOW
1172164,1,16.4,India,England,S Pandey,BS Fulmali,LCN Smith,1,0,,LOW
1172164,1,16.5,India,England,BS Fulmali,S Pandey,LCN Smith,1,0,,LOW
1172164,1,16.6,India,England,S Pandey,BS Fulmali,LCN Smith,0,0,bowled,LOW
1172164,1,17.1,India,England,BS Fulmali,T Bhatia,KL Cross,0,0,,LOW
1172164,1,17.2,India,England,BS Fulmali,T Bhatia,KL Cross,1,0,,LOW
1172164,1,17.3,India,England,T Bhatia,BS Fulmali,KL Cross,1,0,,LOW
1172164,1,17.4,India,England,BS Fulmali,T Bhatia,KL Cross,1,0,,LOW
1172164,1,17.5,India,England,T Bhatia,BS Fulmali,KL Cross,0,1,,LOW
1172164,1,17.6,India,England,BS Fulmali,T Bhatia,KL Cross,0,0,,LOW
1172164,1,18.1,India,England,T Bhatia,BS Fulmali,A Shrubsole,0,0,,LOW
1172164,1,18.2,India,England,T Bhatia,BS Fulmali,A Shrubsole,0,0,caught,LOW
1172164,1,18.3,India,England,RP Yadav,BS Fulmali,A Shrubsole,1,0,,LOW
1172164,1,18.4,India,England,BS Fulmali,RP Yadav,A Shrubsole,4,0,,HIGH
1172164,1,18.5,India,England,BS Fulmali,RP Yadav,A Shrubsole,0,4,,LOW
1172164,1,18.6,India,England,BS Fulmali,RP Yadav,A Shrubsole,1,0,,LOW
1172164,1,19.1,India,England,BS Fulmali,RP Yadav,KH Brunt,0,0,bowled,LOW
1172164,1,19.2,India,England,E Bisht,RP Yadav,KH Brunt,0,1,,LOW
1172164,1,19.3,India,England,E Bisht,RP Yadav,KH Brunt,1,0,,LOW
1172164,1,19.4,India,England,RP Yadav,E Bisht,KH Brunt,1,0,,LOW
1172164,1,19.5,India,England,E Bisht,RP Yadav,KH Brunt,1,0,,LOW
1172164,1,19.6,India,England,RP Yadav,E Bisht,KH Brunt,1,0,,LOW
1172164,1,19.7,India,England,E Bisht,RP Yadav,KH Brunt,0,1,,LOW
1172164,2,0.1,England,India,DN Wyatt,TT Beaumont,S Pandey,1,0,,LOW
1172164,2,0.2,England,India,TT Beaumont,DN Wyatt,S Pandey,0,0,,LOW
1172164,2,0.3,England,India,TT Beaumont,DN Wyatt,S Pandey,0,1,,LOW
1172164,2,0.4,England,India,DN Wyatt,TT Beaumont,S Pandey,1,0,,LOW
1172164,2,0.5,England,India,TT Beaumont,DN Wyatt,S Pandey,0,0,,LOW
1172164,2,0.6,England,India,TT Beaumont,DN Wyatt,S Pandey,0,1,,LOW
1172164,2,0.7,England,India,TT Beaumont,DN Wyatt,S Pandey,0,0,,LOW
1172164,2,1.1,England,India,DN Wyatt,TT Beaumont,E Bisht,4,0,,HIGH
1172164,2,1.2,England,India,DN Wyatt,TT Beaumont,E Bisht,1,0,,LOW
1172164,2,1.3,England,India,TT Beaumont,DN Wyatt,E Bisht,1,0,,LOW
1172164,2,1.4,England,India,DN Wyatt,TT Beaumont,E Bisht,1,0,,LOW
1172164,2,1.5,England,India,TT Beaumont,DN Wyatt,E Bisht,0,0,,LOW
1172164,2,1.6,England,India,TT Beaumont,DN Wyatt,E Bisht,4,0,,HIGH
1172164,2,2.1,England,India,DN Wyatt,TT Beaumont,S Pandey,0,0,,LOW
1172164,2,2.2,England,India,DN Wyatt,TT Beaumont,S Pandey,0,0,,LOW
1172164,2,2.3,England,India,DN Wyatt,TT Beaumont,S Pandey,0,0,,LOW
1172164,2,2.4,England,India,DN Wyatt,TT Beaumont,S Pandey,4,0,,HIGH
1172164,2,2.5,England,India,DN Wyatt,TT Beaumont,S Pandey,4,0,,HIGH
1172164,2,2.6,England,India,DN Wyatt,TT Beaumont,S Pandey,0,0,,LOW
1172164,2,3.1,England,India,TT Beaumont,DN Wyatt,DB Sharma,0,0,,LOW
1172164,2,3.2,England,India,TT Beaumont,DN Wyatt,DB Sharma,1,0,,LOW
1172164,2,3.3,England,India,DN Wyatt,TT Beaumont,DB Sharma,1,0,,LOW
1172164,2,3.4,England,India,TT Beaumont,DN Wyatt,DB Sharma,0,0,,LOW
1172164,2,3.5,England,India,TT Beaumont,DN Wyatt,DB Sharma,0,0,,LOW
1172164,2,3.6,England,India,TT Beaumont,DN Wyatt,DB Sharma,1,0,,LOW
1172164,2,4.1,England,India,TT Beaumont,DN Wyatt,RP Yadav,0,0,,LOW
1172164,2,4.2,England,India,TT Beaumont,DN Wyatt,RP Yadav,1,0,,LOW
1172164,2,4.3,England,India,DN Wyatt,TT Beaumont,RP Yadav,0,0,,LOW
1172164,2,4.4,England,India,DN Wyatt,TT Beaumont,RP Yadav,1,0,,LOW
1172164,2,4.5,England,India,TT Beaumont,DN Wyatt,RP Yadav,0,0,bowled,LOW
1172164,2,4.6,England,India,AE Jones,DN Wyatt,RP Yadav,0,0,,LOW
1172164,2,5.1,England,India,DN Wyatt,AE Jones,DB Sharma,4,0,,HIGH
1172164,2,5.2,England,India,DN Wyatt,AE Jones,DB Sharma,1,0,,LOW
1172164,2,5.3,England,India,AE Jones,DN Wyatt,DB Sharma,0,0,,LOW
1172164,2,5.4,England,India,AE Jones,DN Wyatt,DB Sharma,1,0,,LOW
1172164,2,5.5,England,India,DN Wyatt,AE Jones,DB Sharma,2,0,,HIGH
1172164,2,5.6,England,India,DN Wyatt,AE Jones,DB Sharma,0,0,,LOW
1172164,2,6.1,England,India,AE Jones,DN Wyatt,RP Yadav,2,0,,HIGH
1172164,2,6.2,England,India,AE Jones,DN Wyatt,RP Yadav,1,0,,LOW
1172164,2,6.3,England,India,DN Wyatt,AE Jones,RP Yadav,2,0,,HIGH
1172164,2,6.4,England,India,DN Wyatt,AE Jones,RP Yadav,1,0,,LOW
1172164,2,6.5,England,India,AE Jones,DN Wyatt,RP Yadav,1,0,,LOW
1172164,2,6.6,England,India,DN Wyatt,AE Jones,RP Yadav,1,0,,LOW
1172164,2,7.1,England,India,DN Wyatt,AE Jones,Poonam Yadav,1,0,,LOW
1172164,2,7.2,England,India,AE Jones,DN Wyatt,Poonam Yadav,0,0,caught and bowled,LOW
1172164,2,7.3,England,India,NR Sciver,DN Wyatt,Poonam Yadav,0,0,,LOW
1172164,2,7.4,England,India,NR Sciver,DN Wyatt,Poonam Yadav,1,0,,LOW
1172164,2,7.5,England,India,DN Wyatt,NR Sciver,Poonam Yadav,1,0,,LOW
1172164,2,7.6,England,India,NR Sciver,DN Wyatt,Poonam Yadav,0,0,,LOW
1172164,2,8.1,England,India,DN Wyatt,NR Sciver,E Bisht,0,0,,LOW
1172164,2,8.2,England,India,DN Wyatt,NR Sciver,E Bisht,0,0,,LOW
1172164,2,8.3,England,India,DN Wyatt,NR Sciver,E Bisht,2,0,,HIGH
1172164,2,8.4,England,India,DN Wyatt,NR Sciver,E Bisht,1,0,,LOW
1172164,2,8.5,England,India,NR Sciver,DN Wyatt,E Bisht,0,0,,LOW
1172164,2,8.6,England,India,NR Sciver,DN Wyatt,E Bisht,0,0,lbw,LOW
1172164,2,9.1,England,India,DN Wyatt,HC Knight,Poonam Yadav,1,0,,LOW
1172164,2,9.2,England,India,HC Knight,DN Wyatt,Poonam Yadav,0,0,,LOW
1172164,2,9.3,England,India,HC Knight,DN Wyatt,Poonam Yadav,0,0,,LOW
1172164,2,9.4,England,India,HC Knight,DN Wyatt,Poonam Yadav,1,0,,LOW
1172164,2,9.5,England,India,DN Wyatt,HC Knight,Poonam Yadav,1,0,,LOW
1172164,2,9.6,England,India,HC Knight,DN Wyatt,Poonam Yadav,0,0,,LOW
1172164,2,10.1,England,India,DN Wyatt,HC Knight,E Bisht,1,0,,LOW
1172164,2,10.2,England,India,HC Knight,DN Wyatt,E Bisht,1,0,,LOW
1172164,2,10.3,England,India,DN Wyatt,HC Knight,E Bisht,1,0,,LOW
1172164,2,10.4,England,India,HC Knight,DN Wyatt,E Bisht,0,0,lbw,LOW
1172164,2,10.5,England,India,L Winfield,DN Wyatt,E Bisht,0,0,,LOW
1172164,2,10.6,England,India,L Winfield,DN Wyatt,E Bisht,1,0,,LOW
1172164,2,11.1,England,India,L Winfield,DN Wyatt,Poonam Yadav,0,0,,LOW
1172164,2,11.2,England,India,L Winfield,DN Wyatt,Poonam Yadav,2,0,,HIGH
1172164,2,11.3,England,India,L Winfield,DN Wyatt,Poonam Yadav,1,0,,LOW
1172164,2,11.4,England,India,DN Wyatt,L Winfield,Poonam Yadav,4,0,,HIGH
1172164,2,11.5,England,India,DN Wyatt,L Winfield,Poonam Yadav,1,0,,LOW
1172164,2,11.6,England,India,L Winfield,DN Wyatt,Poonam Yadav,4,0,,HIGH
1172164,2,12.1,England,India,DN Wyatt,L Winfield,E Bisht,0,0,,LOW
1172164,2,12.2,England,India,DN Wyatt,L Winfield,E Bisht,2,0,,HIGH
1172164,2,12.3,England,India,DN Wyatt,L Winfield,E Bisht,0,0,,LOW
1172164,2,12.4,England,India,DN Wyatt,L Winfield,E Bisht,1,0,,LOW
1172164,2,12.5,England,India,L Winfield,DN Wyatt,E Bisht,1,0,,LOW
1172164,2,12.6,England,India,DN Wyatt,L Winfield,E Bisht,1,0,,LOW
1172164,2,13.1,England,India,DN Wyatt,L Winfield,S Pandey,0,0,,LOW
1172164,2,13.2,England,India,DN Wyatt,L Winfield,S Pandey,0,0,,LOW
1172164,2,13.3,England,India,DN Wyatt,L Winfield,S Pandey,1,0,,LOW
1172164,2,13.4,England,India,L Winfield,DN Wyatt,S Pandey,0,0,,LOW
1172164,2,13.5,England,India,L Winfield,DN Wyatt,S Pandey,1,0,,LOW
1172164,2,13.6,England,India,DN Wyatt,L Winfield,S Pandey,1,0,,LOW
1172164,2,14.1,England,India,DN Wyatt,L Winfield,RP Yadav,0,0,,LOW
1172164,2,14.2,England,India,DN Wyatt,L Winfield,RP Yadav,1,0,,LOW
1172164,2,14.3,England,India,L Winfield,DN Wyatt,RP Yadav,2,0,,HIGH
1172164,2,14.4,England,India,L Winfield,DN Wyatt,RP Yadav,0,0,,LOW
1172164,2,14.5,England,India,L Winfield,DN Wyatt,RP Yadav,4,0,,HIGH
1172164,2,14.6,England,India,L Winfield,DN Wyatt,RP Yadav,4,0,,HIGH
1172164,2,15.1,England,India,DN Wyatt,L Winfield,S Pandey,1,0,,LOW
1172164,2,15.2,England,India,L Winfield,DN Wyatt,S Pandey,4,0,,HIGH
1172164,2,15.3,England,India,L Winfield,DN Wyatt,S Pandey,1,0,,LOW
1172164,2,15.4,England,India,DN Wyatt,L Winfield,S Pandey,1,0,,LOW
1172164,2,15.5,England,India,L Winfield,DN Wyatt,S Pandey,0,1,,LOW
1172164,2,15.6,England,India,DN Wyatt,L Winfield,S Pandey,0,0,,LOW
1172164,2,16.1,England,India,L Winfield,DN Wyatt,H Deol,1,0,,LOW
1172164,2,16.2,England,India,DN Wyatt,L Winfield,H Deol,1,0,,LOW
1172164,2,16.3,England,India,L Winfield,DN Wyatt,H Deol,2,0,,HIGH
1172164,2,16.4,England,India,L Winfield,DN Wyatt,H Deol,0,0,,LOW
1172164,2,16.5,England,India,L Winfield,DN Wyatt,H Deol,1,0,,LOW
1172164,2,16.6,England,India,DN Wyatt,L Winfield,H Deol,1,0,,LOW
1172164,2,17.1,England,India,DN Wyatt,L Winfield,DB Sharma,1,0,,LOW
1172164,2,17.2,England,India,L Winfield,DN Wyatt,DB Sharma,0,0,,LOW
1172164,2,17.3,England,India,L Winfield,DN Wyatt,DB Sharma,0,0,,LOW
1172164,2,17.4,England,India,L Winfield,DN Wyatt,DB Sharma,0,0,caught,LOW
1172164,2,17.5,England,India,KH Brunt,DN Wyatt,DB Sharma,1,0,,LOW
1172164,2,17.6,England,India,DN Wyatt,KH Brunt,DB Sharma,1,0,,LOW
1172164,2,18.1,England,India,DN Wyatt,KH Brunt,RP Yadav,2,0,,HIGH
1172164,2,18.2,England,India,DN Wyatt,KH Brunt,RP Yadav,1,0,,LOW
1172164,2,18.3,England,India,KH Brunt,DN Wyatt,RP Yadav,1,0,,LOW
1172164,2,18.4,England,India,DN Wyatt,KH Brunt,RP Yadav,1,0,,LOW
1172164,2,18.5,England,India,KH Brunt,DN Wyatt,RP Yadav,0,0,,LOW
1172164,2,18.6,England,India,KH Brunt,DN Wyatt,RP Yadav,0,0,,LOW
1172164,2,19.1,England,India,DN Wyatt,KH Brunt,DB Sharma,4,0,,HIGH
1142919,1,0.1,Australia,Pakistan,DJM Short,AJ Finch,Mohammad Amir,4,0,,HIGH
1142919,1,0.2,Australia,Pakistan,DJM Short,AJ Finch,Mohammad Amir,0,0,,LOW
1142919,1,0.3,Australia,Pakistan,DJM Short,AJ Finch,Mohammad Amir,4,0,,HIGH
1142919,1,0.4,Australia,Pakistan,DJM Short,AJ Finch,Mohammad Amir,0,0,,LOW
1142919,1,0.5,Australia,Pakistan,DJM Short,AJ Finch,Mohammad Amir,0,0,,LOW
1142919,1,0.6,Australia,Pakistan,DJM Short,AJ Finch,Mohammad Amir,0,0,,LOW
1142919,1,1.1,Australia,Pakistan,AJ Finch,DJM Short,Faheem Ashraf,3,0,,HIGH
1142919,1,1.2,Australia,Pakistan,DJM Short,AJ Finch,Faheem Ashraf,0,0,,LOW
1142919,1,1.3,Australia,Pakistan,DJM Short,AJ Finch,Faheem Ashraf,0,0,,LOW
1142919,1,1.4,Australia,Pakistan,DJM Short,AJ Finch,Faheem Ashraf,0,0,,LOW
1142919,1,1.5,Australia,Pakistan,DJM Short,AJ Finch,Faheem Ashraf,1,0,,LOW
1142919,1,1.6,Australia,Pakistan,AJ Finch,DJM Short,Faheem Ashraf,1,0,,LOW
1142919,1,2.1,Australia,Pakistan,AJ Finch,DJM Short,Mohammad Amir,2,0,,HIGH
1142919,1,2.2,Australia,Pakistan,AJ Finch,DJM Short,Mohammad Amir,1,0,,LOW
1142919,1,2.3,Australia,Pakistan,DJM Short,AJ Finch,Mohammad Amir,4,0,,HIGH
1142919,1,2.4,Australia,Pakistan,DJM Short,AJ Finch,Mohammad Amir,0,1,,LOW
1142919,1,2.5,Australia,Pakistan,AJ Finch,DJM Short,Mohammad Amir,1,0,,LOW
1142919,1,2.6,Australia,Pakistan,DJM Short,AJ Finch,Mohammad Amir,0,0,,LOW
1142919,1,3.1,Australia,Pakistan,AJ Finch,DJM Short,Faheem Ashraf,0,0,,LOW
1142919,1,3.2,Australia,Pakistan,AJ Finch,DJM Short,Faheem Ashraf,1,0,,LOW
1142919,1,3.3,Australia,Pakistan,DJM Short,AJ Finch,Faheem Ashraf,0,0,,LOW
1142919,1,3.4,Australia,Pakistan,DJM Short,AJ Finch,Faheem Ashraf,0,1,,LOW
1142919,1,3.5,Australia,Pakistan,DJM Short,AJ Finch,Faheem Ashraf,0,1,,LOW
1142919,1,3.6,Australia,Pakistan,AJ Finch,DJM Short,Faheem Ashraf,0,0,,LOW
1142919,1,3.7,Australia,Pakistan,AJ Finch,DJM Short,Faheem Ashraf,4,0,,HIGH
1142919,1,4.1,Australia,Pakistan,DJM Short,AJ Finch,Hasan Ali,4,0,,HIGH
1142919,1,4.2,Australia,Pakistan,DJM Short,AJ Finch,Hasan Ali,0,0,,LOW
1142919,1,4.3,Australia,Pakistan,DJM Short,AJ Finch,Hasan Ali,0,0,,LOW
1142919,1,4.4,Australia,Pakistan,DJM Short,AJ Finch,Hasan Ali,1,0,,LOW
1142919,1,4.5,Australia,Pakistan,AJ Finch,DJM Short,Hasan Ali,2,0,,HIGH
1142919,1,4.6,Australia,Pakistan,AJ Finch,DJM Short,Hasan Ali,2,0,,HIGH
1142919,1,5.1,Australia,Pakistan,DJM Short,AJ Finch,Faheem Ashraf,6,0,,HIGH
1142919,1,5.2,Australia,Pakistan,DJM Short,AJ Finch,Faheem Ashraf,1,0,,LOW
1142919,1,5.3,Australia,Pakistan,AJ Finch,DJM Short,Faheem Ashraf,1,0,,LOW
1142919,1,5.4,Australia,Pakistan,DJM Short,AJ Finch,Faheem Ashraf,2,0,,HIGH
1142919,1,5.5,Australia,Pakistan,DJM Short,AJ Finch,Faheem Ashraf,6,0,,HIGH
1142919,1,5.6,Australia,Pakistan,DJM Short,AJ Finch,Faheem Ashraf,0,0,,LOW
1142919,1,6.1,Australia,Pakistan,AJ Finch,DJM Short,Shaheen Shah Afridi,1,0,,LOW
1142919,1,6.2,Australia,Pakistan,DJM Short,AJ Finch,Shaheen Shah Afridi,0,1,,LOW
1142919,1,6.3,Australia,Pakistan,AJ Finch,DJM Short,Shaheen Shah Afridi,6,0,,HIGH
1142919,1,6.4,Australia,Pakistan,AJ Finch,DJM Short,Shaheen Shah Afridi,4,0,,HIGH
1142919,1,6.5,Australia,Pakistan,AJ Finch,DJM Short,Shaheen Shah Afridi,1,0,,LOW
1142919,1,6.6,Australia,Pakistan,DJM Short,AJ Finch,Shaheen Shah Afridi,1,0,,LOW
1142919,1,7.1,Australia,Pakistan,DJM Short,AJ Finch,Shadab Khan,2,0,,HIGH
1142919,1,7.2,Australia,Pakistan,DJM Short,AJ Finch,Shadab Khan,4,0,,HIGH
1142919,1,7.3,Australia,Pakistan,DJM Short,AJ Finch,Shadab Khan,0,0,,LOW
1142919,1,7.4,Australia,Pakistan,DJM Short,AJ Finch,Shadab Khan,1,0,,LOW
1142919,1,7.5,Australia,Pakistan,AJ Finch,DJM Short,Shadab Khan,0,0,,LOW
1142919,1,7.6,Australia,Pakistan,AJ Finch,DJM Short,Shadab Khan,6,0,,HIGH
1142919,1,8.1,Australia,Pakistan,DJM Short,AJ Finch,Shaheen Shah Afridi,1,0,,LOW
1142919,1,8.2,Australia,Pakistan,AJ Finch,DJM Short,Shaheen Shah Afridi,0,1,,LOW
1142919,1,8.3,Australia,Pakistan,DJM Short,AJ Finch,Shaheen Shah Afridi,1,0,,LOW
1142919,1,8.4,Australia,Pakistan,AJ Finch,DJM Short,Shaheen Shah Afridi,0,0,,LOW
1142919,1,8.5,Australia,Pakistan,AJ Finch,DJM Short,Shaheen Shah Afridi,0,0,,LOW
1142919,1,8.6,Australia,Pakistan,AJ Finch,DJM Short,Shaheen Shah Afridi,1,0,,LOW
1142919,1,9.1,Australia,Pakistan,AJ Finch,DJM Short,Shadab Khan,0,0,,LOW
1142919,1,9.2,Australia,Pakistan,AJ Finch,DJM Short,Shadab Khan,6,0,,HIGH
1142919,1,9.3,Australia,Pakistan,AJ Finch,DJM Short,Shadab Khan,2,0,,HIGH
1142919,1,9.4,Australia,Pakistan,AJ Finch,DJM Short,Shadab Khan,2,0,,HIGH
1142919,1,9.5,Australia,Pakistan,AJ Finch,DJM Short,Shadab Khan,0,0,caught,LOW
1142919,1,9.6,Australia,Pakistan,GJ Maxwell,DJM Short,Shadab Khan,1,0,,LOW
1142919,1,10.1,Australia,Pakistan,GJ Maxwell,DJM Short,Shaheen Shah Afridi,1,0,,LOW
1142919,1,10.2,Australia,Pakistan,DJM Short,GJ Maxwell,Shaheen Shah Afridi,1,0,,LOW
1142919,1,10.3,Australia,Pakistan,GJ Maxwell,DJM Short,Shaheen Shah Afridi,2,0,,HIGH
1142919,1,10.4,Australia,Pakistan,GJ Maxwell,DJM Short,Shaheen Shah Afridi,1,0,,LOW
1142919,1,10.5,Australia,Pakistan,DJM Short,GJ Maxwell,Shaheen Shah Afridi,0,0,,LOW
1142919,1,10.6,Australia,Pakistan,DJM Short,GJ Maxwell,Shaheen Shah Afridi,1,0,,LOW
1142919,1,11.1,Australia,Pakistan,DJM Short,GJ Maxwell,Shadab Khan,0,0,,LOW
1142919,1,11.2,Australia,Pakistan,DJM Short,GJ Maxwell,Shadab Khan,4,0,,HIGH
1142919,1,11.3,Australia,Pakistan,DJM Short,GJ Maxwell,Shadab Khan,0,0,,LOW
1142919,1,11.4,Australia,Pakistan,DJM Short,GJ Maxwell,Shadab Khan,2,0,,HIGH
1142919,1,11.5,Australia,Pakistan,DJM Short,GJ Maxwell,Shadab Khan,1,0,,LOW
1142919,1,11.6,Australia,Pakistan,GJ Maxwell,DJM Short,Shadab Khan,0,0,caught,LOW
1142919,1,12.1,Australia,Pakistan,DJM Short,MP Stoinis,Hasan Ali,0,0,,LOW
1142919,1,12.2,Australia,Pakistan,DJM Short,MP Stoinis,Hasan Ali,1,0,,LOW
1142919,1,12.3,Australia,Pakistan,MP Stoinis,DJM Short,Hasan Ali,0,0,,LOW
1142919,1,12.4,Australia,Pakistan,MP Stoinis,DJM Short,Hasan Ali,0,0,,LOW
1142919,1,12.5,Australia,Pakistan,MP Stoinis,DJM Short,Hasan Ali,2,0,,HIGH
1142919,1,12.6,Australia,Pakistan,MP Stoinis,DJM Short,Hasan Ali,0,0,,LOW
1142919,1,13.1,Australia,Pakistan,DJM Short,MP Stoinis,Shadab Khan,0,0,,LOW
1142919,1,13.2,Australia,Pakistan,DJM Short,MP Stoinis,Shadab Khan,0,0,,LOW
1142919,1,13.3,Australia,Pakistan,DJM Short,MP Stoinis,Shadab Khan,1,0,,LOW
1142919,1,13.4,Australia,Pakistan,MP Stoinis,DJM Short,Shadab Khan,1,0,,LOW
1142919,1,13.5,Australia,Pakistan,DJM Short,MP Stoinis,Shadab Khan,4,0,,HIGH
1142919,1,13.6,Australia,Pakistan,DJM Short,MP Stoinis,Shadab Khan,1,0,,LOW
1142919,1,14.1,Australia,Pakistan,DJM Short,MP Stoinis,Hasan Ali,2,0,,HIGH
1142919,1,14.2,Australia,Pakistan,DJM Short,MP Stoinis,Hasan Ali,2,0,,HIGH
1142919,1,14.3,Australia,Pakistan,DJM Short,MP Stoinis,Hasan Ali,1,0,,LOW
1142919,1,14.4,Australia,Pakistan,MP Stoinis,DJM Short,Hasan Ali,1,0,,LOW
1142919,1,14.5,Australia,Pakistan,DJM Short,MP Stoinis,Hasan Ali,6,0,,HIGH
1142919,1,14.6,Australia,Pakistan,DJM Short,MP Stoinis,Hasan Ali,6,0,,HIGH
1142919,1,15.1,Australia,Pakistan,MP Stoinis,DJM Short,Mohammad Amir,6,0,,HIGH
1142919,1,15.2,Australia,Pakistan,MP Stoinis,DJM Short,Mohammad Amir,0,1,,LOW
1142919,1,15.3,Australia,Pakistan,MP Stoinis,DJM Short,Mohammad Amir,2,0,,HIGH
1142919,1,15.4,Australia,Pakistan,MP Stoinis,DJM Short,Mohammad Amir,0,0,,LOW
1142919,1,15.5,Australia,Pakistan,MP Stoinis,DJM Short,Mohammad Amir,0,0,caught,LOW
1142919,1,15.6,Australia,Pakistan,TM Head,DJM Short,Mohammad Amir,0,0,,LOW
1142919,1,15.7,Australia,Pakistan,TM Head,DJM Short,Mohammad Amir,1,0,,LOW
1142919,1,16.1,Australia,Pakistan,TM Head,DJM Short,Shaheen Shah Afridi,1,0,,LOW
1142919,1,16.2,Australia,Pakistan,DJM Short,TM Head,Shaheen Shah Afridi,0,0,caught,LOW
1142919,1,16.3,Australia,Pakistan,AT Carey,TM Head,Shaheen Shah Afridi,1,0,,LOW
1142919,1,16.4,Australia,Pakistan,TM Head,AT Carey,Shaheen Shah Afridi,4,0,,HIGH
1142919,1,16.5,Australia,Pakistan,TM Head,AT Carey,Shaheen Shah Afridi,4,0,,HIGH
1142919,1,16.6,Australia,Pakistan,TM Head,AT Carey,Shaheen Shah Afridi,0,0,,LOW
1142919,1,17.1,Australia,Pakistan,AT Carey,TM Head,Faheem Ashraf,1,0,,LOW
1142919,1,17.2,Australia,Pakistan,TM Head,AT Carey,Faheem Ashraf,6,0,,HIGH
1142919,1,17.3,Australia,Pakistan,TM Head,AT Carey,Faheem Ashraf,0,1,,LOW
1142919,1,17.4,Australia,Pakistan,TM Head,AT Carey,Faheem Ashraf,1,0,,LOW
1142919,1,17.5,Australia,Pakistan,AT Carey,TM Head,Faheem Ashraf,0,0,caught,LOW
1142919,1,17.6,Australia,Pakistan,AC Agar,TM Head,Faheem Ashraf,0,0,,LOW
1142919,1,17.7,Australia,Pakistan,AC Agar,TM Head,Faheem Ashraf,2,0,,HIGH
1142919,1,18.1,Australia,Pakistan,TM Head,AC Agar,Hasan Ali,1,0,,LOW
1142919,1,18.2,Australia,Pakistan,AC Agar,TM Head,Hasan Ali,1,0,,LOW
1142919,1,18.3,Australia,Pakistan,TM Head,AC Agar,Hasan Ali,1,0,,LOW
1142919,1,18.4,Australia,Pakistan,AC Agar,TM Head,Hasan Ali,4,0,,HIGH
1142919,1,18.5,Australia,Pakistan,AC Agar,TM Head,Hasan Ali,0,1,,LOW
1142919,1,18.6,Australia,Pakistan,AC Agar,TM Head,Hasan Ali,0,0,,LOW
1142919,1,18.7,Australia,Pakistan,AC Agar,TM Head,Hasan Ali,0,0,bowled,LOW
1142919,1,19.1,Australia,Pakistan,TM Head,JD Wildermuth,Mohammad Amir,0,0,caught,LOW
1142919,1,19.2,Australia,Pakistan,JD Wildermuth,AJ Tye,Mohammad Amir,1,0,,LOW
1142919,1,19.3,Australia,Pakistan,AJ Tye,JD Wildermuth,Mohammad Amir,0,0,,LOW
1142919,1,19.4,Australia,Pakistan,AJ Tye,JD Wildermuth,Mohammad Amir,0,0,bowled,LOW
1142919,1,19.5,Australia,Pakistan,JA Richardson,JD Wildermuth,Mohammad Amir,2,0,,HIGH
1142919,1,19.6,Australia,Pakistan,JA Richardson,JD Wildermuth,Mohammad Amir,4,0,,HIGH
1142919,2,0.1,Pakistan,Australia,Fakhar Zaman,Sahibzada Farhan,GJ Maxwell,1,0,,LOW
1142919,2,0.2,Pakistan,Australia,Sahibzada Farhan,Fakhar Zaman,GJ Maxwell,0,1,stumped,LOW
1142919,2,0.3,Pakistan,Australia,Hussain Talat,Fakhar Zaman,GJ Maxwell,0,0,,LOW
1142919,2,0.4,Pakistan,Australia,Hussain Talat,Fakhar Zaman,GJ Maxwell,0,0,,LOW
1142919,2,0.5,Pakistan,Australia,Hussain Talat,Fakhar Zaman,GJ Maxwell,0,0,caught,LOW
1142919,2,0.6,Pakistan,Australia,Sarfraz Ahmed,Fakhar Zaman,GJ Maxwell,1,0,,LOW
1142919,2,0.7,Pakistan,Australia,Fakhar Zaman,Sarfraz Ahmed,GJ Maxwell,0,0,,LOW
1142919,2,1.1,Pakistan,Australia,Sarfraz Ahmed,Fakhar Zaman,B Stanlake,0,0,,LOW
1142919,2,1.2,Pakistan,Australia,Sarfraz Ahmed,Fakhar Zaman,B Stanlake,0,0,,LOW
1142919,2,1.3,Pakistan,Australia,Sarfraz Ahmed,Fakhar Zaman,B Stanlake,1,0,,LOW
1142919,2,1.4,Pakistan,Australia,Fakhar Zaman,Sarfraz Ahmed,B Stanlake,0,0,,LOW
1142919,2,1.5,Pakistan,Australia,Fakhar Zaman,Sarfraz Ahmed,B Stanlake,1,0,,LOW
1142919,2,1.6,Pakistan,Australia,Sarfraz Ahmed,Fakhar Zaman,B Stanlake,0,0,,LOW
1142919,2,2.1,Pakistan,Australia,Fakhar Zaman,Sarfraz Ahmed,GJ Maxwell,2,0,,HIGH
1142919,2,2.2,Pakistan,Australia,Fakhar Zaman,Sarfraz Ahmed,GJ Maxwell,4,0,,HIGH
1142919,2,2.3,Pakistan,Australia,Fakhar Zaman,Sarfraz Ahmed,GJ Maxwell,4,0,,HIGH
1142919,2,2.4,Pakistan,Australia,Fakhar Zaman,Sarfraz Ahmed,GJ Maxwell,1,0,,LOW
1142919,2,2.5,Pakistan,Australia,Sarfraz Ahmed,Fakhar Zaman,GJ Maxwell,6,0,,HIGH
1142919,2,2.6,Pakistan,Australia,Sarfraz Ahmed,Fakhar Zaman,GJ Maxwell,4,0,,HIGH
1142919,2,3.1,Pakistan,Australia,Fakhar Zaman,Sarfraz Ahmed,B Stanlake,4,0,,HIGH
1142919,2,3.2,Pakistan,Australia,Fakhar Zaman,Sarfraz Ahmed,B Stanlake,1,0,,LOW
1142919,2,3.3,Pakistan,Australia,Sarfraz Ahmed,Fakhar Zaman,B Stanlake,0,0,,LOW
1142919,2,3.4,Pakistan,Australia,Sarfraz Ahmed,Fakhar Zaman,B Stanlake,0,0,,LOW
1142919,2,3.5,Pakistan,Australia,Sarfraz Ahmed,Fakhar Zaman,B Stanlake,4,0,,HIGH
1142919,2,3.6,Pakistan,Australia,Sarfraz Ahmed,Fakhar Zaman,B Stanlake,1,0,,LOW
1142919,2,4.1,Pakistan,Australia,Sarfraz Ahmed,Fakhar Zaman,JA Richardson,0,0,,LOW
1142919,2,4.2,Pakistan,Australia,Sarfraz Ahmed,Fakhar Zaman,JA Richardson,0,0,,LOW
1142919,2,4.3,Pakistan,Australia,Sarfraz Ahmed,Fakhar Zaman,JA Richardson,0,0,,LOW
1142919,2,4.4,Pakistan,Australia,Sarfraz Ahmed,Fakhar Zaman,JA Richardson,0,0,,LOW
1142919,2,4.5,Pakistan,Australia,Sarfraz Ahmed,Fakhar Zaman,JA Richardson,4,0,,HIGH
1142919,2,4.6,Pakistan,Australia,Sarfraz Ahmed,Fakhar Zaman,JA Richardson,1,0,,LOW
1142919,2,5.1,Pakistan,Australia,Sarfraz Ahmed,Fakhar Zaman,AJ Tye,4,0,,HIGH
1142919,2,5.2,Pakistan,Australia,Sarfraz Ahmed,Fakhar Zaman,AJ Tye,2,0,run out,HIGH
1142919,2,5.3,Pakistan,Australia,Fakhar Zaman,Shoaib Malik,AJ Tye,1,0,,LOW
1142919,2,5.4,Pakistan,Australia,Shoaib Malik,Fakhar Zaman,AJ Tye,0,0,,LOW
1142919,2,5.5,Pakistan,Australia,Shoaib Malik,Fakhar Zaman,AJ Tye,0,0,,LOW
1142919,2,5.6,Pakistan,Australia,Shoaib Malik,Fakhar Zaman,AJ Tye,0,0,,LOW
1142919,2,6.1,Pakistan,Australia,Fakhar Zaman,Shoaib Malik,JA Richardson,0,0,,LOW
1142919,2,6.2,Pakistan,Australia,Fakhar Zaman,Shoaib Malik,JA Richardson,0,0,,LOW
1142919,2,6.3,Pakistan,Australia,Fakhar Zaman,Shoaib Malik,JA Richardson,1,0,,LOW
1142919,2,6.4,Pakistan,Australia,Shoaib Malik,Fakhar Zaman,JA Richardson,0,0,,LOW
1142919,2,6.5,Pakistan,Australia,Shoaib Malik,Fakhar Zaman,JA Richardson,0,0,,LOW
1142919,2,6.6,Pakistan,Australia,Shoaib Malik,Fakhar Zaman,JA Richardson,0,0,,LOW
1142919,2,7.1,Pakistan,Australia,Fakhar Zaman,Shoaib Malik,MP Stoinis,6,0,,HIGH
1142919,2,7.2,Pakistan,Australia,Fakhar Zaman,Shoaib Malik,MP Stoinis,4,0,,HIGH
1142919,2,7.3,Pakistan,Australia,Fakhar Zaman,Shoaib Malik,MP Stoinis,0,0,,LOW
1142919,2,7.4,Pakistan,Australia,Fakhar Zaman,Shoaib Malik,MP Stoinis,2,0,,HIGH
1142919,2,7.5,Pakistan,Australia,Fakhar Zaman,Shoaib Malik,MP Stoinis,1,0,,LOW
1142919,2,7.6,Pakistan,Australia,Shoaib Malik,Fakhar Zaman,MP Stoinis,1,0,,LOW
1142919,2,8.1,Pakistan,Australia,Shoaib Malik,Fakhar Zaman,GJ Maxwell,2,0,,HIGH
1142919,2,8.2,Pakistan,Australia,Shoaib Malik,Fakhar Zaman,GJ Maxwell,2,0,,HIGH
1142919,2,8.3,Pakistan,Australia,Shoaib Malik,Fakhar Zaman,GJ Maxwell,1,0,,LOW
1142919,2,8.4,Pakistan,Australia,Fakhar Zaman,Shoaib Malik,GJ Maxwell,1,0,,LOW
1142919,2,8.5,Pakistan,Australia,Shoaib Malik,Fakhar Zaman,GJ Maxwell,1,0,,LOW
1142919,2,8.6,Pakistan,Australia,Fakhar Zaman,Shoaib Malik,GJ Maxwell,4,0,,HIGH
1142919,2,9.1,Pakistan,Australia,Shoaib Malik,Fakhar Zaman,B Stanlake,0,0,,LOW
1142919,2,9.2,Pakistan,Australia,Shoaib Malik,Fakhar Zaman,B Stanlake,1,0,,LOW
1142919,2,9.3,Pakistan,Australia,Fakhar Zaman,Shoaib Malik,B Stanlake,0,0,,LOW
1142919,2,9.4,Pakistan,Australia,Fakhar Zaman,Shoaib Malik,B Stanlake,1,0,,LOW
1142919,2,9.5,Pakistan,Australia,Shoaib Malik,Fakhar Zaman,B Stanlake,1,0,,LOW
1142919,2,9.6,Pakistan,Australia,Fakhar Zaman,Shoaib Malik,B Stanlake,2,0,,HIGH
1142919,2,10.1,Pakistan,Australia,Shoaib Malik,Fakhar Zaman,JD Wildermuth,4,0,,HIGH
1142919,2,10.2,Pakistan,Australia,Shoaib Malik,Fakhar Zaman,JD Wildermuth,1,0,,LOW
1142919,2,10.3,Pakistan,Australia,Fakhar Zaman,Shoaib Malik,JD Wildermuth,0,0,,LOW
1142919,2,10.4,Pakistan,Australia,Fakhar Zaman,Shoaib Malik,JD Wildermuth,0,1,,LOW
1142919,2,10.5,Pakistan,Australia,Fakhar Zaman,Shoaib Malik,JD Wildermuth,4,0,,HIGH
1142919,2,10.6,Pakistan,Australia,Fakhar Zaman,Shoaib Malik,JD Wildermuth,0,1,,LOW
1142919,2,10.7,Pakistan,Australia,Fakhar Zaman,Shoaib Malik,JD Wildermuth,0,1,,LOW
1142919,2,10.8,Pakistan,Australia,Fakhar Zaman,Shoaib Malik,JD Wildermuth,0,1,,LOW
1142919,2,10.9,Pakistan,Australia,Fakhar Zaman,Shoaib Malik,JD Wildermuth,2,0,,HIGH
1142919,2,10.1,Pakistan,Australia,Fakhar Zaman,Shoaib Malik,JD Wildermuth,1,0,,LOW
1142919,2,11.1,Pakistan,Australia,Fakhar Zaman,Shoaib Malik,AC Agar,1,0,,LOW
1142919,2,11.2,Pakistan,Australia,Shoaib Malik,Fakhar Zaman,AC Agar,1,0,,LOW
1142919,2,11.3,Pakistan,Australia,Fakhar Zaman,Shoaib Malik,AC Agar,6,0,,HIGH
1142919,2,11.4,Pakistan,Australia,Fakhar Zaman,Shoaib Malik,AC Agar,4,0,,HIGH
1142919,2,11.5,Pakistan,Australia,Fakhar Zaman,Shoaib Malik,AC Agar,4,0,,HIGH
1142919,2,11.6,Pakistan,Australia,Fakhar Zaman,Shoaib Malik,AC Agar,0,1,,LOW
1142919,2,12.1,Pakistan,Australia,Fakhar Zaman,Shoaib Malik,AJ Tye,4,0,,HIGH
1142919,2,12.2,Pakistan,Australia,Fakhar Zaman,Shoaib Malik,AJ Tye,4,0,,HIGH
1142919,2,12.3,Pakistan,Australia,Fakhar Zaman,Shoaib Malik,AJ Tye,1,0,,LOW
1142919,2,12.4,Pakistan,Australia,Shoaib Malik,Fakhar Zaman,AJ Tye,4,0,,HIGH
1142919,2,12.5,Pakistan,Australia,Shoaib Malik,Fakhar Zaman,AJ Tye,1,0,,LOW
1142919,2,12.6,Pakistan,Australia,Fakhar Zaman,Shoaib Malik,AJ Tye,1,0,,LOW
1142919,2,13.1,Pakistan,Australia,Fakhar Zaman,Shoaib Malik,B Stanlake,0,1,,LOW
1142919,2,13.2,Pakistan,Australia,Shoaib Malik,Fakhar Zaman,B Stanlake,1,0,,LOW
1142919,2,13.3,Pakistan,Australia,Fakhar Zaman,Shoaib Malik,B Stanlake,6,0,,HIGH
1142919,2,13.4,Pakistan,Australia,Fakhar Zaman,Shoaib Malik,B Stanlake,1,0,,LOW
1142919,2,13.5,Pakistan,Australia,Shoaib Malik,Fakhar Zaman,B Stanlake,0,0,,LOW
1142919,2,13.6,Pakistan,Australia,Shoaib Malik,Fakhar Zaman,B Stanlake,0,0,,LOW
1142919,2,14.1,Pakistan,Australia,Fakhar Zaman,Shoaib Malik,MP Stoinis,1,0,,LOW
1142919,2,14.2,Pakistan,Australia,Shoaib Malik,Fakhar Zaman,MP Stoinis,1,0,,LOW
1142919,2,14.3,Pakistan,Australia,Fakhar Zaman,Shoaib Malik,MP Stoinis,1,0,,LOW
1142919,2,14.4,Pakistan,Australia,Shoaib Malik,Fakhar Zaman,MP Stoinis,1,0,,LOW
1142919,2,14.5,Pakistan,Australia,Fakhar Zaman,Shoaib Malik,MP Stoinis,4,0,,HIGH
1142919,2,14.6,Pakistan,Australia,Fakhar Zaman,Shoaib Malik,MP Stoinis,4,0,,HIGH
1142919,2,15.1,Pakistan,Australia,Shoaib Malik,Fakhar Zaman,JA Richardson,2,0,,HIGH
1142919,2,15.2,Pakistan,Australia,Shoaib Malik,Fakhar Zaman,JA Richardson,0,1,,LOW
1142919,2,15.3,Pakistan,Australia,Shoaib Malik,Fakhar Zaman,JA Richardson,0,0,,LOW
1142919,2,15.4,Pakistan,Australia,Shoaib Malik,Fakhar Zaman,JA Richardson,1,0,,LOW
1142919,2,15.5,Pakistan,Australia,Fakhar Zaman,Shoaib Malik,JA Richardson,1,0,,LOW
1142919,2,15.6,Pakistan,Australia,Shoaib Malik,Fakhar Zaman,JA Richardson,1,0,,LOW
1142919,2,15.7,Pakistan,Australia,Fakhar Zaman,Shoaib Malik,JA Richardson,0,0,caught,LOW
1142919,2,16.1,Pakistan,Australia,Asif Ali,Shoaib Malik,AJ Tye,0,0,,LOW
1142919,2,16.2,Pakistan,Australia,Asif Ali,Shoaib Malik,AJ Tye,0,0,,LOW
1142919,2,16.3,Pakistan,Australia,Asif Ali,Shoaib Malik,AJ Tye,0,0,,LOW
1142919,2,16.4,Pakistan,Australia,Asif Ali,Shoaib Malik,AJ Tye,1,0,,LOW
1142919,2,16.5,Pakistan,Australia,Shoaib Malik,Asif Ali,AJ Tye,1,0,,LOW
1142919,2,16.6,Pakistan,Australia,Asif Ali,Shoaib Malik,AJ Tye,0,0,,LOW
1142919,2,17.1,Pakistan,Australia,Shoaib Malik,Asif Ali,JA Richardson,6,0,,HIGH
1142919,2,17.2,Pakistan,Australia,Shoaib Malik,Asif Ali,JA Richardson,1,0,,LOW
1142919,2,17.3,Pakistan,Australia,Asif Ali,Shoaib Malik,JA Richardson,1,0,,LOW
1142919,2,17.4,Pakistan,Australia,Shoaib Malik,Asif Ali,JA Richardson,1,0,,LOW
1142919,2,17.5,Pakistan,Australia,Asif Ali,Shoaib Malik,JA Richardson,2,0,,HIGH
1142919,2,17.6,Pakistan,Australia,Asif Ali,Shoaib Malik,JA Richardson,6,0,,HIGH
1142919,2,18.1,Pakistan,Australia,Shoaib Malik,Asif Ali,AJ Tye,4,0,,HIGH
1142919,2,18.2,Pakistan,Australia,Shoaib Malik,Asif Ali,AJ Tye,1,0,,LOW
1142919,2,18.3,Pakistan,Australia,Asif Ali,Shoaib Malik,AJ Tye,1,0,,LOW
1142919,2,18.4,Pakistan,Australia,Shoaib Malik,Asif Ali,AJ Tye,0,0,,LOW
1142919,2,18.5,Pakistan,Australia,Shoaib Malik,Asif Ali,AJ Tye,1,0,,LOW
1142919,2,18.6,Pakistan,Australia,Asif Ali,Shoaib Malik,AJ Tye,2,0,,HIGH
1142919,2,19.1,Pakistan,Australia,Shoaib Malik,Asif Ali,MP Stoinis,1,0,,LOW
1142919,2,19.2,Pakistan,Australia,Asif Ali,Shoaib Malik,MP Stoinis,4,0,,HIGH
1398277,1,0.1,England,New Zealand,DN Wyatt,ME Bouchier,FC Jonas,4,0,,HIGH
1398277,1,0.2,England,New Zealand,DN Wyatt,ME Bouchier,FC Jonas,1,0,,LOW
1398277,1,0.3,England,New Zealand,ME Bouchier,DN Wyatt,FC Jonas,0,0,,LOW
1398277,1,0.4,England,New Zealand,ME Bouchier,DN Wyatt,FC Jonas,4,0,,HIGH
1398277,1,0.5,England,New Zealand,ME Bouchier,DN Wyatt,FC Jonas,0,0,,LOW
1398277,1,0.6,England,New Zealand,ME Bouchier,DN Wyatt,FC Jonas,0,0,,LOW
1398277,1,1.1,England,New Zealand,DN Wyatt,ME Bouchier,SFM Devine,0,0,,LOW
1398277,1,1.2,England,New Zealand,DN Wyatt,ME Bouchier,SFM Devine,4,0,,HIGH
1398277,1,1.3,England,New Zealand,DN Wyatt,ME Bouchier,SFM Devine,0,0,,LOW
1398277,1,1.4,England,New Zealand,DN Wyatt,ME Bouchier,SFM Devine,0,1,,LOW
1398277,1,1.5,England,New Zealand,DN Wyatt,ME Bouchier,SFM Devine,0,0,,LOW
1398277,1,1.6,England,New Zealand,DN Wyatt,ME Bouchier,SFM Devine,0,1,,LOW
1398277,1,1.7,England,New Zealand,ME Bouchier,DN Wyatt,SFM Devine,4,0,,HIGH
1398277,1,2.1,England,New Zealand,DN Wyatt,ME Bouchier,JM Kerr,0,0,,LOW
1398277,1,2.2,England,New Zealand,DN Wyatt,ME Bouchier,JM Kerr,1,0,,LOW
1398277,1,2.3,England,New Zealand,ME Bouchier,DN Wyatt,JM Kerr,1,0,,LOW
1398277,1,2.4,England,New Zealand,DN Wyatt,ME Bouchier,JM Kerr,4,0,,HIGH
1398277,1,2.5,England,New Zealand,DN Wyatt,ME Bouchier,JM Kerr,0,0,,LOW
1398277,1,2.6,England,New Zealand,DN Wyatt,ME Bouchier,JM Kerr,0,0,,LOW
1398277,1,3.1,England,New Zealand,ME Bouchier,DN Wyatt,LMM Tahuhu,0,0,,LOW
1398277,1,3.2,England,New Zealand,ME Bouchier,DN Wyatt,LMM Tahuhu,4,0,,HIGH
1398277,1,3.3,England,New Zealand,ME Bouchier,DN Wyatt,LMM Tahuhu,0,0,,LOW
1398277,1,3.4,England,New Zealand,ME Bouchier,DN Wyatt,LMM Tahuhu,2,0,,HIGH
1398277,1,3.5,England,New Zealand,ME Bouchier,DN Wyatt,LMM Tahuhu,0,0,,LOW
1398277,1,3.6,England,New Zealand,ME Bouchier,DN Wyatt,LMM Tahuhu,1,0,,LOW
1398277,1,4.1,England,New Zealand,ME Bouchier,DN Wyatt,JM Kerr,0,0,,LOW
1398277,1,4.2,England,New Zealand,ME Bouchier,DN Wyatt,JM Kerr,4,0,,HIGH
1398277,1,4.3,England,New Zealand,ME Bouchier,DN Wyatt,JM Kerr,4,0,,HIGH
1398277,1,4.4,England,New Zealand,ME Bouchier,DN Wyatt,JM Kerr,0,0,,LOW
1398277,1,4.5,England,New Zealand,ME Bouchier,DN Wyatt,JM Kerr,0,0,,LOW
1398277,1,4.6,England,New Zealand,ME Bouchier,DN Wyatt,JM Kerr,2,0,,HIGH
1398277,1,5.1,England,New Zealand,DN Wyatt,ME Bouchier,SFM Devine,1,0,,LOW
1398277,1,5.2,England,New Zealand,ME Bouchier,DN Wyatt,SFM Devine,1,0,,LOW
1398277,1,5.3,England,New Zealand,DN Wyatt,ME Bouchier,SFM Devine,0,0,,LOW
1398277,1,5.4,England,New Zealand,DN Wyatt,ME Bouchier,SFM Devine,4,0,,HIGH
1398277,1,5.5,England,New Zealand,DN Wyatt,ME Bouchier,SFM Devine,0,0,,LOW
1398277,1,5.6,England,New Zealand,DN Wyatt,ME Bouchier,SFM Devine,4,0,,HIGH
1398277,1,6.1,England,New Zealand,ME Bouchier,DN Wyatt,AC Kerr,1,0,,LOW
1398277,1,6.2,England,New Zealand,DN Wyatt,ME Bouchier,AC Kerr,2,0,,HIGH
1398277,1,6.3,England,New Zealand,DN Wyatt,ME Bouchier,AC Kerr,1,0,,LOW
1398277,1,6.4,England,New Zealand,ME Bouchier,DN Wyatt,AC Kerr,0,0,,LOW
1398277,1,6.5,England,New Zealand,ME Bouchier,DN Wyatt,AC Kerr,2,0,,HIGH
1398277,1,6.6,England,New Zealand,ME Bouchier,DN Wyatt,AC Kerr,0,0,,LOW
1398277,1,7.1,England,New Zealand,DN Wyatt,ME Bouchier,LMM Tahuhu,1,0,,LOW
1398277,1,7.2,England,New Zealand,ME Bouchier,DN Wyatt,LMM Tahuhu,2,0,,HIGH
1398277,1,7.3,England,New Zealand,ME Bouchier,DN Wyatt,LMM Tahuhu,0,0,,LOW
1398277,1,7.4,England,New Zealand,ME Bouchier,DN Wyatt,LMM Tahuhu,0,0,caught,LOW
1398277,1,7.5,England,New Zealand,NR Sciver-Brunt,DN Wyatt,LMM Tahuhu,2,0,,HIGH
1398277,1,7.6,England,New Zealand,NR Sciver-Brunt,DN Wyatt,LMM Tahuhu,4,0,,HIGH
1398277,1,8.1,England,New Zealand,DN Wyatt,NR Sciver-Brunt,AC Kerr,0,0,,LOW
1398277,1,8.2,England,New Zealand,DN Wyatt,NR Sciver-Brunt,AC Kerr,1,0,,LOW
1398277,1,8.3,England,New Zealand,NR Sciver-Brunt,DN Wyatt,AC Kerr,0,0,,LOW
1398277,1,8.4,England,New Zealand,NR Sciver-Brunt,DN Wyatt,AC Kerr,4,0,,HIGH
1398277,1,8.5,England,New Zealand,NR Sciver-Brunt,DN Wyatt,AC Kerr,1,0,,LOW
1398277,1,8.6,England,New Zealand,DN Wyatt,NR Sciver-Brunt,AC Kerr,1,0,,LOW
1398277,1,9.1,England,New Zealand,DN Wyatt,NR Sciver-Brunt,LMM Tahuhu,4,0,,HIGH
1398277,1,9.2,England,New Zealand,DN Wyatt,NR Sciver-Brunt,LMM Tahuhu,0,0,,LOW
1398277,1,9.3,England,New Zealand,DN Wyatt,NR Sciver-Brunt,LMM Tahuhu,2,0,,HIGH
1398277,1,9.4,England,New Zealand,DN Wyatt,NR Sciver-Brunt,LMM Tahuhu,1,0,,LOW
1398277,1,9.5,England,New Zealand,NR Sciver-Brunt,DN Wyatt,LMM Tahuhu,1,0,,LOW
1398277,1,9.6,England,New Zealand,DN Wyatt,NR Sciver-Brunt,LMM Tahuhu,0,0,,LOW
1398277,1,10.1,England,New Zealand,NR Sciver-Brunt,DN Wyatt,EJ Carson,1,0,,LOW
1398277,1,10.2,England,New Zealand,DN Wyatt,NR Sciver-Brunt,EJ Carson,6,0,,HIGH
1398277,1,10.3,England,New Zealand,DN Wyatt,NR Sciver-Brunt,EJ Carson,4,0,,HIGH
1398277,1,10.4,England,New Zealand,DN Wyatt,NR Sciver-Brunt,EJ Carson,0,0,,LOW
1398277,1,10.5,England,New Zealand,DN Wyatt,NR Sciver-Brunt,EJ Carson,1,0,,LOW
1398277,1,10.6,England,New Zealand,NR Sciver-Brunt,DN Wyatt,EJ Carson,4,0,,HIGH
1398277,1,11.1,England,New Zealand,DN Wyatt,NR Sciver-Brunt,JM Kerr,1,0,,LOW
1398277,1,11.2,England,New Zealand,NR Sciver-Brunt,DN Wyatt,JM Kerr,4,0,,HIGH
1398277,1,11.3,England,New Zealand,NR Sciver-Brunt,DN Wyatt,JM Kerr,4,0,,HIGH
1398277,1,11.4,England,New Zealand,NR Sciver-Brunt,DN Wyatt,JM Kerr,0,0,,LOW
1398277,1,11.5,England,New Zealand,NR Sciver-Brunt,DN Wyatt,JM Kerr,1,0,,LOW
1398277,1,11.6,England,New Zealand,DN Wyatt,NR Sciver-Brunt,JM Kerr,0,0,,LOW
1398277,1,12.1,England,New Zealand,NR Sciver-Brunt,DN Wyatt,FC Jonas,0,1,,LOW
1398277,1,12.2,England,New Zealand,DN Wyatt,NR Sciver-Brunt,FC Jonas,1,0,,LOW
1398277,1,12.3,England,New Zealand,NR Sciver-Brunt,DN Wyatt,FC Jonas,4,0,,HIGH
1398277,1,12.4,England,New Zealand,NR Sciver-Brunt,DN Wyatt,FC Jonas,4,0,,HIGH
1398277,1,12.5,England,New Zealand,NR Sciver-Brunt,DN Wyatt,FC Jonas,4,0,,HIGH
1398277,1,12.6,England,New Zealand,NR Sciver-Brunt,DN Wyatt,FC Jonas,1,0,,LOW
1398277,1,13.1,England,New Zealand,NR Sciver-Brunt,DN Wyatt,BM Halliday,1,0,,LOW
1398277,1,13.2,England,New Zealand,DN Wyatt,NR Sciver-Brunt,BM Halliday,1,0,,LOW
1398277,1,13.3,England,New Zealand,NR Sciver-Brunt,DN Wyatt,BM Halliday,4,0,,HIGH
1398277,1,13.4,England,New Zealand,NR Sciver-Brunt,DN Wyatt,BM Halliday,1,0,,LOW
1398277,1,13.5,England,New Zealand,DN Wyatt,NR Sciver-Brunt,BM Halliday,4,0,,HIGH
1398277,1,13.6,England,New Zealand,DN Wyatt,NR Sciver-Brunt,BM Halliday,0,0,,LOW
1398277,1,14.1,England,New Zealand,NR Sciver-Brunt,DN Wyatt,AC Kerr,1,0,,LOW
1398277,1,14.2,England,New Zealand,DN Wyatt,NR Sciver-Brunt,AC Kerr,0,0,,LOW
1398277,1,14.3,England,New Zealand,DN Wyatt,NR Sciver-Brunt,AC Kerr,2,0,,HIGH
1398277,1,14.4,England,New Zealand,DN Wyatt,NR Sciver-Brunt,AC Kerr,1,0,,LOW
1398277,1,14.5,England,New Zealand,NR Sciver-Brunt,DN Wyatt,AC Kerr,1,0,,LOW
1398277,1,14.6,England,New Zealand,DN Wyatt,NR Sciver-Brunt,AC Kerr,0,4,,LOW
1398277,1,15.1,England,New Zealand,NR Sciver-Brunt,DN Wyatt,EJ Carson,0,0,caught,LOW
1398277,1,15.2,England,New Zealand,FG Kemp,DN Wyatt,EJ Carson,4,0,,HIGH
1398277,1,15.3,England,New Zealand,FG Kemp,DN Wyatt,EJ Carson,0,0,,LOW
1398277,1,15.4,England,New Zealand,FG Kemp,DN Wyatt,EJ Carson,1,0,,LOW
1398277,1,15.5,England,New Zealand,DN Wyatt,FG Kemp,EJ Carson,4,0,,HIGH
1398277,1,15.6,England,New Zealand,DN Wyatt,FG Kemp,EJ Carson,1,0,,LOW
1398277,1,16.1,England,New Zealand,DN Wyatt,FG Kemp,BM Halliday,0,0,,LOW
1398277,1,16.2,England,New Zealand,DN Wyatt,FG Kemp,BM Halliday,2,0,,HIGH
1398277,1,16.3,England,New Zealand,DN Wyatt,FG Kemp,BM Halliday,1,0,,LOW
1398277,1,16.4,England,New Zealand,FG Kemp,DN Wyatt,BM Halliday,1,0,,LOW
1398277,1,16.5,England,New Zealand,DN Wyatt,FG Kemp,BM Halliday,0,1,,LOW
1398277,1,16.6,England,New Zealand,DN Wyatt,FG Kemp,BM Halliday,4,0,,HIGH
1398277,1,16.7,England,New Zealand,DN Wyatt,FG Kemp,BM Halliday,3,0,,HIGH
1398277,1,17.1,England,New Zealand,DN Wyatt,FG Kemp,LMM Tahuhu,4,0,,HIGH
1398277,1,17.2,England,New Zealand,DN Wyatt,FG Kemp,LMM Tahuhu,0,0,caught,LOW
1398277,1,17.3,England,New Zealand,HC Knight,FG Kemp,LMM Tahuhu,1,0,,LOW
1398277,1,17.4,England,New Zealand,FG Kemp,HC Knight,LMM Tahuhu,0,0,,LOW
1398277,1,17.5,England,New Zealand,FG Kemp,HC Knight,LMM Tahuhu,0,1,,LOW
1398277,1,17.6,England,New Zealand,FG Kemp,HC Knight,LMM Tahuhu,2,0,,HIGH
1398277,1,17.7,England,New Zealand,FG Kemp,HC Knight,LMM Tahuhu,1,0,,LOW
1398277,1,18.1,England,New Zealand,FG Kemp,HC Knight,AC Kerr,0,0,,LOW
1398277,1,18.2,England,New Zealand,FG Kemp,HC Knight,AC Kerr,0,0,,LOW
1398277,1,18.3,England,New Zealand,FG Kemp,HC Knight,AC Kerr,4,0,,HIGH
1398277,1,18.4,England,New Zealand,FG Kemp,HC Knight,AC Kerr,2,0,,HIGH
1398277,1,18.5,England,New Zealand,FG Kemp,HC Knight,AC Kerr,0,0,,LOW
1398277,1,18.6,England,New Zealand,FG Kemp,HC Knight,AC Kerr,6,0,,HIGH
1398277,1,19.1,England,New Zealand,HC Knight,FG Kemp,SFM Devine,2,0,,HIGH
1398277,1,19.2,England,New Zealand,HC Knight,FG Kemp,SFM Devine,1,0,,LOW
1398277,1,19.3,England,New Zealand,FG Kemp,HC Knight,SFM Devine,4,0,,HIGH
1398277,1,19.4,England,New Zealand,FG Kemp,HC Knight,SFM Devine,1,0,,LOW
1398277,1,19.5,England,New Zealand,HC Knight,FG Kemp,SFM Devine,0,1,,LOW
1398277,1,19.6,England,New Zealand,FG Kemp,HC Knight,SFM Devine,0,1,,LOW
1398277,1,19.7,England,New Zealand,FG Kemp,HC Knight,SFM Devine,0,1,,LOW
1398277,2,0.1,New Zealand,England,SW Bates,GE Plimmer,NR Sciver-Brunt,0,0,,LOW
1398277,2,0.2,New Zealand,England,SW Bates,GE Plimmer,NR Sciver-Brunt,2,0,,HIGH
1398277,2,0.3,New Zealand,England,SW Bates,GE Plimmer,NR Sciver-Brunt,2,0,,HIGH
1398277,2,0.4,New Zealand,England,SW Bates,GE Plimmer,NR Sciver-Brunt,0,0,,LOW
1398277,2,0.5,New Zealand,England,SW Bates,GE Plimmer,NR Sciver-Brunt,1,0,,LOW
1398277,2,0.6,New Zealand,England,GE Plimmer,SW Bates,NR Sciver-Brunt,0,0,,LOW
1398277,2,1.1,New Zealand,England,SW Bates,GE Plimmer,FG Kemp,1,0,,LOW
1398277,2,1.2,New Zealand,England,GE Plimmer,SW Bates,FG Kemp,1,0,,LOW
1398277,2,1.3,New Zealand,England,SW Bates,GE Plimmer,FG Kemp,4,0,,HIGH
1398277,2,1.4,New Zealand,England,SW Bates,GE Plimmer,FG Kemp,1,0,,LOW
1398277,2,1.5,New Zealand,England,GE Plimmer,SW Bates,FG Kemp,0,0,,LOW
1398277,2,1.6,New Zealand,England,GE Plimmer,SW Bates,FG Kemp,0,0,run out,LOW
1398277,2,2.1,New Zealand,England,AC Kerr,SW Bates,LCN Smith,2,0,,HIGH
1398277,2,2.2,New Zealand,England,AC Kerr,SW Bates,LCN Smith,1,0,,LOW
1398277,2,2.3,New Zealand,England,SW Bates,AC Kerr,LCN Smith,0,0,,LOW
1398277,2,2.4,New Zealand,England,SW Bates,AC Kerr,LCN Smith,4,0,,HIGH
1398277,2,2.5,New Zealand,England,SW Bates,AC Kerr,LCN Smith,0,0,,LOW
1398277,2,2.6,New Zealand,England,SW Bates,AC Kerr,LCN Smith,1,0,,LOW
1398277,2,3.1,New Zealand,England,SW Bates,AC Kerr,FG Kemp,1,0,,LOW
1398277,2,3.2,New Zealand,England,AC Kerr,SW Bates,FG Kemp,1,0,,LOW
1398277,2,3.3,New Zealand,England,SW Bates,AC Kerr,FG Kemp,6,0,,HIGH
1398277,2,3.4,New Zealand,England,SW Bates,AC Kerr,FG Kemp,0,0,,LOW
1398277,2,3.5,New Zealand,England,SW Bates,AC Kerr,FG Kemp,0,1,,LOW
1398277,2,3.6,New Zealand,England,SW Bates,AC Kerr,FG Kemp,1,0,,LOW
1398277,2,3.7,New Zealand,England,AC Kerr,SW Bates,FG Kemp,0,0,,LOW
1398277,2,4.1,New Zealand,England,SW Bates,AC Kerr,CE Dean,4,0,,HIGH
1398277,2,4.2,New Zealand,England,SW Bates,AC Kerr,CE Dean,1,0,,LOW
1398277,2,4.3,New Zealand,England,AC Kerr,SW Bates,CE Dean,4,0,,HIGH
1398277,2,4.4,New Zealand,England,AC Kerr,SW Bates,CE Dean,1,0,,LOW
1398277,2,4.5,New Zealand,England,SW Bates,AC Kerr,CE Dean,1,0,,LOW
1398277,2,4.6,New Zealand,England,AC Kerr,SW Bates,CE Dean,1,0,,LOW
1398277,2,5.1,New Zealand,England,AC Kerr,SW Bates,LCN Smith,1,0,,LOW
1398277,2,5.2,New Zealand,England,SW Bates,AC Kerr,LCN Smith,0,0,,LOW
1398277,2,5.3,New Zealand,England,SW Bates,AC Kerr,LCN Smith,1,0,,LOW
1398277,2,5.4,New Zealand,England,AC Kerr,SW Bates,LCN Smith,1,0,,LOW
1398277,2,5.5,New Zealand,England,SW Bates,AC Kerr,LCN Smith,0,0,,LOW
1398277,2,5.6,New Zealand,England,SW Bates,AC Kerr,LCN Smith,0,0,,LOW
1398277,2,6.1,New Zealand,England,AC Kerr,SW Bates,S Ecclestone,3,0,,HIGH
1398277,2,6.2,New Zealand,England,SW Bates,AC Kerr,S Ecclestone,4,0,,HIGH
1398277,2,6.3,New Zealand,England,SW Bates,AC Kerr,S Ecclestone,0,0,,LOW
1398277,2,6.4,New Zealand,England,SW Bates,AC Kerr,S Ecclestone,1,0,,LOW
1398277,2,6.5,New Zealand,England,AC Kerr,SW Bates,S Ecclestone,1,0,,LOW
1398277,2,6.6,New Zealand,England,SW Bates,AC Kerr,S Ecclestone,0,0,,LOW
1398277,2,7.1,New Zealand,England,AC Kerr,SW Bates,S Glenn,0,0,,LOW
1398277,2,7.2,New Zealand,England,AC Kerr,SW Bates,S Glenn,1,0,,LOW
1398277,2,7.3,New Zealand,England,SW Bates,AC Kerr,S Glenn,0,0,,LOW
1398277,2,7.4,New Zealand,England,SW Bates,AC Kerr,S Glenn,1,0,,LOW
1398277,2,7.5,New Zealand,England,AC Kerr,SW Bates,S Glenn,1,0,,LOW
1398277,2,7.6,New Zealand,England,SW Bates,AC Kerr,S Glenn,1,0,,LOW
1398277,2,8.1,New Zealand,England,SW Bates,AC Kerr,CE Dean,4,0,,HIGH
1398277,2,8.2,New Zealand,England,SW Bates,AC Kerr,CE Dean,1,0,,LOW
1398277,2,8.3,New Zealand,England,AC Kerr,SW Bates,CE Dean,0,0,,LOW
1398277,2,8.4,New Zealand,England,AC Kerr,SW Bates,CE Dean,0,0,caught,LOW
1398277,2,8.5,New Zealand,England,SFM Devine,SW Bates,CE Dean,0,0,,LOW
1398277,2,8.6,New Zealand,England,SFM Devine,SW Bates,CE Dean,0,0,,LOW
1398277,2,9.1,New Zealand,England,SW Bates,SFM Devine,S Glenn,0,0,bowled,LOW
1398277,2,9.2,New Zealand,England,ML Green,SFM Devine,S Glenn,0,0,bowled,LOW
1398277,2,9.3,New Zealand,England,BM Halliday,SFM Devine,S Glenn,0,0,,LOW
1398277,2,9.4,New Zealand,England,BM Halliday,SFM Devine,S Glenn,1,0,,LOW
1398277,2,9.5,New Zealand,England,SFM Devine,BM Halliday,S Glenn,0,0,,LOW
1398277,2,9.6,New Zealand,England,SFM Devine,BM Halliday,S Glenn,0,0,caught,LOW
1398277,2,10.1,New Zealand,England,BM Halliday,IC Gaze,S Ecclestone,0,0,,LOW
1398277,2,10.2,New Zealand,England,BM Halliday,IC Gaze,S Ecclestone,0,0,,LOW
1398277,2,10.3,New Zealand,England,BM Halliday,IC Gaze,S Ecclestone,2,0,,HIGH
1398277,2,10.4,New Zealand,England,BM Halliday,IC Gaze,S Ecclestone,1,0,,LOW
1398277,2,10.5,New Zealand,England,IC Gaze,BM Halliday,S Ecclestone,0,0,stumped,LOW
1398277,2,10.6,New Zealand,England,JM Kerr,BM Halliday,S Ecclestone,1,0,,LOW
1398277,2,11.1,New Zealand,England,JM Kerr,BM Halliday,S Glenn,0,0,,LOW
1398277,2,11.2,New Zealand,England,JM Kerr,BM Halliday,S Glenn,0,0,,LOW
1398277,2,11.3,New Zealand,England,JM Kerr,BM Halliday,S Glenn,1,0,,LOW
1398277,2,11.4,New Zealand,England,BM Halliday,JM Kerr,S Glenn,1,0,,LOW
1398277,2,11.5,New Zealand,England,JM Kerr,BM Halliday,S Glenn,1,0,,LOW
1398277,2,11.6,New Zealand,England,BM Halliday,JM Kerr,S Glenn,0,0,,LOW
1398277,2,12.1,New Zealand,England,JM Kerr,BM Halliday,S Ecclestone,0,0,,LOW
1398277,2,12.2,New Zealand,England,JM Kerr,BM Halliday,S Ecclestone,0,0,,LOW
1398277,2,12.3,New Zealand,England,JM Kerr,BM Halliday,S Ecclestone,4,0,,HIGH
1398277,2,12.4,New Zealand,England,JM Kerr,BM Halliday,S Ecclestone,4,0,,HIGH
1398277,2,12.5,New Zealand,England,JM Kerr,BM Halliday,S Ecclestone,4,0,,HIGH
1398277,2,12.6,New Zealand,England,JM Kerr,BM Halliday,S Ecclestone,2,0,,HIGH
1398277,2,13.1,New Zealand,England,BM Halliday,JM Kerr,S Glenn,1,0,,LOW
1398277,2,13.2,New Zealand,England,JM Kerr,BM Halliday,S Glenn,1,0,,LOW
1398277,2,13.3,New Zealand,England,BM Halliday,JM Kerr,S Glenn,4,0,,HIGH
1398277,2,13.4,New Zealand,England,BM Halliday,JM Kerr,S Glenn,0,0,,LOW
1398277,2,13.5,New Zealand,England,BM Halliday,JM Kerr,S Glenn,1,0,,LOW
1398277,2,13.6,New Zealand,England,JM Kerr,BM Halliday,S Glenn,1,0,,LOW
1398277,2,14.1,New Zealand,England,JM Kerr,BM Halliday,LCN Smith,4,0,,HIGH
1398277,2,14.2,New Zealand,England,JM Kerr,BM Halliday,LCN Smith,1,0,,LOW
1398277,2,14.3,New Zealand,England,BM Halliday,JM Kerr,LCN Smith,0,0,,LOW
1398277,2,14.4,New Zealand,England,BM Halliday,JM Kerr,LCN Smith,0,0,,LOW
1398277,2,14.5,New Zealand,England,BM Halliday,JM Kerr,LCN Smith,1,0,,LOW
1398277,2,14.6,New Zealand,England,JM Kerr,BM Halliday,LCN Smith,1,0,,LOW
1398277,2,15.1,New Zealand,England,JM Kerr,BM Halliday,NR Sciver-Brunt,1,0,,LOW
1398277,2,15.2,New Zealand,England,BM Halliday,JM Kerr,NR Sciver-Brunt,0,0,,LOW
1398277,2,15.3,New Zealand,England,BM Halliday,JM Kerr,NR Sciver-Brunt,0,0,,LOW
1398277,2,15.4,New Zealand,England,BM Halliday,JM Kerr,NR Sciver-Brunt,1,0,,LOW
1398277,2,15.5,New Zealand,England,JM Kerr,BM Halliday,NR Sciver-Brunt,4,0,,HIGH
1398277,2,15.6,New Zealand,England,JM Kerr,BM Halliday,NR Sciver-Brunt,0,0,,LOW
1398277,2,16.1,New Zealand,England,BM Halliday,JM Kerr,CE Dean,4,0,,HIGH
1398277,2,16.2,New Zealand,England,BM Halliday,JM Kerr,CE Dean,0,0,bowled,LOW
1398277,2,16.3,New Zealand,England,LMM Tahuhu,JM Kerr,CE Dean,1,0,,LOW
1398277,2,16.4,New Zealand,England,JM Kerr,LMM Tahuhu,CE Dean,4,0,,HIGH
1398277,2,16.5,New Zealand,England,JM Kerr,LMM Tahuhu,CE Dean,1,0,,LOW
1398277,2,16.6,New Zealand,England,LMM Tahuhu,JM Kerr,CE Dean,1,0,,LOW
1398277,2,17.1,New Zealand,England,LMM Tahuhu,JM Kerr,FG Kemp,0,0,,LOW
1398277,2,17.2,New Zealand,England,LMM Tahuhu,JM Kerr,FG Kemp,0,0,,LOW
1398277,2,17.3,New Zealand,England,LMM Tahuhu,JM Kerr,FG Kemp,4,0,,HIGH
1398277,2,17.4,New Zealand,England,LMM Tahuhu,JM Kerr,FG Kemp,1,0,,LOW
1398277,2,17.5,New Zealand,England,JM Kerr,LMM Tahuhu,FG Kemp,0,0,,LOW
1398277,2,17.6,New Zealand,England,JM Kerr,LMM Tahuhu,FG Kemp,0,1,,LOW
1398277,2,17.7,New Zealand,England,JM Kerr,LMM Tahuhu,FG Kemp,1,0,,LOW
1398277,2,18.1,New Zealand,England,JM Kerr,LMM Tahuhu,LCN Smith,1,0,,LOW
1398277,2,18.2,New Zealand,England,LMM Tahuhu,JM Kerr,LCN Smith,1,0,,LOW
1398277,2,18.3,New Zealand,England,JM Kerr,LMM Tahuhu,LCN Smith,1,0,,LOW
1398277,2,18.4,New Zealand,England,LMM Tahuhu,JM Kerr,LCN Smith,4,0,,HIGH
1398277,2,18.5,New Zealand,England,LMM Tahuhu,JM Kerr,LCN Smith,1,0,,LOW
1398277,2,18.6,New Zealand,England,JM Kerr,LMM Tahuhu,LCN Smith,0,0,caught,LOW
1398277,2,19.1,New Zealand,England,LMM Tahuhu,FC Jonas,FG Kemp,0,0,,LOW
1398277,2,19.2,New Zealand,England,LMM Tahuhu,FC Jonas,FG Kemp,0,0,,LOW
1398277,2,19.3,New Zealand,England,LMM Tahuhu,FC Jonas,FG Kemp,0,0,,LOW
1398277,2,19.4,New Zealand,England,LMM Tahuhu,FC Jonas,FG Kemp,4,0,,HIGH
1398277,2,19.5,New Zealand,England,LMM Tahuhu,FC Jonas,FG Kemp,0,1,,LOW
1398277,2,19.6,New Zealand,England,LMM Tahuhu,FC Jonas,FG Kemp,0,1,,LOW
1398277,2,19.7,New Zealand,England,LMM Tahuhu,FC Jonas,FG Kemp,0,0,,LOW
1398277,2,19.8,New Zealand,England,LMM Tahuhu,FC Jonas,FG Kemp,0,0,caught,LOW
1407718,1,0.1,Indonesia,Cambodia,GA Priandana,S Sheelan,GC Murtaza,0,0,,LOW
1407718,1,0.2,Indonesia,Cambodia,GA Priandana,S Sheelan,GC Murtaza,0,0,,LOW
1407718,1,0.3,Indonesia,Cambodia,GA Priandana,S Sheelan,GC Murtaza,0,1,,LOW
1407718,1,0.4,Indonesia,Cambodia,GA Priandana,S Sheelan,GC Murtaza,0,1,,LOW
1407718,1,0.5,Indonesia,Cambodia,GA Priandana,S Sheelan,GC Murtaza,0,0,,LOW
1407718,1,0.6,Indonesia,Cambodia,GA Priandana,S Sheelan,GC Murtaza,0,0,,LOW
1407718,1,0.7,Indonesia,Cambodia,GA Priandana,S Sheelan,GC Murtaza,2,0,,HIGH
1407718,1,0.8,Indonesia,Cambodia,GA Priandana,S Sheelan,GC Murtaza,1,0,,LOW
1407718,1,1.1,Indonesia,Cambodia,GA Priandana,S Sheelan,Luqman Butt,0,0,,LOW
1407718,1,1.2,Indonesia,Cambodia,GA Priandana,S Sheelan,Luqman Butt,0,0,,LOW
1407718,1,1.3,Indonesia,Cambodia,GA Priandana,S Sheelan,Luqman Butt,0,0,,LOW
1407718,1,1.4,Indonesia,Cambodia,GA Priandana,S Sheelan,Luqman Butt,2,0,,HIGH
1407718,1,1.5,Indonesia,Cambodia,GA Priandana,S Sheelan,Luqman Butt,0,0,,LOW
1407718,1,1.6,Indonesia,Cambodia,GA Priandana,S Sheelan,Luqman Butt,0,0,,LOW
1407718,1,2.1,Indonesia,Cambodia,S Sheelan,GA Priandana,GC Murtaza,4,0,,HIGH
1407718,1,2.2,Indonesia,Cambodia,S Sheelan,GA Priandana,GC Murtaza,0,0,,LOW
1407718,1,2.3,Indonesia,Cambodia,S Sheelan,GA Priandana,GC Murtaza,0,0,,LOW
1407718,1,2.4,Indonesia,Cambodia,S Sheelan,GA Priandana,GC Murtaza,0,0,,LOW
1407718,1,2.5,Indonesia,Cambodia,S Sheelan,GA Priandana,GC Murtaza,0,0,,LOW
1407718,1,2.6,Indonesia,Cambodia,S Sheelan,GA Priandana,GC Murtaza,0,0,,LOW
1407718,1,3.1,Indonesia,Cambodia,GA Priandana,S Sheelan,Luqman Butt,1,0,,LOW
1407718,1,3.2,Indonesia,Cambodia,S Sheelan,GA Priandana,Luqman Butt,0,1,,LOW
1407718,1,3.3,Indonesia,Cambodia,GA Priandana,S Sheelan,Luqman Butt,0,0,,LOW
1407718,1,3.4,Indonesia,Cambodia,GA Priandana,S Sheelan,Luqman Butt,4,0,,HIGH
1407718,1,3.5,Indonesia,Cambodia,GA Priandana,S Sheelan,Luqman Butt,1,0,,LOW
1407718,1,3.6,Indonesia,Cambodia,S Sheelan,GA Priandana,Luqman Butt,0,0,,LOW
1407718,1,4.1,Indonesia,Cambodia,GA Priandana,S Sheelan,E Beukes,0,0,bowled,LOW
1407718,1,4.2,Indonesia,Cambodia,Anjar Tadarus,S Sheelan,E Beukes,1,0,,LOW
1407718,1,4.3,Indonesia,Cambodia,S Sheelan,Anjar Tadarus,E Beukes,2,0,,HIGH
1407718,1,4.4,Indonesia,Cambodia,S Sheelan,Anjar Tadarus,E Beukes,0,0,,LOW
1407718,1,4.5,Indonesia,Cambodia,S Sheelan,Anjar Tadarus,E Beukes,0,0,,LOW
1407718,1,4.6,Indonesia,Cambodia,S Sheelan,Anjar Tadarus,E Beukes,4,0,,HIGH
1407718,1,5.1,Indonesia,Cambodia,Anjar Tadarus,S Sheelan,Prasad Anish,4,0,,HIGH
1407718,1,5.2,Indonesia,Cambodia,Anjar Tadarus,S Sheelan,Prasad Anish,1,0,,LOW
1407718,1,5.3,Indonesia,Cambodia,S Sheelan,Anjar Tadarus,Prasad Anish,2,0,,HIGH
1407718,1,5.4,Indonesia,Cambodia,S Sheelan,Anjar Tadarus,Prasad Anish,1,0,,LOW
1407718,1,5.5,Indonesia,Cambodia,Anjar Tadarus,S Sheelan,Prasad Anish,6,0,,HIGH
1407718,1,5.6,Indonesia,Cambodia,Anjar Tadarus,S Sheelan,Prasad Anish,1,0,,LOW
1407718,1,6.1,Indonesia,Cambodia,Anjar Tadarus,S Sheelan,E Beukes,0,0,,LOW
1407718,1,6.2,Indonesia,Cambodia,Anjar Tadarus,S Sheelan,E Beukes,1,0,,LOW
1407718,1,6.3,Indonesia,Cambodia,S Sheelan,Anjar Tadarus,E Beukes,1,0,,LOW
1407718,1,6.4,Indonesia,Cambodia,Anjar Tadarus,S Sheelan,E Beukes,1,0,,LOW
1407718,1,6.5,Indonesia,Cambodia,S Sheelan,Anjar Tadarus,E Beukes,1,0,,LOW
1407718,1,6.6,Indonesia,Cambodia,Anjar Tadarus,S Sheelan,E Beukes,0,0,,LOW
1407718,1,7.1,Indonesia,Cambodia,S Sheelan,Anjar Tadarus,Shah Abrar Hussain,2,0,,HIGH
1407718,1,7.2,Indonesia,Cambodia,S Sheelan,Anjar Tadarus,Shah Abrar Hussain,1,0,,LOW
1407718,1,7.3,Indonesia,Cambodia,Anjar Tadarus,S Sheelan,Shah Abrar Hussain,1,0,,LOW
1407718,1,7.4,Indonesia,Cambodia,S Sheelan,Anjar Tadarus,Shah Abrar Hussain,1,0,,LOW
1407718,1,7.5,Indonesia,Cambodia,Anjar Tadarus,S Sheelan,Shah Abrar Hussain,0,0,bowled,LOW
1407718,1,7.6,Indonesia,Cambodia,PR Surve,S Sheelan,Shah Abrar Hussain,0,0,,LOW
1407718,1,8.1,Indonesia,Cambodia,S Sheelan,PR Surve,E Beukes,1,0,,LOW
1407718,1,8.2,Indonesia,Cambodia,PR Surve,S Sheelan,E Beukes,4,0,,HIGH
1407718,1,8.3,Indonesia,Cambodia,PR Surve,S Sheelan,E Beukes,0,1,,LOW
1407718,1,8.4,Indonesia,Cambodia,PR Surve,S Sheelan,E Beukes,1,0,,LOW
1407718,1,8.5,Indonesia,Cambodia,S Sheelan,PR Surve,E Beukes,0,0,,LOW
1407718,1,8.6,Indonesia,Cambodia,S Sheelan,PR Surve,E Beukes,0,0,,LOW
1407718,1,8.7,Indonesia,Cambodia,S Sheelan,PR Surve,E Beukes,4,0,,HIGH
1407718,1,9.1,Indonesia,Cambodia,PR Surve,S Sheelan,Shah Abrar Hussain,1,0,,LOW
1407718,1,9.2,Indonesia,Cambodia,S Sheelan,PR Surve,Shah Abrar Hussain,1,0,,LOW
1407718,1,9.3,Indonesia,Cambodia,PR Surve,S Sheelan,Shah Abrar Hussain,1,0,,LOW
1407718,1,9.4,Indonesia,Cambodia,S Sheelan,PR Surve,Shah Abrar Hussain,1,0,,LOW
1407718,1,9.5,Indonesia,Cambodia,PR Surve,S Sheelan,Shah Abrar Hussain,4,0,,HIGH
1407718,1,9.6,Indonesia,Cambodia,PR Surve,S Sheelan,Shah Abrar Hussain,1,0,,LOW
1407718,1,10.1,Indonesia,Cambodia,PR Surve,S Sheelan,RR Sharan,1,0,,LOW
1407718,1,10.2,Indonesia,Cambodia,S Sheelan,PR Surve,RR Sharan,1,0,,LOW
1407718,1,10.3,Indonesia,Cambodia,PR Surve,S Sheelan,RR Sharan,4,0,,HIGH
1407718,1,10.4,Indonesia,Cambodia,PR Surve,S Sheelan,RR Sharan,0,0,,LOW
1407718,1,10.5,Indonesia,Cambodia,PR Surve,S Sheelan,RR Sharan,1,0,,LOW
1407718,1,10.6,Indonesia,Cambodia,S Sheelan,PR Surve,RR Sharan,1,0,,LOW
1407718,1,11.1,Indonesia,Cambodia,S Sheelan,PR Surve,Shah Abrar Hussain,0,0,caught,LOW
1407718,1,11.2,Indonesia,Cambodia,IK Gamantika,PR Surve,Shah Abrar Hussain,0,0,,LOW
1407718,1,11.3,Indonesia,Cambodia,IK Gamantika,PR Surve,Shah Abrar Hussain,0,0,,LOW
1407718,1,11.4,Indonesia,Cambodia,IK Gamantika,PR Surve,Shah Abrar Hussain,1,0,,LOW
1407718,1,11.5,Indonesia,Cambodia,PR Surve,IK Gamantika,Shah Abrar Hussain,0,0,caught,LOW
1407718,1,11.6,Indonesia,Cambodia,KC Ramamoorthy,IK Gamantika,Shah Abrar Hussain,1,0,,LOW
1407718,1,12.1,Indonesia,Cambodia,KC Ramamoorthy,IK Gamantika,RR Sharan,1,0,,LOW
1407718,1,12.2,Indonesia,Cambodia,IK Gamantika,KC Ramamoorthy,RR Sharan,1,0,,LOW
1407718,1,12.3,Indonesia,Cambodia,KC Ramamoorthy,IK Gamantika,RR Sharan,1,0,,LOW
1407718,1,12.4,Indonesia,Cambodia,IK Gamantika,KC Ramamoorthy,RR Sharan,2,0,,HIGH
1407718,1,12.5,Indonesia,Cambodia,IK Gamantika,KC Ramamoorthy,RR Sharan,1,0,,LOW
1407718,1,12.6,Indonesia,Cambodia,KC Ramamoorthy,IK Gamantika,RR Sharan,0,0,,LOW
1407718,1,13.1,Indonesia,Cambodia,IK Gamantika,KC Ramamoorthy,Shah Abrar Hussain,4,0,,HIGH
1407718,1,13.2,Indonesia,Cambodia,IK Gamantika,KC Ramamoorthy,Shah Abrar Hussain,1,0,,LOW
1407718,1,13.3,Indonesia,Cambodia,KC Ramamoorthy,IK Gamantika,Shah Abrar Hussain,6,0,,HIGH
1407718,1,13.4,Indonesia,Cambodia,KC Ramamoorthy,IK Gamantika,Shah Abrar Hussain,6,0,,HIGH
1407718,1,13.5,Indonesia,Cambodia,KC Ramamoorthy,IK Gamantika,Shah Abrar Hussain,1,0,,LOW
1407718,1,13.6,Indonesia,Cambodia,IK Gamantika,KC Ramamoorthy,Shah Abrar Hussain,1,0,,LOW
1407718,1,14.1,Indonesia,Cambodia,IK Gamantika,KC Ramamoorthy,RR Sharan,0,0,,LOW
1407718,1,14.2,Indonesia,Cambodia,IK Gamantika,KC Ramamoorthy,RR Sharan,4,0,,HIGH
1407718,1,14.3,Indonesia,Cambodia,IK Gamantika,KC Ramamoorthy,RR Sharan,0,0,,LOW
1407718,1,14.4,Indonesia,Cambodia,IK Gamantika,KC Ramamoorthy,RR Sharan,1,0,,LOW
1407718,1,14.5,Indonesia,Cambodia,KC Ramamoorthy,IK Gamantika,RR Sharan,0,0,,LOW
1407718,1,14.6,Indonesia,Cambodia,KC Ramamoorthy,IK Gamantika,RR Sharan,0,0,,LOW
1407718,1,15.1,Indonesia,Cambodia,IK Gamantika,KC Ramamoorthy,Luqman Butt,1,0,,LOW
1407718,1,15.2,Indonesia,Cambodia,KC Ramamoorthy,IK Gamantika,Luqman Butt,6,0,,HIGH
1407718,1,15.3,Indonesia,Cambodia,KC Ramamoorthy,IK Gamantika,Luqman Butt,0,0,lbw,LOW
1407718,1,15.4,Indonesia,Cambodia,DJ Hawoe,IK Gamantika,Luqman Butt,0,0,,LOW
1407718,1,15.5,Indonesia,Cambodia,DJ Hawoe,IK Gamantika,Luqman Butt,0,0,,LOW
1407718,1,15.6,Indonesia,Cambodia,DJ Hawoe,IK Gamantika,Luqman Butt,0,0,,LOW
1407718,1,16.1,Indonesia,Cambodia,IK Gamantika,DJ Hawoe,GC Murtaza,1,0,,LOW
1407718,1,16.2,Indonesia,Cambodia,DJ Hawoe,IK Gamantika,GC Murtaza,0,0,,LOW
1407718,1,16.3,Indonesia,Cambodia,DJ Hawoe,IK Gamantika,GC Murtaza,4,0,,HIGH
1407718,1,16.4,Indonesia,Cambodia,DJ Hawoe,IK Gamantika,GC Murtaza,0,0,bowled,LOW
1407718,1,16.5,Indonesia,Cambodia,KD Kesuma,IK Gamantika,GC Murtaza,0,1,,LOW
1407718,1,16.6,Indonesia,Cambodia,IK Gamantika,KD Kesuma,GC Murtaza,1,0,,LOW
1407718,1,17.1,Indonesia,Cambodia,IK Gamantika,KD Kesuma,Luqman Butt,2,0,,HIGH
1407718,1,17.2,Indonesia,Cambodia,IK Gamantika,KD Kesuma,Luqman Butt,1,0,,LOW
1407718,1,17.3,Indonesia,Cambodia,KD Kesuma,IK Gamantika,Luqman Butt,1,0,,LOW
1407718,1,17.4,Indonesia,Cambodia,IK Gamantika,KD Kesuma,Luqman Butt,0,0,,LOW
1407718,1,17.5,Indonesia,Cambodia,IK Gamantika,KD Kesuma,Luqman Butt,0,0,,LOW
1407718,1,17.6,Indonesia,Cambodia,IK Gamantika,KD Kesuma,Luqman Butt,2,0,,HIGH
1407718,1,18.1,Indonesia,Cambodia,KD Kesuma,IK Gamantika,GC Murtaza,1,0,,LOW
1407718,1,18.2,Indonesia,Cambodia,IK Gamantika,KD Kesuma,GC Murtaza,4,0,,HIGH
1407718,1,18.3,Indonesia,Cambodia,IK Gamantika,KD Kesuma,GC Murtaza,1,0,,LOW
1407718,1,18.4,Indonesia,Cambodia,KD Kesuma,IK Gamantika,GC Murtaza,1,0,,LOW
1407718,1,18.5,Indonesia,Cambodia,IK Gamantika,KD Kesuma,GC Murtaza,3,0,,HIGH
1407718,1,18.6,Indonesia,Cambodia,KD Kesuma,IK Gamantika,GC Murtaza,0,0,,LOW
1407718,1,19.1,Indonesia,Cambodia,IK Gamantika,KD Kesuma,E Beukes,2,0,,HIGH
1407718,1,19.2,Indonesia,Cambodia,IK Gamantika,KD Kesuma,E Beukes,0,0,,LOW
1407718,1,19.3,Indonesia,Cambodia,IK Gamantika,KD Kesuma,E Beukes,2,0,,HIGH
1407718,1,19.4,Indonesia,Cambodia,IK Gamantika,KD Kesuma,E Beukes,1,0,,LOW
1407718,1,19.5,Indonesia,Cambodia,KD Kesuma,IK Gamantika,E Beukes,0,0,run out,LOW
1407718,1,19.6,Indonesia,Cambodia,IKEG Artawan,IK Gamantika,E Beukes,0,0,run out,LOW
1407718,2,0.1,Cambodia,Indonesia,RR Sharan,US Hathinjar,RM Koda,0,0,,LOW
1407718,2,0.2,Cambodia,Indonesia,RR Sharan,US Hathinjar,RM Koda,0,0,,LOW
1407718,2,0.3,Cambodia,Indonesia,RR Sharan,US Hathinjar,RM Koda,1,0,,LOW
1407718,2,0.4,Cambodia,Indonesia,US Hathinjar,RR Sharan,RM Koda,0,0,,LOW
1407718,2,0.5,Cambodia,Indonesia,US Hathinjar,RR Sharan,RM Koda,0,0,,LOW
1407718,2,0.6,Cambodia,Indonesia,US Hathinjar,RR Sharan,RM Koda,1,0,,LOW
1407718,2,1.1,Cambodia,Indonesia,US Hathinjar,RR Sharan,DJ Hawoe,1,0,,LOW
1407718,2,1.2,Cambodia,Indonesia,RR Sharan,US Hathinjar,DJ Hawoe,4,0,,HIGH
1407718,2,1.3,Cambodia,Indonesia,RR Sharan,US Hathinjar,DJ Hawoe,1,0,,LOW
1407718,2,1.4,Cambodia,Indonesia,US Hathinjar,RR Sharan,DJ Hawoe,1,0,,LOW
1407718,2,1.5,Cambodia,Indonesia,RR Sharan,US Hathinjar,DJ Hawoe,0,0,,LOW
1407718,2,1.6,Cambodia,Indonesia,RR Sharan,US Hathinjar,DJ Hawoe,0,1,,LOW
1407718,2,2.1,Cambodia,Indonesia,RR Sharan,US Hathinjar,RM Koda,0,0,,LOW
1407718,2,2.2,Cambodia,Indonesia,RR Sharan,US Hathinjar,RM Koda,0,0,,LOW
1407718,2,2.3,Cambodia,Indonesia,RR Sharan,US Hathinjar,RM Koda,0,0,,LOW
1407718,2,2.4,Cambodia,Indonesia,RR Sharan,US Hathinjar,RM Koda,0,0,,LOW
1407718,2,2.5,Cambodia,Indonesia,RR Sharan,US Hathinjar,RM Koda,2,0,,HIGH
1407718,2,2.6,Cambodia,Indonesia,RR Sharan,US Hathinjar,RM Koda,0,0,caught,LOW
1407718,2,3.1,Cambodia,Indonesia,US Hathinjar,Lakshit Gupta,DJ Hawoe,1,0,,LOW
1407718,2,3.2,Cambodia,Indonesia,Lakshit Gupta,US Hathinjar,DJ Hawoe,0,0,,LOW
1407718,2,3.3,Cambodia,Indonesia,Lakshit Gupta,US Hathinjar,DJ Hawoe,1,0,,LOW
1407718,2,3.4,Cambodia,Indonesia,US Hathinjar,Lakshit Gupta,DJ Hawoe,1,0,,LOW
1407718,2,3.5,Cambodia,Indonesia,Lakshit Gupta,US Hathinjar,DJ Hawoe,0,0,,LOW
1407718,2,3.6,Cambodia,Indonesia,Lakshit Gupta,US Hathinjar,DJ Hawoe,0,0,,LOW
1407718,2,4.1,Cambodia,Indonesia,US Hathinjar,Lakshit Gupta,RM Koda,0,0,,LOW
1407718,2,4.2,Cambodia,Indonesia,US Hathinjar,Lakshit Gupta,RM Koda,2,0,,HIGH
1407718,2,4.3,Cambodia,Indonesia,US Hathinjar,Lakshit Gupta,RM Koda,0,0,,LOW
1407718,2,4.4,Cambodia,Indonesia,US Hathinjar,Lakshit Gupta,RM Koda,0,0,,LOW
1407718,2,4.5,Cambodia,Indonesia,US Hathinjar,Lakshit Gupta,RM Koda,0,0,,LOW
1407718,2,4.6,Cambodia,Indonesia,US Hathinjar,Lakshit Gupta,RM Koda,4,0,,HIGH
1407718,2,5.1,Cambodia,Indonesia,Lakshit Gupta,US Hathinjar,DJ Hawoe,0,1,,LOW
1407718,2,5.2,Cambodia,Indonesia,Lakshit Gupta,US Hathinjar,DJ Hawoe,1,0,,LOW
1407718,2,5.3,Cambodia,Indonesia,US Hathinjar,Lakshit Gupta,DJ Hawoe,1,0,,LOW
1407718,2,5.4,Cambodia,Indonesia,Lakshit Gupta,US Hathinjar,DJ Hawoe,1,0,,LOW
1407718,2,5.5,Cambodia,Indonesia,US Hathinjar,Lakshit Gupta,DJ Hawoe,1,0,,LOW
1407718,2,5.6,Cambodia,Indonesia,Lakshit Gupta,US Hathinjar,DJ Hawoe,0,0,,LOW
1407718,2,5.7,Cambodia,Indonesia,Lakshit Gupta,US Hathinjar,DJ Hawoe,0,0,,LOW
1407718,2,6.1,Cambodia,Indonesia,US Hathinjar,Lakshit Gupta,GA Priandana,1,0,,LOW
1407718,2,6.2,Cambodia,Indonesia,Lakshit Gupta,US Hathinjar,GA Priandana,0,0,,LOW
1407718,2,6.3,Cambodia,Indonesia,Lakshit Gupta,US Hathinjar,GA Priandana,0,0,,LOW
1407718,2,6.4,Cambodia,Indonesia,Lakshit Gupta,US Hathinjar,GA Priandana,0,0,,LOW
1407718,2,6.5,Cambodia,Indonesia,Lakshit Gupta,US Hathinjar,GA Priandana,0,0,caught,LOW
1407718,2,6.6,Cambodia,Indonesia,Luqman Butt,US Hathinjar,GA Priandana,0,0,,LOW
1407718,2,7.1,Cambodia,Indonesia,US Hathinjar,Luqman Butt,F Banunaek,1,0,,LOW
1407718,2,7.2,Cambodia,Indonesia,Luqman Butt,US Hathinjar,F Banunaek,1,0,,LOW
1407718,2,7.3,Cambodia,Indonesia,US Hathinjar,Luqman Butt,F Banunaek,0,1,,LOW
1407718,2,7.4,Cambodia,Indonesia,Luqman Butt,US Hathinjar,F Banunaek,0,0,,LOW
1407718,2,7.5,Cambodia,Indonesia,Luqman Butt,US Hathinjar,F Banunaek,1,0,,LOW
1407718,2,7.6,Cambodia,Indonesia,US Hathinjar,Luqman Butt,F Banunaek,1,0,,LOW
1407718,2,8.1,Cambodia,Indonesia,US Hathinjar,Luqman Butt,GA Priandana,2,0,,HIGH
1407718,2,8.2,Cambodia,Indonesia,US Hathinjar,Luqman Butt,GA Priandana,0,0,,LOW
1407718,2,8.3,Cambodia,Indonesia,US Hathinjar,Luqman Butt,GA Priandana,0,0,,LOW
1407718,2,8.4,Cambodia,Indonesia,US Hathinjar,Luqman Butt,GA Priandana,4,0,,HIGH
1407718,2,8.5,Cambodia,Indonesia,US Hathinjar,Luqman Butt,GA Priandana,0,0,,LOW
1407718,2,8.6,Cambodia,Indonesia,US Hathinjar,Luqman Butt,GA Priandana,0,1,,LOW
1407718,2,8.7,Cambodia,Indonesia,US Hathinjar,Luqman Butt,GA Priandana,2,0,,HIGH
1407718,2,9.1,Cambodia,Indonesia,Luqman Butt,US Hathinjar,F Banunaek,6,0,,HIGH
1407718,2,9.2,Cambodia,Indonesia,Luqman Butt,US Hathinjar,F Banunaek,6,0,,HIGH
1407718,2,9.3,Cambodia,Indonesia,Luqman Butt,US Hathinjar,F Banunaek,1,0,,LOW
1407718,2,9.4,Cambodia,Indonesia,US Hathinjar,Luqman Butt,F Banunaek,0,0,,LOW
1407718,2,9.5,Cambodia,Indonesia,US Hathinjar,Luqman Butt,F Banunaek,1,0,,LOW
1407718,2,9.6,Cambodia,Indonesia,Luqman Butt,US Hathinjar,F Banunaek,1,0,,LOW
1407718,2,10.1,Cambodia,Indonesia,Luqman Butt,US Hathinjar,GA Priandana,0,1,,LOW
1407718,2,10.2,Cambodia,Indonesia,Luqman Butt,US Hathinjar,GA Priandana,4,0,,HIGH
1407718,2,10.3,Cambodia,Indonesia,Luqman Butt,US Hathinjar,GA Priandana,0,0,,LOW
1407718,2,10.4,Cambodia,Indonesia,Luqman Butt,US Hathinjar,GA Priandana,1,0,,LOW
1407718,2,10.5,Cambodia,Indonesia,US Hathinjar,Luqman Butt,GA Priandana,0,0,,LOW
1407718,2,10.6,Cambodia,Indonesia,US Hathinjar,Luqman Butt,GA Priandana,4,0,,HIGH
1407718,2,10.7,Cambodia,Indonesia,US Hathinjar,Luqman Butt,GA Priandana,1,0,,LOW
1407718,2,11.1,Cambodia,Indonesia,US Hathinjar,Luqman Butt,PR Surve,1,0,,LOW
1407718,2,11.2,Cambodia,Indonesia,Luqman Butt,US Hathinjar,PR Surve,1,0,,LOW
1407718,2,11.3,Cambodia,Indonesia,US Hathinjar,Luqman Butt,PR Surve,0,0,,LOW
1407718,2,11.4,Cambodia,Indonesia,US Hathinjar,Luqman Butt,PR Surve,1,0,,LOW
1407718,2,11.5,Cambodia,Indonesia,Luqman Butt,US Hathinjar,PR Surve,1,0,,LOW
1407718,2,11.6,Cambodia,Indonesia,US Hathinjar,Luqman Butt,PR Surve,0,0,,LOW
1407718,2,12.1,Cambodia,Indonesia,Luqman Butt,US Hathinjar,GA Priandana,0,0,,LOW
1407718,2,12.2,Cambodia,Indonesia,Luqman Butt,US Hathinjar,GA Priandana,1,0,,LOW
1407718,2,12.3,Cambodia,Indonesia,US Hathinjar,Luqman Butt,GA Priandana,1,0,,LOW
1407718,2,12.4,Cambodia,Indonesia,Luqman Butt,US Hathinjar,GA Priandana,0,0,,LOW
1407718,2,12.5,Cambodia,Indonesia,Luqman Butt,US Hathinjar,GA Priandana,1,0,,LOW
1407718,2,12.6,Cambodia,Indonesia,US Hathinjar,Luqman Butt,GA Priandana,2,0,,HIGH
1407718,2,13.1,Cambodia,Indonesia,Luqman Butt,US Hathinjar,PR Surve,1,0,,LOW
1407718,2,13.2,Cambodia,Indonesia,US Hathinjar,Luqman Butt,PR Surve,6,0,,HIGH
1407718,2,13.3,Cambodia,Indonesia,US Hathinjar,Luqman Butt,PR Surve,1,0,,LOW
1407718,2,13.4,Cambodia,Indonesia,Luqman Butt,US Hathinjar,PR Surve,0,0,,LOW
1407718,2,13.5,Cambodia,Indonesia,Luqman Butt,US Hathinjar,PR Surve,2,0,,HIGH
1407718,2,13.6,Cambodia,Indonesia,Luqman Butt,US Hathinjar,PR Surve,6,0,,HIGH
1407718,2,14.1,Cambodia,Indonesia,US Hathinjar,Luqman Butt,IK Gamantika,6,0,,HIGH
1407718,2,14.2,Cambodia,Indonesia,US Hathinjar,Luqman Butt,IK Gamantika,2,0,,HIGH
1407718,2,14.3,Cambodia,Indonesia,US Hathinjar,Luqman Butt,IK Gamantika,1,0,,LOW
1407718,2,14.4,Cambodia,Indonesia,Luqman Butt,US Hathinjar,IK Gamantika,0,0,,LOW
1407718,2,14.5,Cambodia,Indonesia,Luqman Butt,US Hathinjar,IK Gamantika,1,0,,LOW
1407718,2,14.6,Cambodia,Indonesia,US Hathinjar,Luqman Butt,IK Gamantika,6,0,,HIGH
1407718,2,15.1,Cambodia,Indonesia,Luqman Butt,US Hathinjar,DJ Hawoe,1,0,,LOW
1407718,2,15.2,Cambodia,Indonesia,US Hathinjar,Luqman Butt,DJ Hawoe,1,0,,LOW
1407718,2,15.3,Cambodia,Indonesia,Luqman Butt,US Hathinjar,DJ Hawoe,1,0,,LOW
1407718,2,15.4,Cambodia,Indonesia,US Hathinjar,Luqman Butt,DJ Hawoe,4,0,,HIGH
1407718,2,15.5,Cambodia,Indonesia,US Hathinjar,Luqman Butt,DJ Hawoe,1,0,,LOW
1407718,2,15.6,Cambodia,Indonesia,Luqman Butt,US Hathinjar,DJ Hawoe,0,1,,LOW
1407718,2,16.1,Cambodia,Indonesia,Luqman Butt,US Hathinjar,RM Koda,1,0,,LOW
1407718,2,16.2,Cambodia,Indonesia,US Hathinjar,Luqman Butt,RM Koda,1,0,,LOW
1407718,2,16.3,Cambodia,Indonesia,Luqman Butt,US Hathinjar,RM Koda,0,0,,LOW
1407718,2,16.4,Cambodia,Indonesia,Luqman Butt,US Hathinjar,RM Koda,0,0,,LOW
1407718,2,16.5,Cambodia,Indonesia,Luqman Butt,US Hathinjar,RM Koda,4,0,,HIGH
1407718,2,16.6,Cambodia,Indonesia,Luqman Butt,US Hathinjar,RM Koda,6,0,,HIGH
1407718,2,17.1,Cambodia,Indonesia,US Hathinjar,Luqman Butt,PR Surve,1,0,,LOW
1407718,2,17.2,Cambodia,Indonesia,Luqman Butt,US Hathinjar,PR Surve,0,0,bowled,LOW
1407718,2,17.3,Cambodia,Indonesia,E Beukes,US Hathinjar,PR Surve,1,0,,LOW
1407718,2,17.4,Cambodia,Indonesia,US Hathinjar,E Beukes,PR Surve,0,0,,LOW
1407718,2,17.5,Cambodia,Indonesia,US Hathinjar,E Beukes,PR Surve,1,0,,LOW
1407718,2,17.6,Cambodia,Indonesia,E Beukes,US Hathinjar,PR Surve,1,0,,LOW
1407718,2,18.1,Cambodia,Indonesia,E Beukes,US Hathinjar,F Banunaek,0,0,,LOW
1407718,2,18.2,Cambodia,Indonesia,E Beukes,US Hathinjar,F Banunaek,0,1,,LOW
1407718,2,18.3,Cambodia,Indonesia,US Hathinjar,E Beukes,F Banunaek,2,0,,HIGH
1407718,2,18.4,Cambodia,Indonesia,US Hathinjar,E Beukes,F Banunaek,1,0,,LOW
1407718,2,18.5,Cambodia,Indonesia,E Beukes,US Hathinjar,F Banunaek,0,0,,LOW
1407718,2,18.6,Cambodia,Indonesia,E Beukes,US Hathinjar,F Banunaek,2,0,,HIGH
1407718,2,19.1,Cambodia,Indonesia,US Hathinjar,E Beukes,PR Surve,4,0,,HIGH
1407718,2,19.2,Cambodia,Indonesia,US Hathinjar,E Beukes,PR Surve,1,0,,LOW
1407718,2,19.3,Cambodia,Indonesia,E Beukes,US Hathinjar,PR Surve,4,0,,HIGH
356012,1,0.1,Pakistan,Ireland,Kamran Akmal,Shahzaib Hasan,WB Rankin,0,0,,LOW
356012,1,0.2,Pakistan,Ireland,Kamran Akmal,Shahzaib Hasan,WB Rankin,1,0,,LOW
356012,1,0.3,Pakistan,Ireland,Shahzaib Hasan,Kamran Akmal,WB Rankin,0,0,,LOW
356012,1,0.4,Pakistan,Ireland,Shahzaib Hasan,Kamran Akmal,WB Rankin,2,0,,HIGH
356012,1,0.5,Pakistan,Ireland,Shahzaib Hasan,Kamran Akmal,WB Rankin,1,0,,LOW
356012,1,0.6,Pakistan,Ireland,Kamran Akmal,Shahzaib Hasan,WB Rankin,0,0,,LOW
356012,1,1.1,Pakistan,Ireland,Shahzaib Hasan,Kamran Akmal,DT Johnston,0,1,,LOW
356012,1,1.2,Pakistan,Ireland,Shahzaib Hasan,Kamran Akmal,DT Johnston,4,0,,HIGH
356012,1,1.3,Pakistan,Ireland,Shahzaib Hasan,Kamran Akmal,DT Johnston,0,0,,LOW
356012,1,1.4,Pakistan,Ireland,Shahzaib Hasan,Kamran Akmal,DT Johnston,0,0,,LOW
356012,1,1.5,Pakistan,Ireland,Shahzaib Hasan,Kamran Akmal,DT Johnston,0,0,,LOW
356012,1,1.6,Pakistan,Ireland,Shahzaib Hasan,Kamran Akmal,DT Johnston,4,0,,HIGH
356012,1,1.7,Pakistan,Ireland,Shahzaib Hasan,Kamran Akmal,DT Johnston,0,0,,LOW
356012,1,2.1,Pakistan,Ireland,Kamran Akmal,Shahzaib Hasan,WB Rankin,0,0,,LOW
356012,1,2.2,Pakistan,Ireland,Kamran Akmal,Shahzaib Hasan,WB Rankin,0,0,,LOW
356012,1,2.3,Pakistan,Ireland,Kamran Akmal,Shahzaib Hasan,WB Rankin,0,0,,LOW
356012,1,2.4,Pakistan,Ireland,Kamran Akmal,Shahzaib Hasan,WB Rankin,0,0,,LOW
356012,1,2.5,Pakistan,Ireland,Kamran Akmal,Shahzaib Hasan,WB Rankin,1,0,,LOW
356012,1,2.6,Pakistan,Ireland,Shahzaib Hasan,Kamran Akmal,WB Rankin,0,0,,LOW
356012,1,3.1,Pakistan,Ireland,Kamran Akmal,Shahzaib Hasan,DT Johnston,0,0,,LOW
356012,1,3.2,Pakistan,Ireland,Kamran Akmal,Shahzaib Hasan,DT Johnston,0,0,,LOW
356012,1,3.3,Pakistan,Ireland,Kamran Akmal,Shahzaib Hasan,DT Johnston,6,0,,HIGH
356012,1,3.4,Pakistan,Ireland,Kamran Akmal,Shahzaib Hasan,DT Johnston,1,1,,LOW
356012,1,3.5,Pakistan,Ireland,Shahzaib Hasan,Kamran Akmal,DT Johnston,4,0,,HIGH
356012,1,3.6,Pakistan,Ireland,Shahzaib Hasan,Kamran Akmal,DT Johnston,2,0,,HIGH
356012,1,3.7,Pakistan,Ireland,Shahzaib Hasan,Kamran Akmal,DT Johnston,6,0,,HIGH
356012,1,4.1,Pakistan,Ireland,Kamran Akmal,Shahzaib Hasan,WB Rankin,1,0,,LOW
356012,1,4.2,Pakistan,Ireland,Shahzaib Hasan,Kamran Akmal,WB Rankin,0,1,,LOW
356012,1,4.3,Pakistan,Ireland,Kamran Akmal,Shahzaib Hasan,WB Rankin,1,0,,LOW
356012,1,4.4,Pakistan,Ireland,Shahzaib Hasan,Kamran Akmal,WB Rankin,0,0,,LOW
356012,1,4.5,Pakistan,Ireland,Shahzaib Hasan,Kamran Akmal,WB Rankin,0,0,,LOW
356012,1,4.6,Pakistan,Ireland,Shahzaib Hasan,Kamran Akmal,WB Rankin,0,0,,LOW
356012,1,5.1,Pakistan,Ireland,Kamran Akmal,Shahzaib Hasan,AR Cusack,0,0,,LOW
356012,1,5.2,Pakistan,Ireland,Kamran Akmal,Shahzaib Hasan,AR Cusack,1,0,,LOW
356012,1,5.3,Pakistan,Ireland,Shahzaib Hasan,Kamran Akmal,AR Cusack,0,0,,LOW
356012,1,5.4,Pakistan,Ireland,Shahzaib Hasan,Kamran Akmal,AR Cusack,0,0,caught,LOW
356012,1,5.5,Pakistan,Ireland,Kamran Akmal,Shahid Afridi,AR Cusack,0,0,,LOW
356012,1,5.6,Pakistan,Ireland,Kamran Akmal,Shahid Afridi,AR Cusack,0,0,,LOW
356012,1,6.1,Pakistan,Ireland,Shahid Afridi,Kamran Akmal,RM West,1,0,,LOW
356012,1,6.2,Pakistan,Ireland,Kamran Akmal,Shahid Afridi,RM West,4,0,,HIGH
356012,1,6.3,Pakistan,Ireland,Kamran Akmal,Shahid Afridi,RM West,2,0,,HIGH
356012,1,6.4,Pakistan,Ireland,Kamran Akmal,Shahid Afridi,RM West,1,0,,LOW
356012,1,6.5,Pakistan,Ireland,Shahid Afridi,Kamran Akmal,RM West,2,0,,HIGH
356012,1,6.6,Pakistan,Ireland,Shahid Afridi,Kamran Akmal,RM West,1,0,,LOW
356012,1,7.1,Pakistan,Ireland,Shahid Afridi,Kamran Akmal,AR Cusack,4,0,,HIGH
356012,1,7.2,Pakistan,Ireland,Shahid Afridi,Kamran Akmal,AR Cusack,1,0,,LOW
356012,1,7.3,Pakistan,Ireland,Kamran Akmal,Shahid Afridi,AR Cusack,4,0,,HIGH
356012,1,7.4,Pakistan,Ireland,Kamran Akmal,Shahid Afridi,AR Cusack,1,0,,LOW
356012,1,7.5,Pakistan,Ireland,Shahid Afridi,Kamran Akmal,AR Cusack,2,0,,HIGH
356012,1,7.6,Pakistan,Ireland,Shahid Afridi,Kamran Akmal,AR Cusack,2,0,,HIGH
356012,1,8.1,Pakistan,Ireland,Kamran Akmal,Shahid Afridi,RM West,1,0,,LOW
356012,1,8.2,Pakistan,Ireland,Shahid Afridi,Kamran Akmal,RM West,2,0,,HIGH
356012,1,8.3,Pakistan,Ireland,Shahid Afridi,Kamran Akmal,RM West,0,0,,LOW
356012,1,8.4,Pakistan,Ireland,Shahid Afridi,Kamran Akmal,RM West,4,0,,HIGH
356012,1,8.5,Pakistan,Ireland,Shahid Afridi,Kamran Akmal,RM West,1,0,,LOW
356012,1,8.6,Pakistan,Ireland,Kamran Akmal,Shahid Afridi,RM West,0,1,,LOW
356012,1,8.7,Pakistan,Ireland,Kamran Akmal,Shahid Afridi,RM West,1,0,,LOW
356012,1,9.1,Pakistan,Ireland,Kamran Akmal,Shahid Afridi,WK McCallan,1,0,,LOW
356012,1,9.2,Pakistan,Ireland,Shahid Afridi,Kamran Akmal,WK McCallan,4,0,,HIGH
356012,1,9.3,Pakistan,Ireland,Shahid Afridi,Kamran Akmal,WK McCallan,0,0,caught,LOW
356012,1,9.4,Pakistan,Ireland,Kamran Akmal,Younis Khan,WK McCallan,0,0,,LOW
356012,1,9.5,Pakistan,Ireland,Kamran Akmal,Younis Khan,WK McCallan,0,0,,LOW
356012,1,9.6,Pakistan,Ireland,Kamran Akmal,Younis Khan,WK McCallan,1,0,,LOW
356012,1,10.1,Pakistan,Ireland,Kamran Akmal,Younis Khan,DT Johnston,0,0,,LOW
356012,1,10.2,Pakistan,Ireland,Kamran Akmal,Younis Khan,DT Johnston,1,0,,LOW
356012,1,10.3,Pakistan,Ireland,Younis Khan,Kamran Akmal,DT Johnston,2,0,,HIGH
356012,1,10.4,Pakistan,Ireland,Younis Khan,Kamran Akmal,DT Johnston,4,0,,HIGH
356012,1,10.5,Pakistan,Ireland,Younis Khan,Kamran Akmal,DT Johnston,1,0,,LOW
356012,1,10.6,Pakistan,Ireland,Kamran Akmal,Younis Khan,DT Johnston,4,0,,HIGH
356012,1,11.1,Pakistan,Ireland,Younis Khan,Kamran Akmal,WK McCallan,1,0,,LOW
356012,1,11.2,Pakistan,Ireland,Kamran Akmal,Younis Khan,WK McCallan,2,0,,HIGH
356012,1,11.3,Pakistan,Ireland,Kamran Akmal,Younis Khan,WK McCallan,0,0,,LOW
356012,1,11.4,Pakistan,Ireland,Kamran Akmal,Younis Khan,WK McCallan,1,0,,LOW
356012,1,11.5,Pakistan,Ireland,Younis Khan,Kamran Akmal,WK McCallan,1,0,,LOW
356012,1,11.6,Pakistan,Ireland,Kamran Akmal,Younis Khan,WK McCallan,0,0,,LOW
356012,1,12.1,Pakistan,Ireland,Younis Khan,Kamran Akmal,RM West,0,0,,LOW
356012,1,12.2,Pakistan,Ireland,Younis Khan,Kamran Akmal,RM West,1,0,,LOW
356012,1,12.3,Pakistan,Ireland,Kamran Akmal,Younis Khan,RM West,4,0,,HIGH
356012,1,12.4,Pakistan,Ireland,Kamran Akmal,Younis Khan,RM West,1,0,,LOW
356012,1,12.5,Pakistan,Ireland,Younis Khan,Kamran Akmal,RM West,0,0,bowled,LOW
356012,1,12.6,Pakistan,Ireland,Misbah-ul-Haq,Kamran Akmal,RM West,0,1,,LOW
356012,1,13.1,Pakistan,Ireland,Misbah-ul-Haq,Kamran Akmal,WK McCallan,1,0,,LOW
356012,1,13.2,Pakistan,Ireland,Kamran Akmal,Misbah-ul-Haq,WK McCallan,0,0,,LOW
356012,1,13.3,Pakistan,Ireland,Kamran Akmal,Misbah-ul-Haq,WK McCallan,1,0,,LOW
356012,1,13.4,Pakistan,Ireland,Misbah-ul-Haq,Kamran Akmal,WK McCallan,1,0,,LOW
356012,1,13.5,Pakistan,Ireland,Kamran Akmal,Misbah-ul-Haq,WK McCallan,2,0,,HIGH
356012,1,13.6,Pakistan,Ireland,Kamran Akmal,Misbah-ul-Haq,WK McCallan,1,0,,LOW
356012,1,14.1,Pakistan,Ireland,Kamran Akmal,Misbah-ul-Haq,RM West,3,0,,HIGH
356012,1,14.2,Pakistan,Ireland,Misbah-ul-Haq,Kamran Akmal,RM West,0,0,,LOW
356012,1,14.3,Pakistan,Ireland,Misbah-ul-Haq,Kamran Akmal,RM West,1,0,,LOW
356012,1,14.4,Pakistan,Ireland,Kamran Akmal,Misbah-ul-Haq,RM West,0,1,,LOW
356012,1,14.5,Pakistan,Ireland,Misbah-ul-Haq,Kamran Akmal,RM West,1,0,,LOW
356012,1,14.6,Pakistan,Ireland,Kamran Akmal,Misbah-ul-Haq,RM West,1,0,,LOW
356012,1,15.1,Pakistan,Ireland,Kamran Akmal,Misbah-ul-Haq,AR Cusack,1,0,,LOW
356012,1,15.2,Pakistan,Ireland,Misbah-ul-Haq,Kamran Akmal,AR Cusack,2,0,,HIGH
356012,1,15.3,Pakistan,Ireland,Misbah-ul-Haq,Kamran Akmal,AR Cusack,1,0,,LOW
356012,1,15.4,Pakistan,Ireland,Kamran Akmal,Misbah-ul-Haq,AR Cusack,4,0,,HIGH
356012,1,15.5,Pakistan,Ireland,Kamran Akmal,Misbah-ul-Haq,AR Cusack,1,0,,LOW
356012,1,15.6,Pakistan,Ireland,Misbah-ul-Haq,Kamran Akmal,AR Cusack,4,0,,HIGH
356012,1,16.1,Pakistan,Ireland,Kamran Akmal,Misbah-ul-Haq,DT Johnston,1,0,,LOW
356012,1,16.2,Pakistan,Ireland,Misbah-ul-Haq,Kamran Akmal,DT Johnston,1,0,,LOW
356012,1,16.3,Pakistan,Ireland,Kamran Akmal,Misbah-ul-Haq,DT Johnston,1,0,,LOW
356012,1,16.4,Pakistan,Ireland,Misbah-ul-Haq,Kamran Akmal,DT Johnston,1,0,,LOW
356012,1,16.5,Pakistan,Ireland,Kamran Akmal,Misbah-ul-Haq,DT Johnston,0,0,bowled,LOW
356012,1,16.6,Pakistan,Ireland,Abdul Razzaq,Misbah-ul-Haq,DT Johnston,0,0,,LOW
356012,1,17.1,Pakistan,Ireland,Misbah-ul-Haq,Abdul Razzaq,WK McCallan,6,0,,HIGH
356012,1,17.2,Pakistan,Ireland,Misbah-ul-Haq,Abdul Razzaq,WK McCallan,1,0,,LOW
356012,1,17.3,Pakistan,Ireland,Abdul Razzaq,Misbah-ul-Haq,WK McCallan,1,0,,LOW
356012,1,17.4,Pakistan,Ireland,Misbah-ul-Haq,Abdul Razzaq,WK McCallan,0,0,caught,LOW
356012,1,17.5,Pakistan,Ireland,Shoaib Malik,Abdul Razzaq,WK McCallan,0,0,,LOW
356012,1,17.6,Pakistan,Ireland,Shoaib Malik,Abdul Razzaq,WK McCallan,1,0,,LOW
356012,1,18.1,Pakistan,Ireland,Shoaib Malik,Abdul Razzaq,WB Rankin,0,0,,LOW
356012,1,18.2,Pakistan,Ireland,Shoaib Malik,Abdul Razzaq,WB Rankin,1,0,,LOW
356012,1,18.3,Pakistan,Ireland,Abdul Razzaq,Shoaib Malik,WB Rankin,1,0,,LOW
356012,1,18.4,Pakistan,Ireland,Shoaib Malik,Abdul Razzaq,WB Rankin,0,0,,LOW
356012,1,18.5,Pakistan,Ireland,Shoaib Malik,Abdul Razzaq,WB Rankin,1,0,,LOW
356012,1,18.6,Pakistan,Ireland,Abdul Razzaq,Shoaib Malik,WB Rankin,1,0,,LOW
356012,1,19.1,Pakistan,Ireland,Abdul Razzaq,Shoaib Malik,AR Cusack,1,0,,LOW
356012,1,19.2,Pakistan,Ireland,Shoaib Malik,Abdul Razzaq,AR Cusack,1,0,,LOW
356012,1,19.3,Pakistan,Ireland,Abdul Razzaq,Shoaib Malik,AR Cusack,6,0,,HIGH
356012,1,19.4,Pakistan,Ireland,Abdul Razzaq,Shoaib Malik,AR Cusack,2,0,,HIGH
356012,1,19.5,Pakistan,Ireland,Abdul Razzaq,Shoaib Malik,AR Cusack,2,0,,HIGH
356012,1,19.6,Pakistan,Ireland,Abdul Razzaq,Shoaib Malik,AR Cusack,1,0,,LOW
356012,2,0.1,Ireland,Pakistan,WTS Porterfield,NJ O'Brien,Mohammad Amir,2,0,,HIGH
356012,2,0.2,Ireland,Pakistan,WTS Porterfield,NJ O'Brien,Mohammad Amir,1,0,,LOW
356012,2,0.3,Ireland,Pakistan,NJ O'Brien,WTS Porterfield,Mohammad Amir,0,0,,LOW
356012,2,0.4,Ireland,Pakistan,NJ O'Brien,WTS Porterfield,Mohammad Amir,0,1,,LOW
356012,2,0.5,Ireland,Pakistan,WTS Porterfield,NJ O'Brien,Mohammad Amir,1,0,,LOW
356012,2,0.6,Ireland,Pakistan,NJ O'Brien,WTS Porterfield,Mohammad Amir,1,0,,LOW
356012,2,1.1,Ireland,Pakistan,NJ O'Brien,WTS Porterfield,Abdul Razzaq,1,0,,LOW
356012,2,1.2,Ireland,Pakistan,WTS Porterfield,NJ O'Brien,Abdul Razzaq,1,0,,LOW
356012,2,1.3,Ireland,Pakistan,NJ O'Brien,WTS Porterfield,Abdul Razzaq,4,0,,HIGH
356012,2,1.4,Ireland,Pakistan,NJ O'Brien,WTS Porterfield,Abdul Razzaq,0,0,,LOW
356012,2,1.5,Ireland,Pakistan,NJ O'Brien,WTS Porterfield,Abdul Razzaq,1,0,,LOW
356012,2,1.6,Ireland,Pakistan,WTS Porterfield,NJ O'Brien,Abdul Razzaq,0,0,,LOW
356012,2,2.1,Ireland,Pakistan,NJ O'Brien,WTS Porterfield,Mohammad Amir,0,0,,LOW
356012,2,2.2,Ireland,Pakistan,NJ O'Brien,WTS Porterfield,Mohammad Amir,0,0,,LOW
356012,2,2.3,Ireland,Pakistan,NJ O'Brien,WTS Porterfield,Mohammad Amir,0,0,caught and bowled,LOW
356012,2,2.4,Ireland,Pakistan,WTS Porterfield,PR Stirling,Mohammad Amir,0,0,,LOW
356012,2,2.5,Ireland,Pakistan,WTS Porterfield,PR Stirling,Mohammad Amir,1,0,,LOW
356012,2,2.6,Ireland,Pakistan,PR Stirling,WTS Porterfield,Mohammad Amir,4,0,,HIGH
356012,2,3.1,Ireland,Pakistan,WTS Porterfield,PR Stirling,Abdul Razzaq,3,0,,HIGH
356012,2,3.2,Ireland,Pakistan,PR Stirling,WTS Porterfield,Abdul Razzaq,0,0,,LOW
356012,2,3.3,Ireland,Pakistan,PR Stirling,WTS Porterfield,Abdul Razzaq,1,0,,LOW
356012,2,3.4,Ireland,Pakistan,WTS Porterfield,PR Stirling,Abdul Razzaq,1,0,,LOW
356012,2,3.5,Ireland,Pakistan,PR Stirling,WTS Porterfield,Abdul Razzaq,0,0,,LOW
356012,2,3.6,Ireland,Pakistan,PR Stirling,WTS Porterfield,Abdul Razzaq,0,0,,LOW
356012,2,4.1,Ireland,Pakistan,WTS Porterfield,PR Stirling,Mohammad Amir,0,1,,LOW
356012,2,4.2,Ireland,Pakistan,PR Stirling,WTS Porterfield,Mohammad Amir,1,0,,LOW
356012,2,4.3,Ireland,Pakistan,WTS Porterfield,PR Stirling,Mohammad Amir,0,1,,LOW
356012,2,4.4,Ireland,Pakistan,PR Stirling,WTS Porterfield,Mohammad Amir,0,0,,LOW
356012,2,4.5,Ireland,Pakistan,PR Stirling,WTS Porterfield,Mohammad Amir,3,0,,HIGH
356012,2,4.6,Ireland,Pakistan,WTS Porterfield,PR Stirling,Mohammad Amir,1,0,,LOW
356012,2,5.1,Ireland,Pakistan,WTS Porterfield,PR Stirling,Abdul Razzaq,0,1,,LOW
356012,2,5.2,Ireland,Pakistan,PR Stirling,WTS Porterfield,Abdul Razzaq,0,0,,LOW
356012,2,5.3,Ireland,Pakistan,PR Stirling,WTS Porterfield,Abdul Razzaq,0,0,,LOW
356012,2,5.4,Ireland,Pakistan,PR Stirling,WTS Porterfield,Abdul Razzaq,1,0,,LOW
356012,2,5.5,Ireland,Pakistan,WTS Porterfield,PR Stirling,Abdul Razzaq,1,0,,LOW
356012,2,5.6,Ireland,Pakistan,PR Stirling,WTS Porterfield,Abdul Razzaq,4,0,,HIGH
356012,2,6.1,Ireland,Pakistan,WTS Porterfield,PR Stirling,Shahid Afridi,1,0,,LOW
356012,2,6.2,Ireland,Pakistan,PR Stirling,WTS Porterfield,Shahid Afridi,0,0,,LOW
356012,2,6.3,Ireland,Pakistan,PR Stirling,WTS Porterfield,Shahid Afridi,1,0,,LOW
356012,2,6.4,Ireland,Pakistan,WTS Porterfield,PR Stirling,Shahid Afridi,1,0,,LOW
356012,2,6.5,Ireland,Pakistan,PR Stirling,WTS Porterfield,Shahid Afridi,2,0,,HIGH
356012,2,6.6,Ireland,Pakistan,PR Stirling,WTS Porterfield,Shahid Afridi,0,0,bowled,LOW
356012,2,7.1,Ireland,Pakistan,WTS Porterfield,KJ O'Brien,Saeed Ajmal,0,0,,LOW
356012,2,7.2,Ireland,Pakistan,WTS Porterfield,KJ O'Brien,Saeed Ajmal,1,0,,LOW
356012,2,7.3,Ireland,Pakistan,KJ O'Brien,WTS Porterfield,Saeed Ajmal,1,0,,LOW
356012,2,7.4,Ireland,Pakistan,WTS Porterfield,KJ O'Brien,Saeed Ajmal,0,0,,LOW
356012,2,7.5,Ireland,Pakistan,WTS Porterfield,KJ O'Brien,Saeed Ajmal,1,0,,LOW
356012,2,7.6,Ireland,Pakistan,KJ O'Brien,WTS Porterfield,Saeed Ajmal,2,0,,HIGH
356012,2,8.1,Ireland,Pakistan,WTS Porterfield,KJ O'Brien,Shahid Afridi,1,0,,LOW
356012,2,8.2,Ireland,Pakistan,KJ O'Brien,WTS Porterfield,Shahid Afridi,2,0,,HIGH
356012,2,8.3,Ireland,Pakistan,KJ O'Brien,WTS Porterfield,Shahid Afridi,0,0,,LOW
356012,2,8.4,Ireland,Pakistan,KJ O'Brien,WTS Porterfield,Shahid Afridi,2,0,,HIGH
356012,2,8.5,Ireland,Pakistan,KJ O'Brien,WTS Porterfield,Shahid Afridi,2,0,,HIGH
356012,2,8.6,Ireland,Pakistan,KJ O'Brien,WTS Porterfield,Shahid Afridi,0,1,,LOW
356012,2,8.7,Ireland,Pakistan,KJ O'Brien,WTS Porterfield,Shahid Afridi,0,0,,LOW
356012,2,9.1,Ireland,Pakistan,WTS Porterfield,KJ O'Brien,Shoaib Malik,1,0,,LOW
356012,2,9.2,Ireland,Pakistan,KJ O'Brien,WTS Porterfield,Shoaib Malik,1,0,,LOW
356012,2,9.3,Ireland,Pakistan,WTS Porterfield,KJ O'Brien,Shoaib Malik,3,0,,HIGH
356012,2,9.4,Ireland,Pakistan,KJ O'Brien,WTS Porterfield,Shoaib Malik,1,0,,LOW
356012,2,9.5,Ireland,Pakistan,WTS Porterfield,KJ O'Brien,Shoaib Malik,4,0,,HIGH
356012,2,9.6,Ireland,Pakistan,WTS Porterfield,KJ O'Brien,Shoaib Malik,1,0,,LOW
356012,2,10.1,Ireland,Pakistan,WTS Porterfield,KJ O'Brien,Shahid Afridi,1,0,,LOW
356012,2,10.2,Ireland,Pakistan,KJ O'Brien,WTS Porterfield,Shahid Afridi,0,1,,LOW
356012,2,10.3,Ireland,Pakistan,WTS Porterfield,KJ O'Brien,Shahid Afridi,0,0,,LOW
356012,2,10.4,Ireland,Pakistan,WTS Porterfield,KJ O'Brien,Shahid Afridi,1,0,,LOW
356012,2,10.5,Ireland,Pakistan,KJ O'Brien,WTS Porterfield,Shahid Afridi,1,0,,LOW
356012,2,10.6,Ireland,Pakistan,WTS Porterfield,KJ O'Brien,Shahid Afridi,4,0,,HIGH
356012,2,11.1,Ireland,Pakistan,KJ O'Brien,WTS Porterfield,Umar Gul,1,0,,LOW
356012,2,11.2,Ireland,Pakistan,WTS Porterfield,KJ O'Brien,Umar Gul,2,0,,HIGH
356012,2,11.3,Ireland,Pakistan,WTS Porterfield,KJ O'Brien,Umar Gul,1,0,,LOW
356012,2,11.4,Ireland,Pakistan,KJ O'Brien,WTS Porterfield,Umar Gul,1,0,,LOW
356012,2,11.5,Ireland,Pakistan,WTS Porterfield,KJ O'Brien,Umar Gul,1,0,,LOW
356012,2,11.6,Ireland,Pakistan,KJ O'Brien,WTS Porterfield,Umar Gul,1,0,,LOW
356012,2,12.1,Ireland,Pakistan,KJ O'Brien,WTS Porterfield,Shahid Afridi,1,0,,LOW
356012,2,12.2,Ireland,Pakistan,WTS Porterfield,KJ O'Brien,Shahid Afridi,1,0,,LOW
356012,2,12.3,Ireland,Pakistan,KJ O'Brien,WTS Porterfield,Shahid Afridi,1,0,,LOW
356012,2,12.4,Ireland,Pakistan,WTS Porterfield,KJ O'Brien,Shahid Afridi,2,0,,HIGH
356012,2,12.5,Ireland,Pakistan,WTS Porterfield,KJ O'Brien,Shahid Afridi,1,0,,LOW
356012,2,12.6,Ireland,Pakistan,KJ O'Brien,WTS Porterfield,Shahid Afridi,0,0,,LOW
356012,2,13.1,Ireland,Pakistan,WTS Porterfield,KJ O'Brien,Saeed Ajmal,0,0,caught,LOW
356012,2,13.2,Ireland,Pakistan,KJ O'Brien,JF Mooney,Saeed Ajmal,0,0,,LOW
356012,2,13.3,Ireland,Pakistan,KJ O'Brien,JF Mooney,Saeed Ajmal,0,0,,LOW
356012,2,13.4,Ireland,Pakistan,KJ O'Brien,JF Mooney,Saeed Ajmal,0,0,,LOW
356012,2,13.5,Ireland,Pakistan,KJ O'Brien,JF Mooney,Saeed Ajmal,0,0,,LOW
356012,2,13.6,Ireland,Pakistan,KJ O'Brien,JF Mooney,Saeed Ajmal,0,1,,LOW
356012,2,13.7,Ireland,Pakistan,KJ O'Brien,JF Mooney,Saeed Ajmal,0,0,,LOW
356012,2,14.1,Ireland,Pakistan,JF Mooney,KJ O'Brien,Umar Gul,0,0,,LOW
356012,2,14.2,Ireland,Pakistan,JF Mooney,KJ O'Brien,Umar Gul,0,0,,LOW
356012,2,14.3,Ireland,Pakistan,JF Mooney,KJ O'Brien,Umar Gul,0,0,,LOW
356012,2,14.4,Ireland,Pakistan,JF Mooney,KJ O'Brien,Umar Gul,0,0,,LOW
356012,2,14.5,Ireland,Pakistan,JF Mooney,KJ O'Brien,Umar Gul,0,0,,LOW
356012,2,14.6,Ireland,Pakistan,JF Mooney,KJ O'Brien,Umar Gul,1,0,,LOW
356012,2,15.1,Ireland,Pakistan,JF Mooney,KJ O'Brien,Saeed Ajmal,1,0,,LOW
356012,2,15.2,Ireland,Pakistan,KJ O'Brien,JF Mooney,Saeed Ajmal,2,0,,HIGH
356012,2,15.3,Ireland,Pakistan,KJ O'Brien,JF Mooney,Saeed Ajmal,1,0,,LOW
356012,2,15.4,Ireland,Pakistan,JF Mooney,KJ O'Brien,Saeed Ajmal,0,0,caught,LOW
356012,2,15.5,Ireland,Pakistan,KJ O'Brien,DT Johnston,Saeed Ajmal,4,0,,HIGH
356012,2,15.6,Ireland,Pakistan,KJ O'Brien,DT Johnston,Saeed Ajmal,0,1,,LOW
356012,2,16.1,Ireland,Pakistan,KJ O'Brien,DT Johnston,Umar Gul,0,1,,LOW
356012,2,16.2,Ireland,Pakistan,DT Johnston,KJ O'Brien,Umar Gul,0,0,bowled,LOW
356012,2,16.3,Ireland,Pakistan,AR White,KJ O'Brien,Umar Gul,2,0,,HIGH
356012,2,16.4,Ireland,Pakistan,AR White,KJ O'Brien,Umar Gul,0,0,,LOW
356012,2,16.5,Ireland,Pakistan,AR White,KJ O'Brien,Umar Gul,1,0,,LOW
356012,2,16.6,Ireland,Pakistan,KJ O'Brien,AR White,Umar Gul,1,1,,LOW
356012,2,16.7,Ireland,Pakistan,AR White,KJ O'Brien,Umar Gul,0,1,,LOW
356012,2,17.1,Ireland,Pakistan,AR White,KJ O'Brien,Saeed Ajmal,1,0,,LOW
356012,2,17.2,Ireland,Pakistan,KJ O'Brien,AR White,Saeed Ajmal,1,0,,LOW
356012,2,17.3,Ireland,Pakistan,AR White,KJ O'Brien,Saeed Ajmal,1,0,,LOW
356012,2,17.4,Ireland,Pakistan,KJ O'Brien,AR White,Saeed Ajmal,0,0,stumped,LOW
356012,2,17.5,Ireland,Pakistan,AR Cusack,AR White,Saeed Ajmal,2,0,,HIGH
356012,2,17.6,Ireland,Pakistan,AR Cusack,AR White,Saeed Ajmal,0,0,stumped,LOW
356012,2,18.1,Ireland,Pakistan,AR White,WK McCallan,Umar Gul,0,0,bowled,LOW
356012,2,18.2,Ireland,Pakistan,RM West,WK McCallan,Umar Gul,1,0,,LOW
356012,2,18.3,Ireland,Pakistan,WK McCallan,RM West,Umar Gul,0,0,run out,LOW
356012,2,18.4,Ireland,Pakistan,WK McCallan,WB Rankin,Umar Gul,1,0,,LOW
356012,2,18.5,Ireland,Pakistan,WB Rankin,WK McCallan,Umar Gul,0,1,,LOW
356012,2,18.6,Ireland,Pakistan,WB Rankin,WK McCallan,Umar Gul,2,0,,HIGH
356012,2,18.7,Ireland,Pakistan,WB Rankin,WK McCallan,Umar Gul,1,0,,LOW
356012,2,19.1,Ireland,Pakistan,WB Rankin,WK McCallan,Mohammad Amir,0,1,,LOW
356012,2,19.2,Ireland,Pakistan,WB Rankin,WK McCallan,Mohammad Amir,1,0,,LOW
356012,2,19.3,Ireland,Pakistan,WK McCallan,WB Rankin,Mohammad Amir,0,0,,LOW
356012,2,19.4,Ireland,Pakistan,WK McCallan,WB Rankin,Mohammad Amir,0,0,,LOW
356012,2,19.5,Ireland,Pakistan,WK McCallan,WB Rankin,Mohammad Amir,0,0,,LOW
356012,2,19.6,Ireland,Pakistan,WK McCallan,WB Rankin,Mohammad Amir,1,0,,LOW
356012,2,19.7,Ireland,Pakistan,WB Rankin,WK McCallan,Mohammad Amir,1,0,,LOW
1418176,1,0.1,Myanmar,Cambodia,KK Lin Thu,Pyae Phyo Wai,S Godara,0,0,,LOW
1418176,1,0.2,Myanmar,Cambodia,KK Lin Thu,Pyae Phyo Wai,S Godara,0,0,,LOW
1418176,1,0.3,Myanmar,Cambodia,KK Lin Thu,Pyae Phyo Wai,S Godara,0,0,,LOW
1418176,1,0.4,Myanmar,Cambodia,KK Lin Thu,Pyae Phyo Wai,S Godara,0,0,,LOW
1418176,1,0.5,Myanmar,Cambodia,KK Lin Thu,Pyae Phyo Wai,S Godara,0,0,,LOW
1418176,1,0.6,Myanmar,Cambodia,KK Lin Thu,Pyae Phyo Wai,S Godara,0,0,,LOW
1418176,1,1.1,Myanmar,Cambodia,Pyae Phyo Wai,KK Lin Thu,GC Murtaza,1,0,,LOW
1418176,1,1.2,Myanmar,Cambodia,KK Lin Thu,Pyae Phyo Wai,GC Murtaza,0,0,,LOW
1418176,1,1.3,Myanmar,Cambodia,KK Lin Thu,Pyae Phyo Wai,GC Murtaza,1,0,,LOW
1418176,1,1.4,Myanmar,Cambodia,Pyae Phyo Wai,KK Lin Thu,GC Murtaza,0,1,,LOW
1418176,1,1.5,Myanmar,Cambodia,Pyae Phyo Wai,KK Lin Thu,GC Murtaza,0,0,,LOW
1418176,1,1.6,Myanmar,Cambodia,Pyae Phyo Wai,KK Lin Thu,GC Murtaza,0,0,,LOW
1418176,1,1.7,Myanmar,Cambodia,Pyae Phyo Wai,KK Lin Thu,GC Murtaza,2,0,,HIGH
1418176,1,2.1,Myanmar,Cambodia,KK Lin Thu,Pyae Phyo Wai,S Godara,0,0,,LOW
1418176,1,2.2,Myanmar,Cambodia,KK Lin Thu,Pyae Phyo Wai,S Godara,0,0,,LOW
1418176,1,2.3,Myanmar,Cambodia,KK Lin Thu,Pyae Phyo Wai,S Godara,1,0,,LOW
1418176,1,2.4,Myanmar,Cambodia,Pyae Phyo Wai,KK Lin Thu,S Godara,0,0,,LOW
1418176,1,2.5,Myanmar,Cambodia,Pyae Phyo Wai,KK Lin Thu,S Godara,0,0,,LOW
1418176,1,2.6,Myanmar,Cambodia,Pyae Phyo Wai,KK Lin Thu,S Godara,0,0,,LOW
1418176,1,3.1,Myanmar,Cambodia,KK Lin Thu,Pyae Phyo Wai,GC Murtaza,1,0,,LOW
1418176,1,3.2,Myanmar,Cambodia,Pyae Phyo Wai,KK Lin Thu,GC Murtaza,4,0,,HIGH
1418176,1,3.3,Myanmar,Cambodia,Pyae Phyo Wai,KK Lin Thu,GC Murtaza,1,0,,LOW
1418176,1,3.4,Myanmar,Cambodia,KK Lin Thu,Pyae Phyo Wai,GC Murtaza,0,0,caught,LOW
1418176,1,3.5,Myanmar,Cambodia,Khin Aye,Pyae Phyo Wai,GC Murtaza,0,1,,LOW
1418176,1,3.6,Myanmar,Cambodia,Khin Aye,Pyae Phyo Wai,GC Murtaza,0,0,,LOW
1418176,1,3.7,Myanmar,Cambodia,Khin Aye,Pyae Phyo Wai,GC Murtaza,0,0,,LOW
1418176,1,4.1,Myanmar,Cambodia,Pyae Phyo Wai,Khin Aye,S Godara,0,0,,LOW
1418176,1,4.2,Myanmar,Cambodia,Pyae Phyo Wai,Khin Aye,S Godara,0,5,,LOW
1418176,1,4.3,Myanmar,Cambodia,Pyae Phyo Wai,Khin Aye,S Godara,1,0,,LOW
1418176,1,4.4,Myanmar,Cambodia,Khin Aye,Pyae Phyo Wai,S Godara,0,0,,LOW
1418176,1,4.5,Myanmar,Cambodia,Khin Aye,Pyae Phyo Wai,S Godara,0,0,,LOW
1418176,1,4.6,Myanmar,Cambodia,Khin Aye,Pyae Phyo Wai,S Godara,0,0,,LOW
1418176,1,4.7,Myanmar,Cambodia,Khin Aye,Pyae Phyo Wai,S Godara,1,0,,LOW
1418176,1,5.1,Myanmar,Cambodia,Khin Aye,Pyae Phyo Wai,Luqman Butt,0,0,,LOW
1418176,1,5.2,Myanmar,Cambodia,Khin Aye,Pyae Phyo Wai,Luqman Butt,1,0,,LOW
1418176,1,5.3,Myanmar,Cambodia,Pyae Phyo Wai,Khin Aye,Luqman Butt,1,0,,LOW
1418176,1,5.4,Myanmar,Cambodia,Khin Aye,Pyae Phyo Wai,Luqman Butt,0,0,,LOW
1418176,1,5.5,Myanmar,Cambodia,Khin Aye,Pyae Phyo Wai,Luqman Butt,0,0,,LOW
1418176,1,5.6,Myanmar,Cambodia,Khin Aye,Pyae Phyo Wai,Luqman Butt,0,0,caught,LOW
1418176,1,6.1,Myanmar,Cambodia,Pyae Phyo Wai,Paing Danu,Utkarsh Jain,0,0,,LOW
1418176,1,6.2,Myanmar,Cambodia,Pyae Phyo Wai,Paing Danu,Utkarsh Jain,6,0,,HIGH
1418176,1,6.3,Myanmar,Cambodia,Pyae Phyo Wai,Paing Danu,Utkarsh Jain,0,0,caught,LOW
1418176,1,6.4,Myanmar,Cambodia,H Lin Aung,Paing Danu,Utkarsh Jain,0,0,,LOW
1418176,1,6.5,Myanmar,Cambodia,H Lin Aung,Paing Danu,Utkarsh Jain,0,0,,LOW
1418176,1,6.6,Myanmar,Cambodia,H Lin Aung,Paing Danu,Utkarsh Jain,0,0,,LOW
1418176,1,7.1,Myanmar,Cambodia,Paing Danu,H Lin Aung,Luqman Butt,0,0,,LOW
1418176,1,7.2,Myanmar,Cambodia,Paing Danu,H Lin Aung,Luqman Butt,1,0,,LOW
1418176,1,7.3,Myanmar,Cambodia,H Lin Aung,Paing Danu,Luqman Butt,0,0,,LOW
1418176,1,7.4,Myanmar,Cambodia,H Lin Aung,Paing Danu,Luqman Butt,0,0,,LOW
1418176,1,7.5,Myanmar,Cambodia,H Lin Aung,Paing Danu,Luqman Butt,0,0,,LOW
1418176,1,7.6,Myanmar,Cambodia,H Lin Aung,Paing Danu,Luqman Butt,0,0,,LOW
1418176,1,8.1,Myanmar,Cambodia,Paing Danu,H Lin Aung,Utkarsh Jain,4,0,,HIGH
1418176,1,8.2,Myanmar,Cambodia,Paing Danu,H Lin Aung,Utkarsh Jain,0,0,,LOW
1418176,1,8.3,Myanmar,Cambodia,Paing Danu,H Lin Aung,Utkarsh Jain,0,0,caught,LOW
1418176,1,8.4,Myanmar,Cambodia,H Lin Oo,H Lin Aung,Utkarsh Jain,0,0,,LOW
1418176,1,8.5,Myanmar,Cambodia,H Lin Oo,H Lin Aung,Utkarsh Jain,0,0,,LOW
1418176,1,8.6,Myanmar,Cambodia,H Lin Oo,H Lin Aung,Utkarsh Jain,0,0,,LOW
1418176,1,9.1,Myanmar,Cambodia,H Lin Aung,H Lin Oo,Luqman Butt,0,1,,LOW
1418176,1,9.2,Myanmar,Cambodia,H Lin Aung,H Lin Oo,Luqman Butt,0,0,,LOW
1418176,1,9.3,Myanmar,Cambodia,H Lin Aung,H Lin Oo,Luqman Butt,0,0,,LOW
1418176,1,9.4,Myanmar,Cambodia,H Lin Aung,H Lin Oo,Luqman Butt,0,1,,LOW
1418176,1,9.5,Myanmar,Cambodia,H Lin Oo,H Lin Aung,Luqman Butt,0,0,,LOW
1418176,1,9.6,Myanmar,Cambodia,H Lin Oo,H Lin Aung,Luqman Butt,2,0,,HIGH
1418176,1,9.7,Myanmar,Cambodia,H Lin Oo,H Lin Aung,Luqman Butt,0,0,,LOW
1418176,1,10.1,Myanmar,Cambodia,H Lin Aung,H Lin Oo,Utkarsh Jain,1,0,,LOW
1418176,1,10.2,Myanmar,Cambodia,H Lin Oo,H Lin Aung,Utkarsh Jain,0,0,caught,LOW
1418176,1,10.3,Myanmar,Cambodia,Thuya Aung,H Lin Aung,Utkarsh Jain,0,0,,LOW
1418176,1,10.4,Myanmar,Cambodia,Thuya Aung,H Lin Aung,Utkarsh Jain,1,0,,LOW
1418176,1,10.5,Myanmar,Cambodia,H Lin Aung,Thuya Aung,Utkarsh Jain,1,0,,LOW
1418176,1,10.6,Myanmar,Cambodia,Thuya Aung,H Lin Aung,Utkarsh Jain,1,0,,LOW
1418176,1,11.1,Myanmar,Cambodia,Thuya Aung,H Lin Aung,RR Sharan,0,0,,LOW
1418176,1,11.2,Myanmar,Cambodia,Thuya Aung,H Lin Aung,RR Sharan,0,0,,LOW
1418176,1,11.3,Myanmar,Cambodia,Thuya Aung,H Lin Aung,RR Sharan,0,0,,LOW
1418176,1,11.4,Myanmar,Cambodia,Thuya Aung,H Lin Aung,RR Sharan,0,0,,LOW
1418176,1,11.5,Myanmar,Cambodia,Thuya Aung,H Lin Aung,RR Sharan,0,0,,LOW
1418176,1,11.6,Myanmar,Cambodia,Thuya Aung,H Lin Aung,RR Sharan,0,0,,LOW
1418176,1,12.1,Myanmar,Cambodia,H Lin Aung,Thuya Aung,Utkarsh Jain,0,0,,LOW
1418176,1,12.2,Myanmar,Cambodia,H Lin Aung,Thuya Aung,Utkarsh Jain,6,0,,HIGH
1418176,1,12.3,Myanmar,Cambodia,H Lin Aung,Thuya Aung,Utkarsh Jain,1,0,,LOW
1418176,1,12.4,Myanmar,Cambodia,Thuya Aung,H Lin Aung,Utkarsh Jain,0,0,,LOW
1418176,1,12.5,Myanmar,Cambodia,Thuya Aung,H Lin Aung,Utkarsh Jain,0,0,,LOW
1418176,1,12.6,Myanmar,Cambodia,Thuya Aung,H Lin Aung,Utkarsh Jain,0,0,,LOW
1418176,1,13.1,Myanmar,Cambodia,H Lin Aung,Thuya Aung,RR Sharan,0,0,,LOW
1418176,1,13.2,Myanmar,Cambodia,H Lin Aung,Thuya Aung,RR Sharan,2,0,,HIGH
1418176,1,13.3,Myanmar,Cambodia,H Lin Aung,Thuya Aung,RR Sharan,0,0,run out,LOW
1418176,1,13.4,Myanmar,Cambodia,Thuya Aung,Y Naing Tun,RR Sharan,0,0,,LOW
1418176,1,13.5,Myanmar,Cambodia,Thuya Aung,Y Naing Tun,RR Sharan,0,0,,LOW
1418176,1,13.6,Myanmar,Cambodia,Thuya Aung,Y Naing Tun,RR Sharan,0,0,,LOW
1418176,1,14.1,Myanmar,Cambodia,Y Naing Tun,Thuya Aung,GC Murtaza,0,0,,LOW
1418176,1,14.2,Myanmar,Cambodia,Y Naing Tun,Thuya Aung,GC Murtaza,0,0,,LOW
1418176,1,14.3,Myanmar,Cambodia,Y Naing Tun,Thuya Aung,GC Murtaza,0,0,,LOW
1418176,1,14.4,Myanmar,Cambodia,Y Naing Tun,Thuya Aung,GC Murtaza,0,0,,LOW
1418176,1,14.5,Myanmar,Cambodia,Y Naing Tun,Thuya Aung,GC Murtaza,0,0,,LOW
1418176,1,14.6,Myanmar,Cambodia,Y Naing Tun,Thuya Aung,GC Murtaza,0,1,,LOW
1418176,1,14.7,Myanmar,Cambodia,Y Naing Tun,Thuya Aung,GC Murtaza,0,0,,LOW
1418176,1,15.1,Myanmar,Cambodia,Thuya Aung,Y Naing Tun,RR Sharan,0,0,,LOW
1418176,1,15.2,Myanmar,Cambodia,Thuya Aung,Y Naing Tun,RR Sharan,0,0,,LOW
1418176,1,15.3,Myanmar,Cambodia,Thuya Aung,Y Naing Tun,RR Sharan,1,0,,LOW
1418176,1,15.4,Myanmar,Cambodia,Y Naing Tun,Thuya Aung,RR Sharan,0,0,,LOW
1418176,1,15.5,Myanmar,Cambodia,Y Naing Tun,Thuya Aung,RR Sharan,0,2,,LOW
1418176,1,15.6,Myanmar,Cambodia,Thuya Aung,Y Naing Tun,RR Sharan,0,0,,LOW
1418176,1,15.7,Myanmar,Cambodia,Thuya Aung,Y Naing Tun,RR Sharan,1,0,,LOW
1418176,1,16.1,Myanmar,Cambodia,Thuya Aung,Y Naing Tun,S Godara,0,0,,LOW
1418176,1,16.2,Myanmar,Cambodia,Thuya Aung,Y Naing Tun,S Godara,4,0,,HIGH
1418176,1,16.3,Myanmar,Cambodia,Thuya Aung,Y Naing Tun,S Godara,0,0,,LOW
1418176,1,16.4,Myanmar,Cambodia,Thuya Aung,Y Naing Tun,S Godara,0,0,,LOW
1418176,1,16.5,Myanmar,Cambodia,Thuya Aung,Y Naing Tun,S Godara,0,0,,LOW
1418176,1,16.6,Myanmar,Cambodia,Thuya Aung,Y Naing Tun,S Godara,0,0,,LOW
1418176,1,17.1,Myanmar,Cambodia,Y Naing Tun,Thuya Aung,RR Sharan,0,0,caught,LOW
1418176,1,17.2,Myanmar,Cambodia,Nyeing Cham Soe,Thuya Aung,RR Sharan,0,0,,LOW
1418176,1,17.3,Myanmar,Cambodia,Nyeing Cham Soe,Thuya Aung,RR Sharan,0,0,,LOW
1418176,1,17.4,Myanmar,Cambodia,Nyeing Cham Soe,Thuya Aung,RR Sharan,0,2,,LOW
1418176,1,17.5,Myanmar,Cambodia,Thuya Aung,Nyeing Cham Soe,RR Sharan,1,0,,LOW
1418176,1,17.6,Myanmar,Cambodia,Nyeing Cham Soe,Thuya Aung,RR Sharan,0,0,,LOW
1418176,1,17.7,Myanmar,Cambodia,Nyeing Cham Soe,Thuya Aung,RR Sharan,0,1,,LOW
1418176,1,17.8,Myanmar,Cambodia,Nyeing Cham Soe,Thuya Aung,RR Sharan,0,0,,LOW
1418176,1,18.1,Myanmar,Cambodia,Thuya Aung,Nyeing Cham Soe,GC Murtaza,0,0,,LOW
1418176,1,18.2,Myanmar,Cambodia,Thuya Aung,Nyeing Cham Soe,GC Murtaza,0,1,,LOW
1418176,1,18.3,Myanmar,Cambodia,Nyeing Cham Soe,Thuya Aung,GC Murtaza,1,0,,LOW
1418176,1,18.4,Myanmar,Cambodia,Thuya Aung,Nyeing Cham Soe,GC Murtaza,2,0,,HIGH
1418176,1,18.5,Myanmar,Cambodia,Thuya Aung,Nyeing Cham Soe,GC Murtaza,1,0,,LOW
1418176,1,18.6,Myanmar,Cambodia,Nyeing Cham Soe,Thuya Aung,GC Murtaza,0,0,,LOW
1418176,1,19.1,Myanmar,Cambodia,Thuya Aung,Nyeing Cham Soe,Luqman Butt,1,0,,LOW
1418176,1,19.2,Myanmar,Cambodia,Nyeing Cham Soe,Thuya Aung,Luqman Butt,1,0,,LOW
1418176,1,19.3,Myanmar,Cambodia,Thuya Aung,Nyeing Cham Soe,Luqman Butt,0,0,,LOW
1418176,1,19.4,Myanmar,Cambodia,Thuya Aung,Nyeing Cham Soe,Luqman Butt,0,0,run out,LOW
1418176,1,19.5,Myanmar,Cambodia,Aung Ko Ko,Nyeing Cham Soe,Luqman Butt,2,0,,HIGH
1418176,1,19.6,Myanmar,Cambodia,Aung Ko Ko,Nyeing Cham Soe,Luqman Butt,0,0,,LOW
1418176,2,0.1,Cambodia,Myanmar,RR Sharan,US Hathinjar,Paing Danu,0,1,,LOW
1418176,2,0.2,Cambodia,Myanmar,RR Sharan,US Hathinjar,Paing Danu,2,0,,HIGH
1418176,2,0.3,Cambodia,Myanmar,RR Sharan,US Hathinjar,Paing Danu,4,0,,HIGH
1418176,2,0.4,Cambodia,Myanmar,RR Sharan,US Hathinjar,Paing Danu,0,0,run out,LOW
1418176,2,0.5,Cambodia,Myanmar,RR Sharan,Lakshit Gupta,Paing Danu,0,0,,LOW
1418176,2,0.6,Cambodia,Myanmar,RR Sharan,Lakshit Gupta,Paing Danu,0,0,caught,LOW
1418176,2,0.7,Cambodia,Myanmar,Luqman Butt,Lakshit Gupta,Paing Danu,0,0,,LOW
1418176,2,1.1,Cambodia,Myanmar,Lakshit Gupta,Luqman Butt,KK Lin Thu,1,0,,LOW
1418176,2,1.2,Cambodia,Myanmar,Luqman Butt,Lakshit Gupta,KK Lin Thu,0,0,,LOW
1418176,2,1.3,Cambodia,Myanmar,Luqman Butt,Lakshit Gupta,KK Lin Thu,1,0,,LOW
1418176,2,1.4,Cambodia,Myanmar,Lakshit Gupta,Luqman Butt,KK Lin Thu,0,0,,LOW
1418176,2,1.5,Cambodia,Myanmar,Lakshit Gupta,Luqman Butt,KK Lin Thu,1,0,,LOW
1418176,2,1.6,Cambodia,Myanmar,Luqman Butt,Lakshit Gupta,KK Lin Thu,1,0,,LOW
1418176,2,2.1,Cambodia,Myanmar,Luqman Butt,Lakshit Gupta,Paing Danu,0,0,,LOW
1418176,2,2.2,Cambodia,Myanmar,Luqman Butt,Lakshit Gupta,Paing Danu,1,0,,LOW
1418176,2,2.3,Cambodia,Myanmar,Lakshit Gupta,Luqman Butt,Paing Danu,1,0,,LOW
1418176,2,2.4,Cambodia,Myanmar,Luqman Butt,Lakshit Gupta,Paing Danu,0,0,,LOW
1418176,2,2.5,Cambodia,Myanmar,Luqman Butt,Lakshit Gupta,Paing Danu,4,0,,HIGH
1418176,2,2.6,Cambodia,Myanmar,Luqman Butt,Lakshit Gupta,Paing Danu,0,0,,LOW
1418176,2,3.1,Cambodia,Myanmar,Lakshit Gupta,Luqman Butt,KK Lin Thu,0,0,,LOW
1418176,2,3.2,Cambodia,Myanmar,Lakshit Gupta,Luqman Butt,KK Lin Thu,0,0,,LOW
1418176,2,3.3,Cambodia,Myanmar,Lakshit Gupta,Luqman Butt,KK Lin Thu,0,1,,LOW
1418176,2,3.4,Cambodia,Myanmar,Luqman Butt,Lakshit Gupta,KK Lin Thu,1,0,,LOW
1418176,2,3.5,Cambodia,Myanmar,Lakshit Gupta,Luqman Butt,KK Lin Thu,2,0,,HIGH
1418176,2,3.6,Cambodia,Myanmar,Lakshit Gupta,Luqman Butt,KK Lin Thu,0,0,caught,LOW
1418176,2,4.1,Cambodia,Myanmar,Luqman Butt,E Beukes,Paing Danu,0,0,,LOW
1418176,2,4.2,Cambodia,Myanmar,Luqman Butt,E Beukes,Paing Danu,4,0,,HIGH
1418176,2,4.3,Cambodia,Myanmar,Luqman Butt,E Beukes,Paing Danu,4,0,,HIGH
1418176,2,4.4,Cambodia,Myanmar,Luqman Butt,E Beukes,Paing Danu,2,0,,HIGH
1418176,2,4.5,Cambodia,Myanmar,Luqman Butt,E Beukes,Paing Danu,4,0,,HIGH
1418176,2,4.6,Cambodia,Myanmar,Luqman Butt,E Beukes,Paing Danu,0,0,,LOW
1418176,2,5.1,Cambodia,Myanmar,E Beukes,Luqman Butt,KK Lin Thu,0,1,,LOW
1418176,2,5.2,Cambodia,Myanmar,Luqman Butt,E Beukes,KK Lin Thu,0,0,,LOW
1418176,2,5.3,Cambodia,Myanmar,Luqman Butt,E Beukes,KK Lin Thu,0,0,,LOW
1418176,2,5.4,Cambodia,Myanmar,Luqman Butt,E Beukes,KK Lin Thu,0,0,,LOW
1418176,2,5.5,Cambodia,Myanmar,Luqman Butt,E Beukes,KK Lin Thu,1,0,,LOW
1418176,2,5.6,Cambodia,Myanmar,E Beukes,Luqman Butt,KK Lin Thu,0,1,,LOW
1418176,2,5.7,Cambodia,Myanmar,E Beukes,Luqman Butt,KK Lin Thu,0,0,,LOW
1418176,2,6.1,Cambodia,Myanmar,Luqman Butt,E Beukes,Thuya Aung,0,0,,LOW
1418176,2,6.2,Cambodia,Myanmar,Luqman Butt,E Beukes,Thuya Aung,4,0,,HIGH
1418176,2,6.3,Cambodia,Myanmar,Luqman Butt,E Beukes,Thuya Aung,4,0,,HIGH
1418176,2,6.4,Cambodia,Myanmar,Luqman Butt,E Beukes,Thuya Aung,1,0,,LOW
1418176,2,6.5,Cambodia,Myanmar,E Beukes,Luqman Butt,Thuya Aung,0,0,,LOW
1418176,2,6.6,Cambodia,Myanmar,E Beukes,Luqman Butt,Thuya Aung,1,0,,LOW
1418176,2,7.1,Cambodia,Myanmar,E Beukes,Luqman Butt,H Lin Aung,0,0,,LOW
1418176,2,7.2,Cambodia,Myanmar,E Beukes,Luqman Butt,H Lin Aung,0,0,,LOW
1418176,2,7.3,Cambodia,Myanmar,E Beukes,Luqman Butt,H Lin Aung,0,1,,LOW
1418176,2,7.4,Cambodia,Myanmar,E Beukes,Luqman Butt,H Lin Aung,2,0,,HIGH
1418176,2,7.5,Cambodia,Myanmar,E Beukes,Luqman Butt,H Lin Aung,4,0,,HIGH
1418176,2,7.6,Cambodia,Myanmar,E Beukes,Luqman Butt,H Lin Aung,1,0,,LOW
1418176,2,7.7,Cambodia,Myanmar,Luqman Butt,E Beukes,H Lin Aung,0,0,,LOW
1418176,2,8.1,Cambodia,Myanmar,E Beukes,Luqman Butt,H Lin Oo,6,0,,HIGH
1418176,2,8.2,Cambodia,Myanmar,E Beukes,Luqman Butt,H Lin Oo,1,0,,LOW
1418176,2,8.3,Cambodia,Myanmar,Luqman Butt,E Beukes,H Lin Oo,0,0,,LOW
1418176,2,8.4,Cambodia,Myanmar,Luqman Butt,E Beukes,H Lin Oo,4,0,,HIGH
1418176,2,8.5,Cambodia,Myanmar,Luqman Butt,E Beukes,H Lin Oo,1,0,,LOW
1418176,2,8.6,Cambodia,Myanmar,E Beukes,Luqman Butt,H Lin Oo,0,0,,LOW
1418176,2,9.1,Cambodia,Myanmar,Luqman Butt,E Beukes,Pyae Phyo Wai,6,0,,HIGH
1256724,1,0.1,West Indies,England,BA King,KR Mayers,RJW Topley,0,0,,LOW
1256724,1,0.2,West Indies,England,BA King,KR Mayers,RJW Topley,0,0,,LOW
1256724,1,0.3,West Indies,England,BA King,KR Mayers,RJW Topley,0,0,,LOW
1256724,1,0.4,West Indies,England,BA King,KR Mayers,RJW Topley,1,0,,LOW
1256724,1,0.5,West Indies,England,KR Mayers,BA King,RJW Topley,0,1,,LOW
1256724,1,0.6,West Indies,England,BA King,KR Mayers,RJW Topley,1,0,,LOW
1256724,1,1.1,West Indies,England,BA King,KR Mayers,S Mahmood,6,0,,HIGH
1256724,1,1.2,West Indies,England,BA King,KR Mayers,S Mahmood,1,0,,LOW
1256724,1,1.3,West Indies,England,KR Mayers,BA King,S Mahmood,2,0,,HIGH
1256724,1,1.4,West Indies,England,KR Mayers,BA King,S Mahmood,6,0,,HIGH
1256724,1,1.5,West Indies,England,KR Mayers,BA King,S Mahmood,0,0,,LOW
1256724,1,1.6,West Indies,England,KR Mayers,BA King,S Mahmood,4,0,,HIGH
1256724,1,2.1,West Indies,England,BA King,KR Mayers,RJW Topley,4,0,,HIGH
1256724,1,2.2,West Indies,England,BA King,KR Mayers,RJW Topley,1,0,,LOW
1256724,1,2.3,West Indies,England,KR Mayers,BA King,RJW Topley,1,0,,LOW
1256724,1,2.4,West Indies,England,BA King,KR Mayers,RJW Topley,1,0,,LOW
1256724,1,2.5,West Indies,England,KR Mayers,BA King,RJW Topley,1,0,,LOW
1256724,1,2.6,West Indies,England,BA King,KR Mayers,RJW Topley,1,0,,LOW
1256724,1,3.1,West Indies,England,BA King,KR Mayers,MM Ali,0,0,,LOW
1256724,1,3.2,West Indies,England,BA King,KR Mayers,MM Ali,0,0,,LOW
1256724,1,3.3,West Indies,England,BA King,KR Mayers,MM Ali,0,0,,LOW
1256724,1,3.4,West Indies,England,BA King,KR Mayers,MM Ali,1,0,,LOW
1256724,1,3.5,West Indies,England,KR Mayers,BA King,MM Ali,0,1,,LOW
1256724,1,3.6,West Indies,England,BA King,KR Mayers,MM Ali,0,0,,LOW
1256724,1,4.1,West Indies,England,KR Mayers,BA King,CJ Jordan,4,0,,HIGH
1256724,1,4.2,West Indies,England,KR Mayers,BA King,CJ Jordan,0,0,,LOW
1256724,1,4.3,West Indies,England,KR Mayers,BA King,CJ Jordan,6,0,,HIGH
1256724,1,4.4,West Indies,England,KR Mayers,BA King,CJ Jordan,2,0,,HIGH
1256724,1,4.5,West Indies,England,KR Mayers,BA King,CJ Jordan,1,0,,LOW
1256724,1,4.6,West Indies,England,BA King,KR Mayers,CJ Jordan,1,0,,LOW
1256724,1,5.1,West Indies,England,BA King,KR Mayers,MM Ali,6,0,,HIGH
1256724,1,5.2,West Indies,England,BA King,KR Mayers,MM Ali,1,0,,LOW
1256724,1,5.3,West Indies,England,KR Mayers,BA King,MM Ali,0,0,,LOW
1256724,1,5.4,West Indies,England,KR Mayers,BA King,MM Ali,0,0,,LOW
1256724,1,5.5,West Indies,England,KR Mayers,BA King,MM Ali,4,0,,HIGH
1256724,1,5.6,West Indies,England,KR Mayers,BA King,MM Ali,0,0,,LOW
1256724,1,6.1,West Indies,England,BA King,KR Mayers,AU Rashid,0,0,,LOW
1256724,1,6.2,West Indies,England,BA King,KR Mayers,AU Rashid,1,0,,LOW
1256724,1,6.3,West Indies,England,KR Mayers,BA King,AU Rashid,0,0,,LOW
1256724,1,6.4,West Indies,England,KR Mayers,BA King,AU Rashid,0,0,caught,LOW
1256724,1,6.5,West Indies,England,BA King,R Shepherd,AU Rashid,1,0,,LOW
1256724,1,6.6,West Indies,England,R Shepherd,BA King,AU Rashid,0,0,,LOW
1256724,1,7.1,West Indies,England,BA King,R Shepherd,LS Livingstone,1,0,,LOW
1256724,1,7.2,West Indies,England,R Shepherd,BA King,LS Livingstone,6,0,,HIGH
1256724,1,7.3,West Indies,England,R Shepherd,BA King,LS Livingstone,0,0,,LOW
1256724,1,7.4,West Indies,England,R Shepherd,BA King,LS Livingstone,0,0,,LOW
1256724,1,7.5,West Indies,England,R Shepherd,BA King,LS Livingstone,0,0,caught,LOW
1256724,1,7.6,West Indies,England,N Pooran,BA King,LS Livingstone,0,1,,LOW
1256724,1,7.7,West Indies,England,N Pooran,BA King,LS Livingstone,1,0,,LOW
1256724,1,8.1,West Indies,England,N Pooran,BA King,AU Rashid,6,0,,HIGH
1256724,1,8.2,West Indies,England,N Pooran,BA King,AU Rashid,1,0,,LOW
1256724,1,8.3,West Indies,England,BA King,N Pooran,AU Rashid,1,0,,LOW
1256724,1,8.4,West Indies,England,N Pooran,BA King,AU Rashid,1,0,,LOW
1256724,1,8.5,West Indies,England,BA King,N Pooran,AU Rashid,0,0,,LOW
1256724,1,8.6,West Indies,England,BA King,N Pooran,AU Rashid,0,0,,LOW
1256724,1,9.1,West Indies,England,N Pooran,BA King,MM Ali,1,0,,LOW
1256724,1,9.2,West Indies,England,BA King,N Pooran,MM Ali,4,0,,HIGH
1256724,1,9.3,West Indies,England,BA King,N Pooran,MM Ali,0,1,,LOW
1256724,1,9.4,West Indies,England,BA King,N Pooran,MM Ali,0,0,,LOW
1256724,1,9.5,West Indies,England,BA King,N Pooran,MM Ali,0,0,,LOW
1256724,1,9.6,West Indies,England,BA King,N Pooran,MM Ali,1,0,,LOW
1256724,1,9.7,West Indies,England,N Pooran,BA King,MM Ali,1,0,,LOW
1256724,1,10.1,West Indies,England,N Pooran,BA King,LS Livingstone,0,0,,LOW
1256724,1,10.2,West Indies,England,N Pooran,BA King,LS Livingstone,2,0,,HIGH
1256724,1,10.3,West Indies,England,N Pooran,BA King,LS Livingstone,1,0,,LOW
1256724,1,10.4,West Indies,England,BA King,N Pooran,LS Livingstone,0,0,caught,LOW
1256724,1,10.5,West Indies,England,KA Pollard,N Pooran,LS Livingstone,1,0,,LOW
1256724,1,10.6,West Indies,England,N Pooran,KA Pollard,LS Livingstone,0,1,,LOW
1256724,1,11.1,West Indies,England,N Pooran,KA Pollard,AU Rashid,1,0,,LOW
1256724,1,11.2,West Indies,England,KA Pollard,N Pooran,AU Rashid,0,0,,LOW
1256724,1,11.3,West Indies,England,KA Pollard,N Pooran,AU Rashid,1,0,,LOW
1256724,1,11.4,West Indies,England,N Pooran,KA Pollard,AU Rashid,1,0,,LOW
1256724,1,11.5,West Indies,England,KA Pollard,N Pooran,AU Rashid,1,0,,LOW
1256724,1,11.6,West Indies,England,N Pooran,KA Pollard,AU Rashid,0,0,,LOW
1256724,1,12.1,West Indies,England,KA Pollard,N Pooran,CJ Jordan,1,0,,LOW
1256724,1,12.2,West Indies,England,N Pooran,KA Pollard,CJ Jordan,0,0,,LOW
1256724,1,12.3,West Indies,England,N Pooran,KA Pollard,CJ Jordan,1,0,,LOW
1256724,1,12.4,West Indies,England,KA Pollard,N Pooran,CJ Jordan,1,0,,LOW
1256724,1,12.5,West Indies,England,N Pooran,KA Pollard,CJ Jordan,0,0,,LOW
1256724,1,12.6,West Indies,England,N Pooran,KA Pollard,CJ Jordan,1,0,,LOW
1256724,1,13.1,West Indies,England,N Pooran,KA Pollard,LS Livingstone,0,0,,LOW
1256724,1,13.2,West Indies,England,N Pooran,KA Pollard,LS Livingstone,0,1,,LOW
1256724,1,13.3,West Indies,England,N Pooran,KA Pollard,LS Livingstone,0,0,,LOW
1256724,1,13.4,West Indies,England,N Pooran,KA Pollard,LS Livingstone,1,0,,LOW
1256724,1,13.5,West Indies,England,KA Pollard,N Pooran,LS Livingstone,0,0,,LOW
1256724,1,13.6,West Indies,England,KA Pollard,N Pooran,LS Livingstone,1,0,,LOW
1256724,1,13.7,West Indies,England,N Pooran,KA Pollard,LS Livingstone,1,0,,LOW
1256724,1,14.1,West Indies,England,N Pooran,KA Pollard,AU Rashid,0,0,,LOW
1256724,1,14.2,West Indies,England,N Pooran,KA Pollard,AU Rashid,1,0,,LOW
1256724,1,14.3,West Indies,England,KA Pollard,N Pooran,AU Rashid,1,0,,LOW
1256724,1,14.4,West Indies,England,N Pooran,KA Pollard,AU Rashid,0,0,bowled,LOW
1256724,1,14.5,West Indies,England,R Powell,KA Pollard,AU Rashid,0,0,,LOW
1256724,1,14.6,West Indies,England,R Powell,KA Pollard,AU Rashid,0,0,,LOW
1256724,1,15.1,West Indies,England,KA Pollard,R Powell,S Mahmood,0,1,,LOW
1256724,1,15.2,West Indies,England,KA Pollard,R Powell,S Mahmood,2,0,,HIGH
1256724,1,15.3,West Indies,England,KA Pollard,R Powell,S Mahmood,1,0,,LOW
1256724,1,15.4,West Indies,England,R Powell,KA Pollard,S Mahmood,1,0,,LOW
1256724,1,15.5,West Indies,England,KA Pollard,R Powell,S Mahmood,1,0,,LOW
1256724,1,15.6,West Indies,England,R Powell,KA Pollard,S Mahmood,0,1,,LOW
1256724,1,15.7,West Indies,England,R Powell,KA Pollard,S Mahmood,0,0,,LOW
1256724,1,15.8,West Indies,England,R Powell,KA Pollard,S Mahmood,1,0,,LOW
1256724,1,16.1,West Indies,England,R Powell,KA Pollard,RJW Topley,2,0,,HIGH
1256724,1,16.2,West Indies,England,R Powell,KA Pollard,RJW Topley,6,0,,HIGH
1256724,1,16.3,West Indies,England,R Powell,KA Pollard,RJW Topley,1,0,,LOW
1256724,1,16.4,West Indies,England,KA Pollard,R Powell,RJW Topley,4,0,,HIGH
1256724,1,16.5,West Indies,England,KA Pollard,R Powell,RJW Topley,1,0,,LOW
1256724,1,16.6,West Indies,England,R Powell,KA Pollard,RJW Topley,4,0,,HIGH
1256724,1,17.1,West Indies,England,KA Pollard,R Powell,CJ Jordan,1,0,,LOW
1256724,1,17.2,West Indies,England,R Powell,KA Pollard,CJ Jordan,1,0,,LOW
1256724,1,17.3,West Indies,England,KA Pollard,R Powell,CJ Jordan,1,0,,LOW
1256724,1,17.4,West Indies,England,R Powell,KA Pollard,CJ Jordan,6,0,,HIGH
1256724,1,17.5,West Indies,England,R Powell,KA Pollard,CJ Jordan,6,0,,HIGH
1256724,1,17.6,West Indies,England,R Powell,KA Pollard,CJ Jordan,0,0,,LOW
1256724,1,18.1,West Indies,England,KA Pollard,R Powell,RJW Topley,6,0,,HIGH
1256724,1,18.2,West Indies,England,KA Pollard,R Powell,RJW Topley,2,0,,HIGH
1256724,1,18.3,West Indies,England,KA Pollard,R Powell,RJW Topley,2,0,,HIGH
1256724,1,18.4,West Indies,England,KA Pollard,R Powell,RJW Topley,2,0,,HIGH
1256724,1,18.5,West Indies,England,KA Pollard,R Powell,RJW Topley,1,0,,LOW
1256724,1,18.6,West Indies,England,R Powell,KA Pollard,RJW Topley,0,1,,LOW
1256724,1,18.7,West Indies,England,R Powell,KA Pollard,RJW Topley,0,0,,LOW
1256724,1,19.1,West Indies,England,KA Pollard,R Powell,CJ Jordan,6,0,,HIGH
1256724,1,19.2,West Indies,England,KA Pollard,R Powell,CJ Jordan,1,0,,LOW
1256724,1,19.3,West Indies,England,R Powell,KA Pollard,CJ Jordan,6,0,,HIGH
1256724,1,19.4,West Indies,England,R Powell,KA Pollard,CJ Jordan,0,2,,LOW
1256724,1,19.5,West Indies,England,KA Pollard,R Powell,CJ Jordan,2,0,,HIGH
1256724,1,19.6,West Indies,England,KA Pollard,R Powell,CJ Jordan,1,0,,LOW
1256724,1,19.7,West Indies,England,R Powell,KA Pollard,CJ Jordan,1,0,,LOW
1256724,2,0.1,England,West Indies,JJ Roy,T Banton,AJ Hosein,4,0,,HIGH
1256724,2,0.2,England,West Indies,JJ Roy,T Banton,AJ Hosein,4,0,,HIGH
1256724,2,0.3,England,West Indies,JJ Roy,T Banton,AJ Hosein,0,0,,LOW
1256724,2,0.4,England,West Indies,JJ Roy,T Banton,AJ Hosein,0,0,,LOW
1256724,2,0.5,England,West Indies,JJ Roy,T Banton,AJ Hosein,0,0,caught,LOW
1256724,2,0.6,England,West Indies,JM Vince,T Banton,AJ Hosein,2,0,,HIGH
1256724,2,1.1,England,West Indies,T Banton,JM Vince,JO Holder,4,0,,HIGH
1256724,2,1.2,England,West Indies,T Banton,JM Vince,JO Holder,1,0,,LOW
1256724,2,1.3,England,West Indies,JM Vince,T Banton,JO Holder,2,0,,HIGH
1256724,2,1.4,England,West Indies,JM Vince,T Banton,JO Holder,6,0,,HIGH
1256724,2,1.5,England,West Indies,JM Vince,T Banton,JO Holder,0,0,,LOW
1256724,2,1.6,England,West Indies,JM Vince,T Banton,JO Holder,4,0,,HIGH
1256724,2,2.1,England,West Indies,T Banton,JM Vince,SS Cottrell,0,0,,LOW
1256724,2,2.2,England,West Indies,T Banton,JM Vince,SS Cottrell,0,0,,LOW
1256724,2,2.3,England,West Indies,T Banton,JM Vince,SS Cottrell,0,0,,LOW
1256724,2,2.4,England,West Indies,T Banton,JM Vince,SS Cottrell,0,0,,LOW
1256724,2,2.5,England,West Indies,T Banton,JM Vince,SS Cottrell,4,0,,HIGH
1256724,2,2.6,England,West Indies,T Banton,JM Vince,SS Cottrell,1,0,,LOW
1256724,2,3.1,England,West Indies,T Banton,JM Vince,OF Smith,0,1,,LOW
1256724,2,3.2,England,West Indies,T Banton,JM Vince,OF Smith,6,0,,HIGH
1256724,2,3.3,England,West Indies,T Banton,JM Vince,OF Smith,0,1,,LOW
1256724,2,3.4,England,West Indies,T Banton,JM Vince,OF Smith,0,0,,LOW
1256724,2,3.5,England,West Indies,T Banton,JM Vince,OF Smith,0,0,,LOW
1256724,2,3.6,England,West Indies,T Banton,JM Vince,OF Smith,0,0,caught,LOW
1256724,2,3.7,England,West Indies,MM Ali,JM Vince,OF Smith,0,0,,LOW
1256724,2,3.8,England,West Indies,MM Ali,JM Vince,OF Smith,1,0,,LOW
1256724,2,4.1,England,West Indies,MM Ali,JM Vince,SS Cottrell,0,1,,LOW
1256724,2,4.2,England,West Indies,JM Vince,MM Ali,SS Cottrell,2,0,,HIGH
1256724,2,4.3,England,West Indies,JM Vince,MM Ali,SS Cottrell,0,0,,LOW
1256724,2,4.4,England,West Indies,JM Vince,MM Ali,SS Cottrell,4,0,,HIGH
1256724,2,4.5,England,West Indies,JM Vince,MM Ali,SS Cottrell,0,0,,LOW
1256724,2,4.6,England,West Indies,JM Vince,MM Ali,SS Cottrell,4,0,,HIGH
1256724,2,5.1,England,West Indies,MM Ali,JM Vince,OF Smith,0,0,,LOW
1256724,2,5.2,England,West Indies,MM Ali,JM Vince,OF Smith,1,0,,LOW
1256724,2,5.3,England,West Indies,JM Vince,MM Ali,OF Smith,2,0,,HIGH
1256724,2,5.4,England,West Indies,JM Vince,MM Ali,OF Smith,0,0,,LOW
1256724,2,5.5,England,West Indies,JM Vince,MM Ali,OF Smith,1,0,,LOW
1256724,2,5.6,England,West Indies,MM Ali,JM Vince,OF Smith,0,0,,LOW
1256724,2,6.1,England,West Indies,JM Vince,MM Ali,KA Pollard,4,0,,HIGH
1256724,2,6.2,England,West Indies,JM Vince,MM Ali,KA Pollard,1,0,,LOW
1256724,2,6.3,England,West Indies,MM Ali,JM Vince,KA Pollard,0,0,,LOW
1256724,2,6.4,England,West Indies,MM Ali,JM Vince,KA Pollard,0,0,,LOW
1256724,2,6.5,England,West Indies,MM Ali,JM Vince,KA Pollard,0,0,,LOW
1256724,2,6.6,England,West Indies,MM Ali,JM Vince,KA Pollard,1,0,,LOW
1256724,2,7.1,England,West Indies,MM Ali,JM Vince,R Shepherd,1,0,,LOW
1256724,2,7.2,England,West Indies,JM Vince,MM Ali,R Shepherd,1,0,,LOW
1256724,2,7.3,England,West Indies,MM Ali,JM Vince,R Shepherd,0,1,,LOW
1256724,2,7.4,England,West Indies,MM Ali,JM Vince,R Shepherd,2,0,,HIGH
1256724,2,7.5,England,West Indies,MM Ali,JM Vince,R Shepherd,0,0,,LOW
1256724,2,7.6,England,West Indies,MM Ali,JM Vince,R Shepherd,1,0,,LOW
1256724,2,7.7,England,West Indies,JM Vince,MM Ali,R Shepherd,1,0,,LOW
1256724,2,8.1,England,West Indies,JM Vince,MM Ali,KA Pollard,1,0,,LOW
1256724,2,8.2,England,West Indies,MM Ali,JM Vince,KA Pollard,0,1,,LOW
1256724,2,8.3,England,West Indies,MM Ali,JM Vince,KA Pollard,3,0,,HIGH
1256724,2,8.4,England,West Indies,JM Vince,MM Ali,KA Pollard,0,0,,LOW
1256724,2,8.5,England,West Indies,JM Vince,MM Ali,KA Pollard,1,0,,LOW
1256724,2,8.6,England,West Indies,MM Ali,JM Vince,KA Pollard,0,1,,LOW
1256724,2,8.7,England,West Indies,MM Ali,JM Vince,KA Pollard,1,0,,LOW
1256724,2,8.8,England,West Indies,JM Vince,MM Ali,KA Pollard,1,0,,LOW
1256724,2,9.1,England,West Indies,JM Vince,MM Ali,OF Smith,1,0,,LOW
1256724,2,9.2,England,West Indies,MM Ali,JM Vince,OF Smith,2,0,,HIGH
1256724,2,9.3,England,West Indies,MM Ali,JM Vince,OF Smith,1,0,,LOW
1256724,2,9.4,England,West Indies,JM Vince,MM Ali,OF Smith,4,0,,HIGH
1256724,2,9.5,England,West Indies,JM Vince,MM Ali,OF Smith,0,0,,LOW
1256724,2,9.6,England,West Indies,JM Vince,MM Ali,OF Smith,0,0,,LOW
1256724,2,10.1,England,West Indies,MM Ali,JM Vince,JO Holder,0,0,caught,LOW
1256724,2,10.2,England,West Indies,LS Livingstone,JM Vince,JO Holder,1,0,,LOW
1256724,2,10.3,England,West Indies,JM Vince,LS Livingstone,JO Holder,1,0,,LOW
1256724,2,10.4,England,West Indies,LS Livingstone,JM Vince,JO Holder,1,0,,LOW
1256724,2,10.5,England,West Indies,JM Vince,LS Livingstone,JO Holder,1,0,,LOW
1256724,2,10.6,England,West Indies,LS Livingstone,JM Vince,JO Holder,4,0,,HIGH
1256724,2,11.1,England,West Indies,JM Vince,LS Livingstone,AJ Hosein,1,0,,LOW
1256724,2,11.2,England,West Indies,LS Livingstone,JM Vince,AJ Hosein,0,0,caught,LOW
1256724,2,11.3,England,West Indies,SW Billings,JM Vince,AJ Hosein,1,0,,LOW
1256724,2,11.4,England,West Indies,JM Vince,SW Billings,AJ Hosein,2,0,,HIGH
1256724,2,11.5,England,West Indies,JM Vince,SW Billings,AJ Hosein,4,0,,HIGH
1256724,2,11.6,England,West Indies,JM Vince,SW Billings,AJ Hosein,4,0,,HIGH
1256724,2,12.1,England,West Indies,SW Billings,JM Vince,FA Allen,0,0,,LOW
1256724,2,12.2,England,West Indies,SW Billings,JM Vince,FA Allen,2,0,,HIGH
1256724,2,12.3,England,West Indies,SW Billings,JM Vince,FA Allen,2,0,,HIGH
1256724,2,12.4,England,West Indies,SW Billings,JM Vince,FA Allen,1,0,,LOW
1256724,2,12.5,England,West Indies,JM Vince,SW Billings,FA Allen,0,0,,LOW
1256724,2,12.6,England,West Indies,JM Vince,SW Billings,FA Allen,0,0,,LOW
1256724,2,13.1,England,West Indies,SW Billings,JM Vince,AJ Hosein,1,0,,LOW
1256724,2,13.2,England,West Indies,JM Vince,SW Billings,AJ Hosein,0,0,,LOW
1256724,2,13.3,England,West Indies,JM Vince,SW Billings,AJ Hosein,0,0,caught,LOW
1256724,2,13.4,England,West Indies,SW Billings,PD Salt,AJ Hosein,1,0,,LOW
1256724,2,13.5,England,West Indies,PD Salt,SW Billings,AJ Hosein,0,0,,LOW
1256724,2,13.6,England,West Indies,PD Salt,SW Billings,AJ Hosein,1,0,,LOW
1256724,2,14.1,England,West Indies,PD Salt,SW Billings,FA Allen,1,0,,LOW
1256724,2,14.2,England,West Indies,SW Billings,PD Salt,FA Allen,1,0,,LOW
1256724,2,14.3,England,West Indies,PD Salt,SW Billings,FA Allen,0,0,,LOW
1256724,2,14.4,England,West Indies,PD Salt,SW Billings,FA Allen,1,0,,LOW
1256724,2,14.5,England,West Indies,SW Billings,PD Salt,FA Allen,2,0,,HIGH
1256724,2,14.6,England,West Indies,SW Billings,PD Salt,FA Allen,0,0,,LOW
1256724,2,15.1,England,West Indies,PD Salt,SW Billings,AJ Hosein,0,0,stumped,LOW
1256724,2,15.2,England,West Indies,CJ Jordan,SW Billings,AJ Hosein,0,0,,LOW
1256724,2,15.3,England,West Indies,CJ Jordan,SW Billings,AJ Hosein,1,0,,LOW
1256724,2,15.4,England,West Indies,SW Billings,CJ Jordan,AJ Hosein,0,0,,LOW
1256724,2,15.5,England,West Indies,SW Billings,CJ Jordan,AJ Hosein,2,0,,HIGH
1256724,2,15.6,England,West Indies,SW Billings,CJ Jordan,AJ Hosein,2,0,,HIGH
1256724,2,16.1,England,West Indies,CJ Jordan,SW Billings,FA Allen,1,0,,LOW
1256724,2,16.2,England,West Indies,SW Billings,CJ Jordan,FA Allen,1,0,,LOW
1256724,2,16.3,England,West Indies,CJ Jordan,SW Billings,FA Allen,0,0,,LOW
1256724,2,16.4,England,West Indies,CJ Jordan,SW Billings,FA Allen,0,1,,LOW
1256724,2,16.5,England,West Indies,SW Billings,CJ Jordan,FA Allen,4,0,,HIGH
1256724,2,16.6,England,West Indies,SW Billings,CJ Jordan,FA Allen,1,0,,LOW
1256724,2,17.1,England,West Indies,SW Billings,CJ Jordan,OF Smith,0,1,,LOW
1256724,2,17.2,England,West Indies,SW Billings,CJ Jordan,OF Smith,6,0,,HIGH
1256724,2,17.3,England,West Indies,SW Billings,CJ Jordan,OF Smith,2,0,,HIGH
1256724,2,17.4,England,West Indies,SW Billings,CJ Jordan,OF Smith,0,0,,LOW
1256724,2,17.5,England,West Indies,SW Billings,CJ Jordan,OF Smith,6,0,,HIGH
1256724,2,17.6,England,West Indies,SW Billings,CJ Jordan,OF Smith,1,0,,LOW
1256724,2,17.7,England,West Indies,CJ Jordan,SW Billings,OF Smith,4,0,,HIGH
1256724,2,18.1,England,West Indies,SW Billings,CJ Jordan,SS Cottrell,1,0,,LOW
1256724,2,18.2,England,West Indies,CJ Jordan,SW Billings,SS Cottrell,0,0,,LOW
1256724,2,18.3,England,West Indies,CJ Jordan,SW Billings,SS Cottrell,1,0,,LOW
1256724,2,18.4,England,West Indies,SW Billings,CJ Jordan,SS Cottrell,0,2,,LOW
1256724,2,18.5,England,West Indies,SW Billings,CJ Jordan,SS Cottrell,2,1,,HIGH
1256724,2,18.6,England,West Indies,SW Billings,CJ Jordan,SS Cottrell,0,0,,LOW
1256724,2,18.7,England,West Indies,SW Billings,CJ Jordan,SS Cottrell,1,0,,LOW
1256724,2,19.1,England,West Indies,SW Billings,CJ Jordan,JO Holder,1,1,,LOW
1256724,2,19.2,England,West Indies,CJ Jordan,SW Billings,JO Holder,0,0,,LOW
1256724,2,19.3,England,West Indies,CJ Jordan,SW Billings,JO Holder,0,0,caught,LOW
1256724,2,19.4,England,West Indies,SW Billings,AU Rashid,JO Holder,0,0,caught,LOW
1256724,2,19.5,England,West Indies,AU Rashid,S Mahmood,JO Holder,0,0,caught,LOW
1256724,2,19.6,England,West Indies,S Mahmood,RJW Topley,JO Holder,0,0,bowled,LOW
1188786,1,0.1,Tanzania,Uganda,FO Kibasu,M Pascal,E Anyipo,0,0,,LOW
1188786,1,0.2,Tanzania,Uganda,FO Kibasu,M Pascal,E Anyipo,1,0,,LOW
1188786,1,0.3,Tanzania,Uganda,M Pascal,FO Kibasu,E Anyipo,0,1,,LOW
1188786,1,0.4,Tanzania,Uganda,M Pascal,FO Kibasu,E Anyipo,0,0,,LOW
1188786,1,0.5,Tanzania,Uganda,M Pascal,FO Kibasu,E Anyipo,1,0,,LOW
1188786,1,0.6,Tanzania,Uganda,FO Kibasu,M Pascal,E Anyipo,0,1,,LOW
1188786,1,0.7,Tanzania,Uganda,FO Kibasu,M Pascal,E Anyipo,1,0,,LOW
1188786,1,0.8,Tanzania,Uganda,M Pascal,FO Kibasu,E Anyipo,1,0,,LOW
1188786,1,1.1,Tanzania,Uganda,M Pascal,FO Kibasu,I Nakisuuyi,0,0,,LOW
1188786,1,1.2,Tanzania,Uganda,M Pascal,FO Kibasu,I Nakisuuyi,0,0,,LOW
1188786,1,1.3,Tanzania,Uganda,M Pascal,FO Kibasu,I Nakisuuyi,0,0,,LOW
1188786,1,1.4,Tanzania,Uganda,M Pascal,FO Kibasu,I Nakisuuyi,0,0,,LOW
1188786,1,1.5,Tanzania,Uganda,M Pascal,FO Kibasu,I Nakisuuyi,3,0,,HIGH
1188786,1,1.6,Tanzania,Uganda,FO Kibasu,M Pascal,I Nakisuuyi,0,0,,LOW
1188786,1,2.1,Tanzania,Uganda,M Pascal,FO Kibasu,E Anyipo,1,0,,LOW
1188786,1,2.2,Tanzania,Uganda,FO Kibasu,M Pascal,E Anyipo,0,0,,LOW
1188786,1,2.3,Tanzania,Uganda,FO Kibasu,M Pascal,E Anyipo,4,0,,HIGH
1188786,1,2.4,Tanzania,Uganda,FO Kibasu,M Pascal,E Anyipo,0,0,,LOW
1188786,1,2.5,Tanzania,Uganda,FO Kibasu,M Pascal,E Anyipo,0,0,caught,LOW
1188786,1,2.6,Tanzania,Uganda,Hudaa Mohamedi,M Pascal,E Anyipo,1,0,,LOW
1188786,1,3.1,Tanzania,Uganda,Hudaa Mohamedi,M Pascal,I Nakisuuyi,1,0,,LOW
1188786,1,3.2,Tanzania,Uganda,M Pascal,Hudaa Mohamedi,I Nakisuuyi,0,0,,LOW
1188786,1,3.3,Tanzania,Uganda,M Pascal,Hudaa Mohamedi,I Nakisuuyi,1,0,,LOW
1188786,1,3.4,Tanzania,Uganda,Hudaa Mohamedi,M Pascal,I Nakisuuyi,0,0,,LOW
1188786,1,3.5,Tanzania,Uganda,Hudaa Mohamedi,M Pascal,I Nakisuuyi,0,0,,LOW
1188786,1,3.6,Tanzania,Uganda,Hudaa Mohamedi,M Pascal,I Nakisuuyi,0,0,,LOW
1188786,1,4.1,Tanzania,Uganda,M Pascal,Hudaa Mohamedi,E Anyipo,0,0,,LOW
1188786,1,4.2,Tanzania,Uganda,M Pascal,Hudaa Mohamedi,E Anyipo,0,1,,LOW
1188786,1,4.3,Tanzania,Uganda,M Pascal,Hudaa Mohamedi,E Anyipo,0,0,,LOW
1188786,1,4.4,Tanzania,Uganda,M Pascal,Hudaa Mohamedi,E Anyipo,1,0,,LOW
1188786,1,4.5,Tanzania,Uganda,Hudaa Mohamedi,M Pascal,E Anyipo,0,0,,LOW
1188786,1,4.6,Tanzania,Uganda,Hudaa Mohamedi,M Pascal,E Anyipo,0,1,,LOW
1188786,1,4.7,Tanzania,Uganda,M Pascal,Hudaa Mohamedi,E Anyipo,0,0,,LOW
1188786,1,5.1,Tanzania,Uganda,Hudaa Mohamedi,M Pascal,S Nampiina,1,0,,LOW
1188786,1,5.2,Tanzania,Uganda,M Pascal,Hudaa Mohamedi,S Nampiina,0,0,,LOW
1188786,1,5.3,Tanzania,Uganda,M Pascal,Hudaa Mohamedi,S Nampiina,1,0,,LOW
1188786,1,5.4,Tanzania,Uganda,Hudaa Mohamedi,M Pascal,S Nampiina,1,0,,LOW
1188786,1,5.5,Tanzania,Uganda,M Pascal,Hudaa Mohamedi,S Nampiina,1,0,,LOW
1188786,1,5.6,Tanzania,Uganda,Hudaa Mohamedi,M Pascal,S Nampiina,0,0,,LOW
1188786,1,6.1,Tanzania,Uganda,M Pascal,Hudaa Mohamedi,JM Apio,0,0,,LOW
1188786,1,6.2,Tanzania,Uganda,M Pascal,Hudaa Mohamedi,JM Apio,0,0,run out,LOW
1188786,1,6.3,Tanzania,Uganda,NJ Pius,M Pascal,JM Apio,0,0,lbw,LOW
1188786,1,6.4,Tanzania,Uganda,PZ Kamunya,M Pascal,JM Apio,0,0,,LOW
1188786,1,6.5,Tanzania,Uganda,PZ Kamunya,M Pascal,JM Apio,0,0,,LOW
1188786,1,6.6,Tanzania,Uganda,PZ Kamunya,M Pascal,JM Apio,0,0,,LOW
1188786,1,7.1,Tanzania,Uganda,M Pascal,PZ Kamunya,S Nampiina,1,0,,LOW
1188786,1,7.2,Tanzania,Uganda,PZ Kamunya,M Pascal,S Nampiina,4,0,,HIGH
1188786,1,7.3,Tanzania,Uganda,PZ Kamunya,M Pascal,S Nampiina,0,0,caught,LOW
1188786,1,7.4,Tanzania,Uganda,TS Omary,M Pascal,S Nampiina,0,0,,LOW
1188786,1,7.5,Tanzania,Uganda,TS Omary,M Pascal,S Nampiina,1,0,,LOW
1188786,1,7.6,Tanzania,Uganda,M Pascal,TS Omary,S Nampiina,1,0,,LOW
1188786,1,8.1,Tanzania,Uganda,M Pascal,TS Omary,JM Apio,0,0,,LOW
1188786,1,8.2,Tanzania,Uganda,M Pascal,TS Omary,JM Apio,1,0,,LOW
1188786,1,8.3,Tanzania,Uganda,TS Omary,M Pascal,JM Apio,0,2,,LOW
1188786,1,8.4,Tanzania,Uganda,M Pascal,TS Omary,JM Apio,1,0,,LOW
1188786,1,8.5,Tanzania,Uganda,TS Omary,M Pascal,JM Apio,0,0,bowled,LOW
1188786,1,8.6,Tanzania,Uganda,S Mtae,M Pascal,JM Apio,0,0,run out,LOW
1188786,1,8.7,Tanzania,Uganda,NN Saidi,M Pascal,JM Apio,0,0,,LOW
1188786,1,9.1,Tanzania,Uganda,M Pascal,NN Saidi,S Nampiina,0,1,,LOW
1188786,1,9.2,Tanzania,Uganda,M Pascal,NN Saidi,S Nampiina,0,1,,LOW
1188786,1,9.3,Tanzania,Uganda,M Pascal,NN Saidi,S Nampiina,1,0,,LOW
1188786,1,9.4,Tanzania,Uganda,NN Saidi,M Pascal,S Nampiina,0,1,,LOW
1188786,1,9.5,Tanzania,Uganda,NN Saidi,M Pascal,S Nampiina,0,0,,LOW
1188786,1,9.6,Tanzania,Uganda,NN Saidi,M Pascal,S Nampiina,0,0,,LOW
1188786,1,9.7,Tanzania,Uganda,NN Saidi,M Pascal,S Nampiina,2,0,,HIGH
1188786,1,9.8,Tanzania,Uganda,NN Saidi,M Pascal,S Nampiina,1,0,,LOW
1188786,1,9.9,Tanzania,Uganda,M Pascal,NN Saidi,S Nampiina,0,0,,LOW
1188786,1,10.1,Tanzania,Uganda,NN Saidi,M Pascal,JM Apio,1,0,,LOW
1188786,1,10.2,Tanzania,Uganda,M Pascal,NN Saidi,JM Apio,0,0,,LOW
1188786,1,10.3,Tanzania,Uganda,M Pascal,NN Saidi,JM Apio,0,1,,LOW
1188786,1,10.4,Tanzania,Uganda,NN Saidi,M Pascal,JM Apio,0,0,,LOW
1188786,1,10.5,Tanzania,Uganda,NN Saidi,M Pascal,JM Apio,1,0,,LOW
1188786,1,10.6,Tanzania,Uganda,NN Saidi,M Pascal,JM Apio,0,5,,LOW
1188786,1,10.7,Tanzania,Uganda,NN Saidi,M Pascal,JM Apio,0,1,,LOW
1188786,1,10.8,Tanzania,Uganda,NN Saidi,M Pascal,JM Apio,1,0,,LOW
1188786,1,11.1,Tanzania,Uganda,NN Saidi,M Pascal,I Nakisuuyi,2,0,,HIGH
1188786,1,11.2,Tanzania,Uganda,NN Saidi,M Pascal,I Nakisuuyi,1,0,,LOW
1188786,1,11.3,Tanzania,Uganda,M Pascal,NN Saidi,I Nakisuuyi,1,0,,LOW
1188786,1,11.4,Tanzania,Uganda,NN Saidi,M Pascal,I Nakisuuyi,0,0,,LOW
1188786,1,11.5,Tanzania,Uganda,NN Saidi,M Pascal,I Nakisuuyi,1,0,,LOW
1188786,1,11.6,Tanzania,Uganda,M Pascal,NN Saidi,I Nakisuuyi,1,0,,LOW
1188786,1,12.1,Tanzania,Uganda,M Pascal,NN Saidi,S Walaza,4,0,,HIGH
1188786,1,12.2,Tanzania,Uganda,M Pascal,NN Saidi,S Walaza,1,0,,LOW
1188786,1,12.3,Tanzania,Uganda,NN Saidi,M Pascal,S Walaza,1,0,,LOW
1188786,1,12.4,Tanzania,Uganda,M Pascal,NN Saidi,S Walaza,0,0,,LOW
1188786,1,12.5,Tanzania,Uganda,M Pascal,NN Saidi,S Walaza,0,0,,LOW
1188786,1,12.6,Tanzania,Uganda,M Pascal,NN Saidi,S Walaza,1,0,,LOW
1188786,1,13.1,Tanzania,Uganda,M Pascal,NN Saidi,I Nakisuuyi,0,0,,LOW
1188786,1,13.2,Tanzania,Uganda,M Pascal,NN Saidi,I Nakisuuyi,1,0,,LOW
1188786,1,13.3,Tanzania,Uganda,NN Saidi,M Pascal,I Nakisuuyi,1,0,,LOW
1188786,1,13.4,Tanzania,Uganda,M Pascal,NN Saidi,I Nakisuuyi,1,0,,LOW
1188786,1,13.5,Tanzania,Uganda,NN Saidi,M Pascal,I Nakisuuyi,1,0,,LOW
1188786,1,13.6,Tanzania,Uganda,M Pascal,NN Saidi,I Nakisuuyi,4,0,,HIGH
1188786,1,14.1,Tanzania,Uganda,NN Saidi,M Pascal,S Walaza,0,1,,LOW
1188786,1,14.2,Tanzania,Uganda,NN Saidi,M Pascal,S Walaza,0,1,,LOW
1188786,1,14.3,Tanzania,Uganda,NN Saidi,M Pascal,S Walaza,0,0,,LOW
1188786,1,14.4,Tanzania,Uganda,NN Saidi,M Pascal,S Walaza,0,1,,LOW
1188786,1,14.5,Tanzania,Uganda,NN Saidi,M Pascal,S Walaza,0,0,,LOW
1188786,1,14.6,Tanzania,Uganda,NN Saidi,M Pascal,S Walaza,0,0,,LOW
1188786,1,14.7,Tanzania,Uganda,NN Saidi,M Pascal,S Walaza,1,0,,LOW
1188786,1,14.8,Tanzania,Uganda,M Pascal,NN Saidi,S Walaza,1,0,,LOW
1188786,1,14.9,Tanzania,Uganda,NN Saidi,M Pascal,S Walaza,0,0,,LOW
1188786,1,15.1,Tanzania,Uganda,M Pascal,NN Saidi,R Musamali,0,0,,LOW
1188786,1,15.2,Tanzania,Uganda,M Pascal,NN Saidi,R Musamali,4,0,,HIGH
1188786,1,15.3,Tanzania,Uganda,M Pascal,NN Saidi,R Musamali,1,0,,LOW
1188786,1,15.4,Tanzania,Uganda,NN Saidi,M Pascal,R Musamali,0,1,,LOW
1188786,1,15.5,Tanzania,Uganda,NN Saidi,M Pascal,R Musamali,0,0,,LOW
1188786,1,15.6,Tanzania,Uganda,NN Saidi,M Pascal,R Musamali,1,0,,LOW
1188786,1,15.7,Tanzania,Uganda,M Pascal,NN Saidi,R Musamali,4,0,,HIGH
1188786,1,16.1,Tanzania,Uganda,NN Saidi,M Pascal,P Alako,0,0,,LOW
1188786,1,16.2,Tanzania,Uganda,NN Saidi,M Pascal,P Alako,0,0,,LOW
1188786,1,16.3,Tanzania,Uganda,NN Saidi,M Pascal,P Alako,0,0,,LOW
1188786,1,16.4,Tanzania,Uganda,NN Saidi,M Pascal,P Alako,1,0,,LOW
1188786,1,16.5,Tanzania,Uganda,M Pascal,NN Saidi,P Alako,4,0,,HIGH
1188786,1,16.6,Tanzania,Uganda,M Pascal,NN Saidi,P Alako,0,0,,LOW
1188786,1,17.1,Tanzania,Uganda,NN Saidi,M Pascal,R Musamali,0,0,,LOW
1188786,1,17.2,Tanzania,Uganda,NN Saidi,M Pascal,R Musamali,1,0,,LOW
1188786,1,17.3,Tanzania,Uganda,M Pascal,NN Saidi,R Musamali,4,0,,HIGH
1188786,1,17.4,Tanzania,Uganda,M Pascal,NN Saidi,R Musamali,1,0,,LOW
1188786,1,17.5,Tanzania,Uganda,NN Saidi,M Pascal,R Musamali,1,0,,LOW
1188786,1,17.6,Tanzania,Uganda,M Pascal,NN Saidi,R Musamali,4,0,,HIGH
1188786,1,18.1,Tanzania,Uganda,NN Saidi,M Pascal,P Alako,1,0,,LOW
1188786,1,18.2,Tanzania,Uganda,M Pascal,NN Saidi,P Alako,1,0,,LOW
1188786,1,18.3,Tanzania,Uganda,NN Saidi,M Pascal,P Alako,0,0,run out,LOW
1188786,1,18.4,Tanzania,Uganda,M Pascal,W Kevin,P Alako,0,0,caught,LOW
1188786,1,18.5,Tanzania,Uganda,SH Mohamedi,W Kevin,P Alako,0,0,,LOW
1188786,1,18.6,Tanzania,Uganda,SH Mohamedi,W Kevin,P Alako,0,0,,LOW
1188786,1,19.1,Tanzania,Uganda,W Kevin,SH Mohamedi,JM Apio,0,1,,LOW
1188786,1,19.2,Tanzania,Uganda,W Kevin,SH Mohamedi,JM Apio,0,0,,LOW
1188786,1,19.3,Tanzania,Uganda,W Kevin,SH Mohamedi,JM Apio,0,0,,LOW
1188786,1,19.4,Tanzania,Uganda,W Kevin,SH Mohamedi,JM Apio,4,0,,HIGH
1188786,1,19.5,Tanzania,Uganda,W Kevin,SH Mohamedi,JM Apio,0,0,,LOW
1188786,1,19.6,Tanzania,Uganda,W Kevin,SH Mohamedi,JM Apio,0,0,run out,LOW
1188786,1,19.7,Tanzania,Uganda,NO Tindo,W Kevin,JM Apio,1,0,,LOW
1188786,2,0.1,Uganda,Tanzania,D Busingye,P Alako,PZ Kamunya,0,1,,LOW
1188786,2,0.2,Uganda,Tanzania,D Busingye,P Alako,PZ Kamunya,0,0,,LOW
1188786,2,0.3,Uganda,Tanzania,D Busingye,P Alako,PZ Kamunya,0,1,,LOW
1188786,2,0.4,Uganda,Tanzania,D Busingye,P Alako,PZ Kamunya,0,0,,LOW
1188786,2,0.5,Uganda,Tanzania,D Busingye,P Alako,PZ Kamunya,0,0,,LOW
1188786,2,0.6,Uganda,Tanzania,D Busingye,P Alako,PZ Kamunya,0,0,lbw,LOW
1188786,2,0.7,Uganda,Tanzania,R Musamali,P Alako,PZ Kamunya,0,0,,LOW
1188786,2,0.8,Uganda,Tanzania,R Musamali,P Alako,PZ Kamunya,0,0,,LOW
1188786,2,1.1,Uganda,Tanzania,P Alako,R Musamali,NN Saidi,0,0,,LOW
1188786,2,1.2,Uganda,Tanzania,P Alako,R Musamali,NN Saidi,2,0,,HIGH
1188786,2,1.3,Uganda,Tanzania,P Alako,R Musamali,NN Saidi,0,0,,LOW
1188786,2,1.4,Uganda,Tanzania,P Alako,R Musamali,NN Saidi,0,0,,LOW
1188786,2,1.5,Uganda,Tanzania,P Alako,R Musamali,NN Saidi,4,0,,HIGH
1188786,2,1.6,Uganda,Tanzania,P Alako,R Musamali,NN Saidi,0,0,,LOW
1188786,2,2.1,Uganda,Tanzania,R Musamali,P Alako,PZ Kamunya,0,0,,LOW
1188786,2,2.2,Uganda,Tanzania,R Musamali,P Alako,PZ Kamunya,1,0,,LOW
1188786,2,2.3,Uganda,Tanzania,P Alako,R Musamali,PZ Kamunya,0,0,,LOW
1188786,2,2.4,Uganda,Tanzania,P Alako,R Musamali,PZ Kamunya,0,0,caught,LOW
1188786,2,2.5,Uganda,Tanzania,I Nakisuuyi,R Musamali,PZ Kamunya,0,0,,LOW
1188786,2,2.6,Uganda,Tanzania,I Nakisuuyi,R Musamali,PZ Kamunya,0,0,,LOW
1188786,2,3.1,Uganda,Tanzania,R Musamali,I Nakisuuyi,NN Saidi,1,0,,LOW
1188786,2,3.2,Uganda,Tanzania,I Nakisuuyi,R Musamali,NN Saidi,0,0,,LOW
1188786,2,3.3,Uganda,Tanzania,I Nakisuuyi,R Musamali,NN Saidi,2,0,,HIGH
1188786,2,3.4,Uganda,Tanzania,I Nakisuuyi,R Musamali,NN Saidi,3,0,,HIGH
1188786,2,3.5,Uganda,Tanzania,R Musamali,I Nakisuuyi,NN Saidi,0,0,,LOW
1188786,2,3.6,Uganda,Tanzania,R Musamali,I Nakisuuyi,NN Saidi,0,0,,LOW
1188786,2,4.1,Uganda,Tanzania,I Nakisuuyi,R Musamali,PZ Kamunya,1,0,,LOW
1188786,2,4.2,Uganda,Tanzania,R Musamali,I Nakisuuyi,PZ Kamunya,1,0,,LOW
1188786,2,4.3,Uganda,Tanzania,I Nakisuuyi,R Musamali,PZ Kamunya,0,0,,LOW
1188786,2,4.4,Uganda,Tanzania,I Nakisuuyi,R Musamali,PZ Kamunya,4,0,,HIGH
1188786,2,4.5,Uganda,Tanzania,I Nakisuuyi,R Musamali,PZ Kamunya,0,0,,LOW
1188786,2,4.6,Uganda,Tanzania,I Nakisuuyi,R Musamali,PZ Kamunya,0,0,caught,LOW
1188786,2,5.1,Uganda,Tanzania,R Musamali,S Nampiina,TS Omary,0,0,,LOW
1188786,2,5.2,Uganda,Tanzania,R Musamali,S Nampiina,TS Omary,0,1,,LOW
1188786,2,5.3,Uganda,Tanzania,R Musamali,S Nampiina,TS Omary,0,0,,LOW
1188786,2,5.4,Uganda,Tanzania,R Musamali,S Nampiina,TS Omary,4,0,,HIGH
1188786,2,5.5,Uganda,Tanzania,R Musamali,S Nampiina,TS Omary,0,0,,LOW
1188786,2,5.6,Uganda,Tanzania,R Musamali,S Nampiina,TS Omary,0,0,,LOW
1188786,2,5.7,Uganda,Tanzania,R Musamali,S Nampiina,TS Omary,0,0,,LOW
1188786,2,6.1,Uganda,Tanzania,S Nampiina,R Musamali,PZ Kamunya,0,0,,LOW
1188786,2,6.2,Uganda,Tanzania,S Nampiina,R Musamali,PZ Kamunya,4,0,,HIGH
1188786,2,6.3,Uganda,Tanzania,S Nampiina,R Musamali,PZ Kamunya,1,0,,LOW
1188786,2,6.4,Uganda,Tanzania,R Musamali,S Nampiina,PZ Kamunya,0,0,,LOW
1188786,2,6.5,Uganda,Tanzania,R Musamali,S Nampiina,PZ Kamunya,0,0,,LOW
1188786,2,6.6,Uganda,Tanzania,R Musamali,S Nampiina,PZ Kamunya,0,0,,LOW
1188786,2,7.1,Uganda,Tanzania,S Nampiina,R Musamali,TS Omary,0,0,,LOW
1188786,2,7.2,Uganda,Tanzania,S Nampiina,R Musamali,TS Omary,1,0,,LOW
1188786,2,7.3,Uganda,Tanzania,R Musamali,S Nampiina,TS Omary,0,0,,LOW
1188786,2,7.4,Uganda,Tanzania,R Musamali,S Nampiina,TS Omary,1,0,,LOW
1188786,2,7.5,Uganda,Tanzania,S Nampiina,R Musamali,TS Omary,0,0,,LOW
1188786,2,7.6,Uganda,Tanzania,S Nampiina,R Musamali,TS Omary,0,0,,LOW
1188786,2,8.1,Uganda,Tanzania,R Musamali,S Nampiina,FO Kibasu,2,0,,HIGH
1188786,2,8.2,Uganda,Tanzania,R Musamali,S Nampiina,FO Kibasu,0,0,,LOW
1188786,2,8.3,Uganda,Tanzania,R Musamali,S Nampiina,FO Kibasu,1,0,,LOW
1188786,2,8.4,Uganda,Tanzania,S Nampiina,R Musamali,FO Kibasu,0,0,,LOW
1188786,2,8.5,Uganda,Tanzania,S Nampiina,R Musamali,FO Kibasu,0,0,,LOW
1188786,2,8.6,Uganda,Tanzania,S Nampiina,R Musamali,FO Kibasu,1,0,,LOW
1188786,2,9.1,Uganda,Tanzania,S Nampiina,R Musamali,TS Omary,1,0,,LOW
1188786,2,9.2,Uganda,Tanzania,R Musamali,S Nampiina,TS Omary,0,0,,LOW
1188786,2,9.3,Uganda,Tanzania,R Musamali,S Nampiina,TS Omary,1,0,,LOW
1188786,2,9.4,Uganda,Tanzania,S Nampiina,R Musamali,TS Omary,0,0,,LOW
1188786,2,9.5,Uganda,Tanzania,S Nampiina,R Musamali,TS Omary,1,0,,LOW
1188786,2,9.6,Uganda,Tanzania,R Musamali,S Nampiina,TS Omary,1,0,,LOW
1188786,2,10.1,Uganda,Tanzania,R Musamali,S Nampiina,FO Kibasu,1,0,,LOW
1188786,2,10.2,Uganda,Tanzania,S Nampiina,R Musamali,FO Kibasu,1,0,,LOW
1188786,2,10.3,Uganda,Tanzania,R Musamali,S Nampiina,FO Kibasu,2,0,,HIGH
1188786,2,10.4,Uganda,Tanzania,R Musamali,S Nampiina,FO Kibasu,1,0,,LOW
1188786,2,10.5,Uganda,Tanzania,S Nampiina,R Musamali,FO Kibasu,0,0,,LOW
1188786,2,10.6,Uganda,Tanzania,S Nampiina,R Musamali,FO Kibasu,0,0,,LOW
1188786,2,11.1,Uganda,Tanzania,R Musamali,S Nampiina,NO Tindo,1,0,,LOW
1188786,2,11.2,Uganda,Tanzania,S Nampiina,R Musamali,NO Tindo,0,0,,LOW
1188786,2,11.3,Uganda,Tanzania,S Nampiina,R Musamali,NO Tindo,0,0,,LOW
1188786,2,11.4,Uganda,Tanzania,S Nampiina,R Musamali,NO Tindo,2,0,,HIGH
1188786,2,11.5,Uganda,Tanzania,S Nampiina,R Musamali,NO Tindo,1,0,,LOW
1188786,2,11.6,Uganda,Tanzania,R Musamali,S Nampiina,NO Tindo,0,0,,LOW
1188786,2,12.1,Uganda,Tanzania,S Nampiina,R Musamali,FO Kibasu,0,0,,LOW
1188786,2,12.2,Uganda,Tanzania,S Nampiina,R Musamali,FO Kibasu,0,0,bowled,LOW
1188786,2,12.3,Uganda,Tanzania,E Iloku,R Musamali,FO Kibasu,0,0,,LOW
1188786,2,12.4,Uganda,Tanzania,E Iloku,R Musamali,FO Kibasu,1,0,,LOW
1188786,2,12.5,Uganda,Tanzania,R Musamali,E Iloku,FO Kibasu,1,0,,LOW
1188786,2,12.6,Uganda,Tanzania,E Iloku,R Musamali,FO Kibasu,0,0,,LOW
1188786,2,13.1,Uganda,Tanzania,R Musamali,E Iloku,NO Tindo,0,0,stumped,LOW
1188786,2,13.2,Uganda,Tanzania,JM Apio,E Iloku,NO Tindo,0,1,,LOW
1188786,2,13.3,Uganda,Tanzania,JM Apio,E Iloku,NO Tindo,2,0,,HIGH
1188786,2,13.4,Uganda,Tanzania,JM Apio,E Iloku,NO Tindo,0,0,,LOW
1188786,2,13.5,Uganda,Tanzania,JM Apio,E Iloku,NO Tindo,1,0,,LOW
1188786,2,13.6,Uganda,Tanzania,E Iloku,JM Apio,NO Tindo,0,0,,LOW
1188786,2,13.7,Uganda,Tanzania,E Iloku,JM Apio,NO Tindo,0,0,,LOW
1188786,2,14.1,Uganda,Tanzania,JM Apio,E Iloku,FO Kibasu,1,0,,LOW
1188786,2,14.2,Uganda,Tanzania,E Iloku,JM Apio,FO Kibasu,4,0,,HIGH
1188786,2,14.3,Uganda,Tanzania,E Iloku,JM Apio,FO Kibasu,1,0,,LOW
1188786,2,14.4,Uganda,Tanzania,JM Apio,E Iloku,FO Kibasu,0,0,,LOW
1188786,2,14.5,Uganda,Tanzania,JM Apio,E Iloku,FO Kibasu,1,0,,LOW
1188786,2,14.6,Uganda,Tanzania,E Iloku,JM Apio,FO Kibasu,2,0,,HIGH
1188786,2,15.1,Uganda,Tanzania,JM Apio,E Iloku,NO Tindo,1,0,,LOW
1188786,2,15.2,Uganda,Tanzania,E Iloku,JM Apio,NO Tindo,1,0,,LOW
1188786,2,15.3,Uganda,Tanzania,JM Apio,E Iloku,NO Tindo,0,1,,LOW
1188786,2,15.4,Uganda,Tanzania,JM Apio,E Iloku,NO Tindo,2,0,,HIGH
1188786,2,15.5,Uganda,Tanzania,JM Apio,E Iloku,NO Tindo,0,0,bowled,LOW
1188786,2,15.6,Uganda,Tanzania,S Walaza,E Iloku,NO Tindo,1,0,,LOW
1188786,2,15.7,Uganda,Tanzania,E Iloku,S Walaza,NO Tindo,2,0,,HIGH
1188786,2,16.1,Uganda,Tanzania,S Walaza,E Iloku,TS Omary,0,0,,LOW
1188786,2,16.2,Uganda,Tanzania,S Walaza,E Iloku,TS Omary,1,0,,LOW
1188786,2,16.3,Uganda,Tanzania,E Iloku,S Walaza,TS Omary,1,0,,LOW
1188786,2,16.4,Uganda,Tanzania,S Walaza,E Iloku,TS Omary,0,1,,LOW
1188786,2,16.5,Uganda,Tanzania,E Iloku,S Walaza,TS Omary,1,0,,LOW
1188786,2,16.6,Uganda,Tanzania,S Walaza,E Iloku,TS Omary,0,0,bowled,LOW
1188786,2,17.1,Uganda,Tanzania,E Iloku,S Kakai,NO Tindo,2,0,,HIGH
1188786,2,17.2,Uganda,Tanzania,E Iloku,S Kakai,NO Tindo,2,0,,HIGH
1188786,2,17.3,Uganda,Tanzania,E Iloku,S Kakai,NO Tindo,1,0,,LOW
1188786,2,17.4,Uganda,Tanzania,S Kakai,E Iloku,NO Tindo,1,0,,LOW
1188786,2,17.5,Uganda,Tanzania,E Iloku,S Kakai,NO Tindo,4,0,,HIGH
1188786,2,17.6,Uganda,Tanzania,E Iloku,S Kakai,NO Tindo,1,0,,LOW
1188786,2,18.1,Uganda,Tanzania,S Kakai,E Iloku,NN Saidi,0,1,,LOW
1188786,2,18.2,Uganda,Tanzania,S Kakai,E Iloku,NN Saidi,1,0,,LOW
1188786,2,18.3,Uganda,Tanzania,E Iloku,S Kakai,NN Saidi,0,0,,LOW
1188786,2,18.4,Uganda,Tanzania,E Iloku,S Kakai,NN Saidi,4,0,,HIGH
1188786,2,18.5,Uganda,Tanzania,E Iloku,S Kakai,NN Saidi,4,0,,HIGH
1188786,2,18.6,Uganda,Tanzania,E Iloku,S Kakai,NN Saidi,1,0,,LOW
1188786,2,18.7,Uganda,Tanzania,S Kakai,E Iloku,NN Saidi,0,0,caught,LOW
1188786,2,19.1,Uganda,Tanzania,E Iloku,E Anyipo,W Kevin,2,0,,HIGH
1188786,2,19.2,Uganda,Tanzania,E Iloku,E Anyipo,W Kevin,0,0,,LOW
1188786,2,19.3,Uganda,Tanzania,E Iloku,E Anyipo,W Kevin,2,0,,HIGH
1188786,2,19.4,Uganda,Tanzania,E Iloku,E Anyipo,W Kevin,0,1,,LOW
1188786,2,19.5,Uganda,Tanzania,E Iloku,E Anyipo,W Kevin,1,0,run out,LOW
1188786,2,19.6,Uganda,Tanzania,E Iloku,M Kagoya,W Kevin,1,0,,LOW
1188786,2,19.7,Uganda,Tanzania,M Kagoya,E Iloku,W Kevin,2,0,,HIGH
1201668,1,0.1,Portugal,Spain,Tariq Aziz,Arslan Ahmed,Raja Adeel,0,0,run out,LOW
1201668,1,0.2,Portugal,Spain,Zohaib Sarwar,Arslan Ahmed,Raja Adeel,0,0,bowled,LOW
1201668,1,0.3,Portugal,Spain,Aamer Ikram,Arslan Ahmed,Raja Adeel,0,0,,LOW
1201668,1,0.4,Portugal,Spain,Aamer Ikram,Arslan Ahmed,Raja Adeel,1,0,,LOW
1201668,1,0.5,Portugal,Spain,Arslan Ahmed,Aamer Ikram,Raja Adeel,1,0,,LOW
1201668,1,0.6,Portugal,Spain,Aamer Ikram,Arslan Ahmed,Raja Adeel,0,0,,LOW
1201668,1,1.1,Portugal,Spain,Arslan Ahmed,Aamer Ikram,R Panchal,2,0,,HIGH
1201668,1,1.2,Portugal,Spain,Arslan Ahmed,Aamer Ikram,R Panchal,0,0,,LOW
1201668,1,1.3,Portugal,Spain,Arslan Ahmed,Aamer Ikram,R Panchal,1,0,,LOW
1201668,1,1.4,Portugal,Spain,Aamer Ikram,Arslan Ahmed,R Panchal,0,0,,LOW
1201668,1,1.5,Portugal,Spain,Aamer Ikram,Arslan Ahmed,R Panchal,0,0,,LOW
1201668,1,1.6,Portugal,Spain,Aamer Ikram,Arslan Ahmed,R Panchal,0,0,,LOW
1201668,1,2.1,Portugal,Spain,Arslan Ahmed,Aamer Ikram,Raja Adeel,0,0,,LOW
1201668,1,2.2,Portugal,Spain,Arslan Ahmed,Aamer Ikram,Raja Adeel,0,0,,LOW
1201668,1,2.3,Portugal,Spain,Arslan Ahmed,Aamer Ikram,Raja Adeel,0,0,,LOW
1201668,1,2.4,Portugal,Spain,Arslan Ahmed,Aamer Ikram,Raja Adeel,0,0,,LOW
1201668,1,2.5,Portugal,Spain,Arslan Ahmed,Aamer Ikram,Raja Adeel,0,0,,LOW
1201668,1,2.6,Portugal,Spain,Arslan Ahmed,Aamer Ikram,Raja Adeel,2,0,,HIGH
1201668,1,3.1,Portugal,Spain,Aamer Ikram,Arslan Ahmed,R Panchal,0,0,,LOW
1201668,1,3.2,Portugal,Spain,Aamer Ikram,Arslan Ahmed,R Panchal,0,0,,LOW
1201668,1,3.3,Portugal,Spain,Aamer Ikram,Arslan Ahmed,R Panchal,1,0,,LOW
1201668,1,3.4,Portugal,Spain,Arslan Ahmed,Aamer Ikram,R Panchal,0,0,,LOW
1201668,1,3.5,Portugal,Spain,Arslan Ahmed,Aamer Ikram,R Panchal,4,0,,HIGH
1201668,1,3.6,Portugal,Spain,Arslan Ahmed,Aamer Ikram,R Panchal,0,0,,LOW
1201668,1,4.1,Portugal,Spain,Aamer Ikram,Arslan Ahmed,Raja Adeel,0,0,,LOW
1201668,1,4.2,Portugal,Spain,Aamer Ikram,Arslan Ahmed,Raja Adeel,0,0,,LOW
1201668,1,4.3,Portugal,Spain,Aamer Ikram,Arslan Ahmed,Raja Adeel,0,0,,LOW
1201668,1,4.4,Portugal,Spain,Aamer Ikram,Arslan Ahmed,Raja Adeel,0,0,,LOW
1201668,1,4.5,Portugal,Spain,Aamer Ikram,Arslan Ahmed,Raja Adeel,0,0,,LOW
1201668,1,4.6,Portugal,Spain,Aamer Ikram,Arslan Ahmed,Raja Adeel,2,0,,HIGH
1201668,1,5.1,Portugal,Spain,Arslan Ahmed,Aamer Ikram,R Panchal,0,1,,LOW
1201668,1,5.2,Portugal,Spain,Arslan Ahmed,Aamer Ikram,R Panchal,0,0,,LOW
1201668,1,5.3,Portugal,Spain,Arslan Ahmed,Aamer Ikram,R Panchal,0,0,,LOW
1201668,1,5.4,Portugal,Spain,Arslan Ahmed,Aamer Ikram,R Panchal,1,0,,LOW
1201668,1,5.5,Portugal,Spain,Aamer Ikram,Arslan Ahmed,R Panchal,0,0,,LOW
1201668,1,5.6,Portugal,Spain,Aamer Ikram,Arslan Ahmed,R Panchal,0,0,,LOW
1201668,1,5.7,Portugal,Spain,Aamer Ikram,Arslan Ahmed,R Panchal,0,1,,LOW
1201668,1,5.8,Portugal,Spain,Aamer Ikram,Arslan Ahmed,R Panchal,0,1,,LOW
1201668,1,6.1,Portugal,Spain,Aamer Ikram,Arslan Ahmed,Raja Adeel,1,0,,LOW
1201668,1,6.2,Portugal,Spain,Arslan Ahmed,Aamer Ikram,Raja Adeel,0,0,,LOW
1201668,1,6.3,Portugal,Spain,Arslan Ahmed,Aamer Ikram,Raja Adeel,0,0,,LOW
1201668,1,6.4,Portugal,Spain,Arslan Ahmed,Aamer Ikram,Raja Adeel,0,0,,LOW
1201668,1,6.5,Portugal,Spain,Arslan Ahmed,Aamer Ikram,Raja Adeel,0,1,,LOW
1201668,1,6.6,Portugal,Spain,Arslan Ahmed,Aamer Ikram,Raja Adeel,0,0,,LOW
1201668,1,6.7,Portugal,Spain,Arslan Ahmed,Aamer Ikram,Raja Adeel,0,0,,LOW
1201668,1,7.1,Portugal,Spain,Aamer Ikram,Arslan Ahmed,Farzan Afzal,0,0,,LOW
1201668,1,7.2,Portugal,Spain,Aamer Ikram,Arslan Ahmed,Farzan Afzal,1,0,,LOW
1201668,1,7.3,Portugal,Spain,Arslan Ahmed,Aamer Ikram,Farzan Afzal,0,0,lbw,LOW
1201668,1,7.4,Portugal,Spain,Mian Mehmood,Aamer Ikram,Farzan Afzal,0,0,,LOW
1201668,1,7.5,Portugal,Spain,Mian Mehmood,Aamer Ikram,Farzan Afzal,1,0,,LOW
1201668,1,7.6,Portugal,Spain,Aamer Ikram,Mian Mehmood,Farzan Afzal,0,0,,LOW
1201668,1,8.1,Portugal,Spain,Mian Mehmood,Aamer Ikram,Kuldeep Lal,0,0,,LOW
1201668,1,8.2,Portugal,Spain,Mian Mehmood,Aamer Ikram,Kuldeep Lal,1,0,,LOW
1201668,1,8.3,Portugal,Spain,Aamer Ikram,Mian Mehmood,Kuldeep Lal,4,0,,HIGH
1201668,1,8.4,Portugal,Spain,Aamer Ikram,Mian Mehmood,Kuldeep Lal,0,0,,LOW
1201668,1,8.5,Portugal,Spain,Aamer Ikram,Mian Mehmood,Kuldeep Lal,6,0,,HIGH
1201668,1,8.6,Portugal,Spain,Aamer Ikram,Mian Mehmood,Kuldeep Lal,6,0,,HIGH
1201668,1,9.1,Portugal,Spain,Mian Mehmood,Aamer Ikram,Farzan Afzal,1,0,,LOW
1201668,1,9.2,Portugal,Spain,Aamer Ikram,Mian Mehmood,Farzan Afzal,0,0,,LOW
1201668,1,9.3,Portugal,Spain,Aamer Ikram,Mian Mehmood,Farzan Afzal,1,0,,LOW
1201668,1,9.4,Portugal,Spain,Mian Mehmood,Aamer Ikram,Farzan Afzal,1,0,,LOW
1201668,1,9.5,Portugal,Spain,Aamer Ikram,Mian Mehmood,Farzan Afzal,0,0,bowled,LOW
1201668,1,9.6,Portugal,Spain,P Buccimazza,Mian Mehmood,Farzan Afzal,1,0,,LOW
1201668,1,10.1,Portugal,Spain,P Buccimazza,Mian Mehmood,TC Vine,0,0,bowled,LOW
1201668,1,10.2,Portugal,Spain,Najjam Shahzad,Mian Mehmood,TC Vine,1,0,,LOW
1201668,1,10.3,Portugal,Spain,Mian Mehmood,Najjam Shahzad,TC Vine,1,0,,LOW
1201668,1,10.4,Portugal,Spain,Najjam Shahzad,Mian Mehmood,TC Vine,0,0,,LOW
1201668,1,10.5,Portugal,Spain,Najjam Shahzad,Mian Mehmood,TC Vine,1,0,,LOW
1201668,1,10.6,Portugal,Spain,Mian Mehmood,Najjam Shahzad,TC Vine,0,0,,LOW
1201668,1,11.1,Portugal,Spain,Najjam Shahzad,Mian Mehmood,Farzan Afzal,1,0,,LOW
1201668,1,11.2,Portugal,Spain,Mian Mehmood,Najjam Shahzad,Farzan Afzal,1,0,,LOW
1201668,1,11.3,Portugal,Spain,Najjam Shahzad,Mian Mehmood,Farzan Afzal,0,0,,LOW
1201668,1,11.4,Portugal,Spain,Najjam Shahzad,Mian Mehmood,Farzan Afzal,0,0,,LOW
1201668,1,11.5,Portugal,Spain,Najjam Shahzad,Mian Mehmood,Farzan Afzal,0,0,run out,LOW
1201668,1,11.6,Portugal,Spain,Najjam Shahzad,F Stoman,Farzan Afzal,1,0,,LOW
1201668,1,12.1,Portugal,Spain,Najjam Shahzad,F Stoman,TC Vine,0,0,,LOW
1201668,1,12.2,Portugal,Spain,Najjam Shahzad,F Stoman,TC Vine,0,0,,LOW
1201668,1,12.3,Portugal,Spain,Najjam Shahzad,F Stoman,TC Vine,1,0,,LOW
1201668,1,12.4,Portugal,Spain,F Stoman,Najjam Shahzad,TC Vine,1,0,,LOW
1201668,1,12.5,Portugal,Spain,Najjam Shahzad,F Stoman,TC Vine,0,0,,LOW
1201668,1,12.6,Portugal,Spain,Najjam Shahzad,F Stoman,TC Vine,1,0,,LOW
1201668,1,13.1,Portugal,Spain,Najjam Shahzad,F Stoman,Farzan Afzal,0,0,,LOW
1201668,1,13.2,Portugal,Spain,Najjam Shahzad,F Stoman,Farzan Afzal,1,0,,LOW
1201668,1,13.3,Portugal,Spain,F Stoman,Najjam Shahzad,Farzan Afzal,0,0,,LOW
1201668,1,13.4,Portugal,Spain,F Stoman,Najjam Shahzad,Farzan Afzal,4,0,,HIGH
1201668,1,13.5,Portugal,Spain,F Stoman,Najjam Shahzad,Farzan Afzal,0,0,,LOW
1201668,1,13.6,Portugal,Spain,F Stoman,Najjam Shahzad,Farzan Afzal,0,0,,LOW
1201668,1,14.1,Portugal,Spain,Najjam Shahzad,F Stoman,TC Vine,1,0,,LOW
1201668,1,14.2,Portugal,Spain,F Stoman,Najjam Shahzad,TC Vine,0,0,,LOW
1201668,1,14.3,Portugal,Spain,F Stoman,Najjam Shahzad,TC Vine,0,0,,LOW
1201668,1,14.4,Portugal,Spain,F Stoman,Najjam Shahzad,TC Vine,1,0,,LOW
1201668,1,14.5,Portugal,Spain,Najjam Shahzad,F Stoman,TC Vine,1,0,,LOW
1201668,1,14.6,Portugal,Spain,F Stoman,Najjam Shahzad,TC Vine,1,0,,LOW
1201668,1,15.1,Portugal,Spain,F Stoman,Najjam Shahzad,Atif Mehmood,1,0,,LOW
1201668,1,15.2,Portugal,Spain,Najjam Shahzad,F Stoman,Atif Mehmood,1,0,,LOW
1201668,1,15.3,Portugal,Spain,F Stoman,Najjam Shahzad,Atif Mehmood,0,0,,LOW
1201668,1,15.4,Portugal,Spain,F Stoman,Najjam Shahzad,Atif Mehmood,0,0,,LOW
1201668,1,15.5,Portugal,Spain,F Stoman,Najjam Shahzad,Atif Mehmood,1,0,,LOW
1201668,1,15.6,Portugal,Spain,Najjam Shahzad,F Stoman,Atif Mehmood,1,0,,LOW
1201668,1,16.1,Portugal,Spain,Najjam Shahzad,F Stoman,Yasir Ali,1,0,,LOW
1201668,1,16.2,Portugal,Spain,F Stoman,Najjam Shahzad,Yasir Ali,0,0,,LOW
1201668,1,16.3,Portugal,Spain,F Stoman,Najjam Shahzad,Yasir Ali,0,0,,LOW
1201668,1,16.4,Portugal,Spain,F Stoman,Najjam Shahzad,Yasir Ali,1,0,,LOW
1201668,1,16.5,Portugal,Spain,Najjam Shahzad,F Stoman,Yasir Ali,0,1,,LOW
1201668,1,16.6,Portugal,Spain,Najjam Shahzad,F Stoman,Yasir Ali,0,0,,LOW
1201668,1,16.7,Portugal,Spain,Najjam Shahzad,F Stoman,Yasir Ali,1,0,,LOW
1201668,1,17.1,Portugal,Spain,Najjam Shahzad,F Stoman,Atif Mehmood,1,0,,LOW
1201668,1,17.2,Portugal,Spain,F Stoman,Najjam Shahzad,Atif Mehmood,0,0,,LOW
1201668,1,17.3,Portugal,Spain,F Stoman,Najjam Shahzad,Atif Mehmood,1,0,,LOW
1201668,1,17.4,Portugal,Spain,Najjam Shahzad,F Stoman,Atif Mehmood,1,0,,LOW
1201668,1,17.5,Portugal,Spain,F Stoman,Najjam Shahzad,Atif Mehmood,0,0,,LOW
1201668,1,17.6,Portugal,Spain,F Stoman,Najjam Shahzad,Atif Mehmood,1,0,,LOW
1201668,1,18.1,Portugal,Spain,F Stoman,Najjam Shahzad,Yasir Ali,1,0,,LOW
1201668,1,18.2,Portugal,Spain,Najjam Shahzad,F Stoman,Yasir Ali,0,0,,LOW
1201668,1,18.3,Portugal,Spain,Najjam Shahzad,F Stoman,Yasir Ali,4,0,,HIGH
1201668,1,18.4,Portugal,Spain,Najjam Shahzad,F Stoman,Yasir Ali,1,0,,LOW
1201668,1,18.5,Portugal,Spain,F Stoman,Najjam Shahzad,Yasir Ali,0,0,,LOW
1201668,1,18.6,Portugal,Spain,F Stoman,Najjam Shahzad,Yasir Ali,0,0,,LOW
1201668,1,19.1,Portugal,Spain,Najjam Shahzad,F Stoman,Atif Mehmood,1,0,,LOW
1201668,1,19.2,Portugal,Spain,F Stoman,Najjam Shahzad,Atif Mehmood,0,0,caught,LOW
1201668,1,19.3,Portugal,Spain,Najjam Shahzad,Imran Khan (4),Atif Mehmood,4,0,,HIGH
1201668,1,19.4,Portugal,Spain,Najjam Shahzad,Imran Khan (4),Atif Mehmood,1,0,,LOW
1201668,1,19.5,Portugal,Spain,Imran Khan (4),Najjam Shahzad,Atif Mehmood,1,0,,LOW
1201668,1,19.6,Portugal,Spain,Najjam Shahzad,Imran Khan (4),Atif Mehmood,1,0,,LOW
1201668,2,0.1,Spain,Portugal,Farzan Afzal,PD Hennessy,Fakhrul Mohon,0,0,,LOW
1201668,2,0.2,Spain,Portugal,Farzan Afzal,PD Hennessy,Fakhrul Mohon,0,0,,LOW
1201668,2,0.3,Spain,Portugal,Farzan Afzal,PD Hennessy,Fakhrul Mohon,0,0,,LOW
1201668,2,0.4,Spain,Portugal,Farzan Afzal,PD Hennessy,Fakhrul Mohon,0,0,,LOW
1201668,2,0.5,Spain,Portugal,Farzan Afzal,PD Hennessy,Fakhrul Mohon,0,1,,LOW
1201668,2,0.6,Spain,Portugal,PD Hennessy,Farzan Afzal,Fakhrul Mohon,0,1,,LOW
1201668,2,1.1,Spain,Portugal,PD Hennessy,Farzan Afzal,Ali Naqi,0,0,,LOW
1201668,2,1.2,Spain,Portugal,PD Hennessy,Farzan Afzal,Ali Naqi,1,0,,LOW
1201668,2,1.3,Spain,Portugal,Farzan Afzal,PD Hennessy,Ali Naqi,0,0,,LOW
1201668,2,1.4,Spain,Portugal,Farzan Afzal,PD Hennessy,Ali Naqi,0,1,,LOW
1201668,2,1.5,Spain,Portugal,Farzan Afzal,PD Hennessy,Ali Naqi,0,0,,LOW
1201668,2,1.6,Spain,Portugal,Farzan Afzal,PD Hennessy,Ali Naqi,1,0,,LOW
1201668,2,1.7,Spain,Portugal,PD Hennessy,Farzan Afzal,Ali Naqi,0,0,,LOW
1201668,2,2.1,Spain,Portugal,Farzan Afzal,PD Hennessy,Fakhrul Mohon,1,0,,LOW
1201668,2,2.2,Spain,Portugal,PD Hennessy,Farzan Afzal,Fakhrul Mohon,1,0,,LOW
1201668,2,2.3,Spain,Portugal,Farzan Afzal,PD Hennessy,Fakhrul Mohon,2,0,,HIGH
1201668,2,2.4,Spain,Portugal,Farzan Afzal,PD Hennessy,Fakhrul Mohon,0,0,,LOW
1201668,2,2.5,Spain,Portugal,Farzan Afzal,PD Hennessy,Fakhrul Mohon,0,1,,LOW
1201668,2,2.6,Spain,Portugal,PD Hennessy,Farzan Afzal,Fakhrul Mohon,1,0,,LOW
1201668,2,3.1,Spain,Portugal,PD Hennessy,Farzan Afzal,Ali Naqi,0,0,,LOW
1201668,2,3.2,Spain,Portugal,PD Hennessy,Farzan Afzal,Ali Naqi,0,0,,LOW
1201668,2,3.3,Spain,Portugal,PD Hennessy,Farzan Afzal,Ali Naqi,1,1,,LOW
1201668,2,3.4,Spain,Portugal,Farzan Afzal,PD Hennessy,Ali Naqi,6,0,,HIGH
1201668,2,3.5,Spain,Portugal,Farzan Afzal,PD Hennessy,Ali Naqi,0,0,,LOW
1201668,2,3.6,Spain,Portugal,Farzan Afzal,PD Hennessy,Ali Naqi,2,0,,HIGH
1201668,2,3.7,Spain,Portugal,Farzan Afzal,PD Hennessy,Ali Naqi,1,0,,LOW
1201668,2,4.1,Spain,Portugal,Farzan Afzal,PD Hennessy,Fakhrul Mohon,0,0,,LOW
1201668,2,4.2,Spain,Portugal,Farzan Afzal,PD Hennessy,Fakhrul Mohon,1,0,,LOW
1201668,2,4.3,Spain,Portugal,PD Hennessy,Farzan Afzal,Fakhrul Mohon,6,0,,HIGH
1201668,2,4.4,Spain,Portugal,PD Hennessy,Farzan Afzal,Fakhrul Mohon,1,0,,LOW
1201668,2,4.5,Spain,Portugal,Farzan Afzal,PD Hennessy,Fakhrul Mohon,1,0,,LOW
1201668,2,4.6,Spain,Portugal,PD Hennessy,Farzan Afzal,Fakhrul Mohon,0,1,,LOW
1201668,2,4.7,Spain,Portugal,PD Hennessy,Farzan Afzal,Fakhrul Mohon,1,0,,LOW
1201668,2,5.1,Spain,Portugal,PD Hennessy,Farzan Afzal,Tariq Aziz,1,0,,LOW
1201668,2,5.2,Spain,Portugal,Farzan Afzal,PD Hennessy,Tariq Aziz,0,2,,LOW
1201668,2,5.3,Spain,Portugal,PD Hennessy,Farzan Afzal,Tariq Aziz,1,0,,LOW
1201668,2,5.4,Spain,Portugal,Farzan Afzal,PD Hennessy,Tariq Aziz,0,0,,LOW
1201668,2,5.5,Spain,Portugal,Farzan Afzal,PD Hennessy,Tariq Aziz,0,0,bowled,LOW
1201668,2,5.6,Spain,Portugal,Yasir Ali,PD Hennessy,Tariq Aziz,1,0,,LOW
1201668,2,5.7,Spain,Portugal,PD Hennessy,Yasir Ali,Tariq Aziz,1,0,,LOW
1201668,2,6.1,Spain,Portugal,PD Hennessy,Yasir Ali,P Buccimazza,4,0,,HIGH
1201668,2,6.2,Spain,Portugal,PD Hennessy,Yasir Ali,P Buccimazza,4,0,,HIGH
1201668,2,6.3,Spain,Portugal,PD Hennessy,Yasir Ali,P Buccimazza,0,0,,LOW
1201668,2,6.4,Spain,Portugal,PD Hennessy,Yasir Ali,P Buccimazza,0,0,,LOW
1201668,2,6.5,Spain,Portugal,PD Hennessy,Yasir Ali,P Buccimazza,1,0,,LOW
1201668,2,6.6,Spain,Portugal,Yasir Ali,PD Hennessy,P Buccimazza,0,0,,LOW
1201668,2,7.1,Spain,Portugal,PD Hennessy,Yasir Ali,Tariq Aziz,0,0,,LOW
1201668,2,7.2,Spain,Portugal,PD Hennessy,Yasir Ali,Tariq Aziz,6,0,,HIGH
1201668,2,7.3,Spain,Portugal,PD Hennessy,Yasir Ali,Tariq Aziz,4,0,,HIGH
1201668,2,7.4,Spain,Portugal,PD Hennessy,Yasir Ali,Tariq Aziz,0,0,,LOW
1201668,2,7.5,Spain,Portugal,PD Hennessy,Yasir Ali,Tariq Aziz,0,0,,LOW
1201668,2,7.6,Spain,Portugal,PD Hennessy,Yasir Ali,Tariq Aziz,2,0,,HIGH
1201668,2,8.1,Spain,Portugal,Yasir Ali,PD Hennessy,P Buccimazza,1,0,,LOW
1201668,2,8.2,Spain,Portugal,PD Hennessy,Yasir Ali,P Buccimazza,1,0,,LOW
1201668,2,8.3,Spain,Portugal,Yasir Ali,PD Hennessy,P Buccimazza,0,0,,LOW
1201668,2,8.4,Spain,Portugal,Yasir Ali,PD Hennessy,P Buccimazza,0,0,,LOW
1201668,2,8.5,Spain,Portugal,Yasir Ali,PD Hennessy,P Buccimazza,1,0,,LOW
1201668,2,8.6,Spain,Portugal,PD Hennessy,Yasir Ali,P Buccimazza,0,0,,LOW
1201668,2,9.1,Spain,Portugal,Yasir Ali,PD Hennessy,Tariq Aziz,0,0,,LOW
1201668,2,9.2,Spain,Portugal,Yasir Ali,PD Hennessy,Tariq Aziz,1,0,,LOW
1201668,2,9.3,Spain,Portugal,PD Hennessy,Yasir Ali,Tariq Aziz,1,0,,LOW
1201668,2,9.4,Spain,Portugal,Yasir Ali,PD Hennessy,Tariq Aziz,1,0,,LOW
1201668,2,9.5,Spain,Portugal,PD Hennessy,Yasir Ali,Tariq Aziz,0,0,bowled,LOW
1201668,2,9.6,Spain,Portugal,R Panchal,Yasir Ali,Tariq Aziz,0,0,,LOW
1201668,2,10.1,Spain,Portugal,Yasir Ali,R Panchal,P Buccimazza,2,0,,HIGH
1201668,2,10.2,Spain,Portugal,Yasir Ali,R Panchal,P Buccimazza,0,0,,LOW
1201668,2,10.3,Spain,Portugal,Yasir Ali,R Panchal,P Buccimazza,0,0,,LOW
1201668,2,10.4,Spain,Portugal,Yasir Ali,R Panchal,P Buccimazza,0,0,,LOW
1201668,2,10.5,Spain,Portugal,Yasir Ali,R Panchal,P Buccimazza,0,0,,LOW
1201668,2,10.6,Spain,Portugal,Yasir Ali,R Panchal,P Buccimazza,1,0,,LOW
1201668,2,11.1,Spain,Portugal,Yasir Ali,R Panchal,Tariq Aziz,0,0,,LOW
1201668,2,11.2,Spain,Portugal,Yasir Ali,R Panchal,Tariq Aziz,2,0,,HIGH
1201668,2,11.3,Spain,Portugal,Yasir Ali,R Panchal,Tariq Aziz,1,0,,LOW
1201668,2,11.4,Spain,Portugal,R Panchal,Yasir Ali,Tariq Aziz,1,0,,LOW
1201668,2,11.5,Spain,Portugal,Yasir Ali,R Panchal,Tariq Aziz,0,0,,LOW
1201668,2,11.6,Spain,Portugal,Yasir Ali,R Panchal,Tariq Aziz,1,0,,LOW
1201668,2,12.1,Spain,Portugal,Yasir Ali,R Panchal,P Buccimazza,2,0,,HIGH
1201668,2,12.2,Spain,Portugal,Yasir Ali,R Panchal,P Buccimazza,1,0,,LOW
1201668,2,12.3,Spain,Portugal,R Panchal,Yasir Ali,P Buccimazza,1,0,,LOW
1201668,2,12.4,Spain,Portugal,Yasir Ali,R Panchal,P Buccimazza,0,0,,LOW
1201668,2,12.5,Spain,Portugal,Yasir Ali,R Panchal,P Buccimazza,0,0,,LOW
1201668,2,12.6,Spain,Portugal,Yasir Ali,R Panchal,P Buccimazza,1,0,,LOW
1201668,2,13.1,Spain,Portugal,Yasir Ali,R Panchal,Zohaib Sarwar,4,0,,HIGH
1201668,2,13.2,Spain,Portugal,Yasir Ali,R Panchal,Zohaib Sarwar,1,0,,LOW
1201668,2,13.3,Spain,Portugal,R Panchal,Yasir Ali,Zohaib Sarwar,0,0,,LOW
1201668,2,13.4,Spain,Portugal,R Panchal,Yasir Ali,Zohaib Sarwar,0,0,,LOW
1201668,2,13.5,Spain,Portugal,R Panchal,Yasir Ali,Zohaib Sarwar,1,0,,LOW
1201668,2,13.6,Spain,Portugal,Yasir Ali,R Panchal,Zohaib Sarwar,1,0,,LOW
1201668,2,14.1,Spain,Portugal,Yasir Ali,R Panchal,Najjam Shahzad,1,0,,LOW
1201668,2,14.2,Spain,Portugal,R Panchal,Yasir Ali,Najjam Shahzad,2,0,,HIGH
1177020,1,0.1,South Africa,Pakistan,L Lee,T Brits,Sana Mir,0,0,,LOW
1177020,1,0.2,South Africa,Pakistan,L Lee,T Brits,Sana Mir,1,0,,LOW
1177020,1,0.3,South Africa,Pakistan,T Brits,L Lee,Sana Mir,0,0,,LOW
1177020,1,0.4,South Africa,Pakistan,T Brits,L Lee,Sana Mir,2,0,,HIGH
1177020,1,0.5,South Africa,Pakistan,T Brits,L Lee,Sana Mir,0,0,,LOW
1177020,1,0.6,South Africa,Pakistan,T Brits,L Lee,Sana Mir,0,0,,LOW
1177020,1,1.1,South Africa,Pakistan,L Lee,T Brits,Aliya Riaz,0,0,,LOW
1177020,1,1.2,South Africa,Pakistan,L Lee,T Brits,Aliya Riaz,1,0,,LOW
1177020,1,1.3,South Africa,Pakistan,T Brits,L Lee,Aliya Riaz,4,0,,HIGH
1177020,1,1.4,South Africa,Pakistan,T Brits,L Lee,Aliya Riaz,0,0,,LOW
1177020,1,1.5,South Africa,Pakistan,T Brits,L Lee,Aliya Riaz,4,0,,HIGH
1177020,1,1.6,South Africa,Pakistan,T Brits,L Lee,Aliya Riaz,0,0,run out,LOW
1177020,1,2.1,South Africa,Pakistan,N de Klerk,T Brits,Nida Dar,0,0,,LOW
1177020,1,2.2,South Africa,Pakistan,N de Klerk,T Brits,Nida Dar,0,0,,LOW
1177020,1,2.3,South Africa,Pakistan,N de Klerk,T Brits,Nida Dar,0,0,,LOW
1177020,1,2.4,South Africa,Pakistan,N de Klerk,T Brits,Nida Dar,0,0,,LOW
1177020,1,2.5,South Africa,Pakistan,N de Klerk,T Brits,Nida Dar,0,0,,LOW
1177020,1,2.6,South Africa,Pakistan,N de Klerk,T Brits,Nida Dar,4,0,,HIGH
1177020,1,3.1,South Africa,Pakistan,T Brits,N de Klerk,Nashra Sandhu,0,0,,LOW
1177020,1,3.2,South Africa,Pakistan,T Brits,N de Klerk,Nashra Sandhu,4,0,,HIGH
1177020,1,3.3,South Africa,Pakistan,T Brits,N de Klerk,Nashra Sandhu,0,0,,LOW
1177020,1,3.4,South Africa,Pakistan,T Brits,N de Klerk,Nashra Sandhu,0,0,,LOW
1177020,1,3.5,South Africa,Pakistan,T Brits,N de Klerk,Nashra Sandhu,1,0,,LOW
1177020,1,3.6,South Africa,Pakistan,N de Klerk,T Brits,Nashra Sandhu,2,0,,HIGH
1177020,1,4.1,South Africa,Pakistan,T Brits,N de Klerk,Sana Mir,0,0,,LOW
1177020,1,4.2,South Africa,Pakistan,T Brits,N de Klerk,Sana Mir,1,0,,LOW
1177020,1,4.3,South Africa,Pakistan,N de Klerk,T Brits,Sana Mir,0,0,,LOW
1177020,1,4.4,South Africa,Pakistan,N de Klerk,T Brits,Sana Mir,0,0,,LOW
1177020,1,4.5,South Africa,Pakistan,N de Klerk,T Brits,Sana Mir,2,0,,HIGH
1177020,1,4.6,South Africa,Pakistan,N de Klerk,T Brits,Sana Mir,0,0,,LOW
1177020,1,5.1,South Africa,Pakistan,T Brits,N de Klerk,Aliya Riaz,0,0,,LOW
1177020,1,5.2,South Africa,Pakistan,T Brits,N de Klerk,Aliya Riaz,0,0,,LOW
1177020,1,5.3,South Africa,Pakistan,T Brits,N de Klerk,Aliya Riaz,0,0,,LOW
1177020,1,5.4,South Africa,Pakistan,T Brits,N de Klerk,Aliya Riaz,4,0,,HIGH
1177020,1,5.5,South Africa,Pakistan,T Brits,N de Klerk,Aliya Riaz,0,0,,LOW
1177020,1,5.6,South Africa,Pakistan,T Brits,N de Klerk,Aliya Riaz,1,0,,LOW
1177020,1,6.1,South Africa,Pakistan,T Brits,N de Klerk,Rameen Shamim,0,0,,LOW
1177020,1,6.2,South Africa,Pakistan,T Brits,N de Klerk,Rameen Shamim,0,0,,LOW
1177020,1,6.3,South Africa,Pakistan,T Brits,N de Klerk,Rameen Shamim,1,0,,LOW
1177020,1,6.4,South Africa,Pakistan,N de Klerk,T Brits,Rameen Shamim,3,0,,HIGH
1177020,1,6.5,South Africa,Pakistan,T Brits,N de Klerk,Rameen Shamim,0,0,,LOW
1177020,1,6.6,South Africa,Pakistan,T Brits,N de Klerk,Rameen Shamim,1,0,,LOW
1177020,1,7.1,South Africa,Pakistan,T Brits,N de Klerk,Nashra Sandhu,0,0,,LOW
1177020,1,7.2,South Africa,Pakistan,T Brits,N de Klerk,Nashra Sandhu,4,0,,HIGH
1177020,1,7.3,South Africa,Pakistan,T Brits,N de Klerk,Nashra Sandhu,0,0,,LOW
1177020,1,7.4,South Africa,Pakistan,T Brits,N de Klerk,Nashra Sandhu,0,0,,LOW
1177020,1,7.5,South Africa,Pakistan,T Brits,N de Klerk,Nashra Sandhu,1,0,,LOW
1177020,1,7.6,South Africa,Pakistan,N de Klerk,T Brits,Nashra Sandhu,4,0,,HIGH
1177020,1,8.1,South Africa,Pakistan,T Brits,N de Klerk,Rameen Shamim,1,0,,LOW
1177020,1,8.2,South Africa,Pakistan,N de Klerk,T Brits,Rameen Shamim,0,0,,LOW
1177020,1,8.3,South Africa,Pakistan,N de Klerk,T Brits,Rameen Shamim,0,0,,LOW
1177020,1,8.4,South Africa,Pakistan,N de Klerk,T Brits,Rameen Shamim,1,0,,LOW
1177020,1,8.5,South Africa,Pakistan,T Brits,N de Klerk,Rameen Shamim,0,0,,LOW
1177020,1,8.6,South Africa,Pakistan,T Brits,N de Klerk,Rameen Shamim,0,0,,LOW
1177020,1,9.1,South Africa,Pakistan,N de Klerk,T Brits,Kainat Imtiaz,0,0,,LOW
1177020,1,9.2,South Africa,Pakistan,N de Klerk,T Brits,Kainat Imtiaz,0,0,,LOW
1177020,1,9.3,South Africa,Pakistan,N de Klerk,T Brits,Kainat Imtiaz,1,0,,LOW
1177020,1,9.4,South Africa,Pakistan,T Brits,N de Klerk,Kainat Imtiaz,4,0,,HIGH
1177020,1,9.5,South Africa,Pakistan,T Brits,N de Klerk,Kainat Imtiaz,1,0,,LOW
1177020,1,9.6,South Africa,Pakistan,N de Klerk,T Brits,Kainat Imtiaz,1,0,,LOW
1177020,1,10.1,South Africa,Pakistan,N de Klerk,T Brits,Nida Dar,1,0,,LOW
1177020,1,10.2,South Africa,Pakistan,T Brits,N de Klerk,Nida Dar,1,0,,LOW
1177020,1,10.3,South Africa,Pakistan,N de Klerk,T Brits,Nida Dar,4,0,,HIGH
1177020,1,10.4,South Africa,Pakistan,N de Klerk,T Brits,Nida Dar,0,0,,LOW
1177020,1,10.5,South Africa,Pakistan,N de Klerk,T Brits,Nida Dar,0,0,,LOW
1177020,1,10.6,South Africa,Pakistan,N de Klerk,T Brits,Nida Dar,1,0,,LOW
1177020,1,11.1,South Africa,Pakistan,N de Klerk,T Brits,Kainat Imtiaz,0,0,,LOW
1177020,1,11.2,South Africa,Pakistan,N de Klerk,T Brits,Kainat Imtiaz,1,0,,LOW
1177020,1,11.3,South Africa,Pakistan,T Brits,N de Klerk,Kainat Imtiaz,2,0,,HIGH
1177020,1,11.4,South Africa,Pakistan,T Brits,N de Klerk,Kainat Imtiaz,4,0,,HIGH
1177020,1,11.5,South Africa,Pakistan,T Brits,N de Klerk,Kainat Imtiaz,2,0,,HIGH
1177020,1,11.6,South Africa,Pakistan,T Brits,N de Klerk,Kainat Imtiaz,0,0,,LOW
1177020,1,12.1,South Africa,Pakistan,N de Klerk,T Brits,Bismah Maroof,0,0,,LOW
1177020,1,12.2,South Africa,Pakistan,N de Klerk,T Brits,Bismah Maroof,1,0,,LOW
1177020,1,12.3,South Africa,Pakistan,T Brits,N de Klerk,Bismah Maroof,4,0,,HIGH
1177020,1,12.4,South Africa,Pakistan,T Brits,N de Klerk,Bismah Maroof,1,0,,LOW
1177020,1,12.5,South Africa,Pakistan,N de Klerk,T Brits,Bismah Maroof,1,0,,LOW
1177020,1,12.6,South Africa,Pakistan,T Brits,N de Klerk,Bismah Maroof,1,0,,LOW
1177020,1,13.1,South Africa,Pakistan,T Brits,N de Klerk,Sana Mir,0,0,,LOW
1177020,1,13.2,South Africa,Pakistan,T Brits,N de Klerk,Sana Mir,0,0,,LOW
1177020,1,13.3,South Africa,Pakistan,T Brits,N de Klerk,Sana Mir,2,0,,HIGH
1177020,1,13.4,South Africa,Pakistan,T Brits,N de Klerk,Sana Mir,1,0,,LOW
1177020,1,13.5,South Africa,Pakistan,N de Klerk,T Brits,Sana Mir,3,0,,HIGH
1177020,1,13.6,South Africa,Pakistan,T Brits,N de Klerk,Sana Mir,1,0,,LOW
1177020,1,14.1,South Africa,Pakistan,T Brits,N de Klerk,Rameen Shamim,1,0,,LOW
1177020,1,14.2,South Africa,Pakistan,N de Klerk,T Brits,Rameen Shamim,0,0,,LOW
1177020,1,14.3,South Africa,Pakistan,N de Klerk,T Brits,Rameen Shamim,2,0,,HIGH
1177020,1,14.4,South Africa,Pakistan,N de Klerk,T Brits,Rameen Shamim,4,0,,HIGH
1177020,1,14.5,South Africa,Pakistan,N de Klerk,T Brits,Rameen Shamim,0,0,caught,LOW
1177020,1,14.6,South Africa,Pakistan,T Brits,CL Tryon,Rameen Shamim,1,0,,LOW
1177020,1,15.1,South Africa,Pakistan,T Brits,CL Tryon,Aliya Riaz,1,0,,LOW
1177020,1,15.2,South Africa,Pakistan,CL Tryon,T Brits,Aliya Riaz,0,0,,LOW
1177020,1,15.3,South Africa,Pakistan,CL Tryon,T Brits,Aliya Riaz,0,0,lbw,LOW
1177020,1,15.4,South Africa,Pakistan,S Luus,T Brits,Aliya Riaz,0,1,,LOW
1177020,1,15.5,South Africa,Pakistan,T Brits,S Luus,Aliya Riaz,0,0,,LOW
1177020,1,15.6,South Africa,Pakistan,T Brits,S Luus,Aliya Riaz,0,0,,LOW
1177020,1,16.1,South Africa,Pakistan,S Luus,T Brits,Rameen Shamim,1,0,,LOW
1177020,1,16.2,South Africa,Pakistan,T Brits,S Luus,Rameen Shamim,0,0,,LOW
1177020,1,16.3,South Africa,Pakistan,T Brits,S Luus,Rameen Shamim,1,0,,LOW
1177020,1,16.4,South Africa,Pakistan,S Luus,T Brits,Rameen Shamim,2,0,,HIGH
1177020,1,16.5,South Africa,Pakistan,S Luus,T Brits,Rameen Shamim,0,0,,LOW
1177020,1,16.6,South Africa,Pakistan,S Luus,T Brits,Rameen Shamim,1,0,,LOW
1177020,1,17.1,South Africa,Pakistan,S Luus,T Brits,Nashra Sandhu,0,0,,LOW
1177020,1,17.2,South Africa,Pakistan,S Luus,T Brits,Nashra Sandhu,0,1,,LOW
1177020,1,17.3,South Africa,Pakistan,S Luus,T Brits,Nashra Sandhu,0,0,,LOW
1177020,1,17.4,South Africa,Pakistan,S Luus,T Brits,Nashra Sandhu,4,0,,HIGH
1177020,1,17.5,South Africa,Pakistan,S Luus,T Brits,Nashra Sandhu,4,0,,HIGH
1177020,1,17.6,South Africa,Pakistan,S Luus,T Brits,Nashra Sandhu,2,0,,HIGH
1177020,1,17.7,South Africa,Pakistan,S Luus,T Brits,Nashra Sandhu,4,0,,HIGH
1177020,1,18.1,South Africa,Pakistan,T Brits,S Luus,Sana Mir,1,0,,LOW
1177020,1,18.2,South Africa,Pakistan,S Luus,T Brits,Sana Mir,4,0,,HIGH
1177020,1,18.3,South Africa,Pakistan,S Luus,T Brits,Sana Mir,1,0,,LOW
1177020,1,18.4,South Africa,Pakistan,T Brits,S Luus,Sana Mir,0,0,,LOW
1177020,1,18.5,South Africa,Pakistan,T Brits,S Luus,Sana Mir,4,0,,HIGH
1177020,1,18.6,South Africa,Pakistan,T Brits,S Luus,Sana Mir,2,0,,HIGH
1177020,1,19.1,South Africa,Pakistan,S Luus,T Brits,Aliya Riaz,4,0,,HIGH
1177020,1,19.2,South Africa,Pakistan,S Luus,T Brits,Aliya Riaz,0,0,,LOW
1177020,1,19.3,South Africa,Pakistan,S Luus,T Brits,Aliya Riaz,0,0,,LOW
1177020,1,19.4,South Africa,Pakistan,S Luus,T Brits,Aliya Riaz,0,0,,LOW
1177020,1,19.5,South Africa,Pakistan,S Luus,T Brits,Aliya Riaz,1,0,,LOW
1177020,1,19.6,South Africa,Pakistan,T Brits,S Luus,Aliya Riaz,6,0,,HIGH
1177020,2,0.1,Pakistan,South Africa,Javeria Khan,Umaima Sohail,S Ismail,0,0,,LOW
1177020,2,0.2,Pakistan,South Africa,Javeria Khan,Umaima Sohail,S Ismail,0,0,caught,LOW
1177020,2,0.3,Pakistan,South Africa,Bismah Maroof,Umaima Sohail,S Ismail,0,0,,LOW
1177020,2,0.4,Pakistan,South Africa,Bismah Maroof,Umaima Sohail,S Ismail,1,0,,LOW
1177020,2,0.5,Pakistan,South Africa,Umaima Sohail,Bismah Maroof,S Ismail,0,0,,LOW
1177020,2,0.6,Pakistan,South Africa,Umaima Sohail,Bismah Maroof,S Ismail,2,0,,HIGH
1177020,2,1.1,Pakistan,South Africa,Bismah Maroof,Umaima Sohail,M Daniels,0,0,,LOW
1177020,2,1.2,Pakistan,South Africa,Bismah Maroof,Umaima Sohail,M Daniels,0,0,,LOW
1177020,2,1.3,Pakistan,South Africa,Bismah Maroof,Umaima Sohail,M Daniels,0,0,bowled,LOW
1177020,2,1.4,Pakistan,South Africa,Nida Dar,Umaima Sohail,M Daniels,0,0,,LOW
1177020,2,1.5,Pakistan,South Africa,Nida Dar,Umaima Sohail,M Daniels,0,0,,LOW
1177020,2,1.6,Pakistan,South Africa,Nida Dar,Umaima Sohail,M Daniels,0,0,,LOW
1177020,2,2.1,Pakistan,South Africa,Umaima Sohail,Nida Dar,S Ismail,0,0,,LOW
1177020,2,2.2,Pakistan,South Africa,Umaima Sohail,Nida Dar,S Ismail,0,0,,LOW
1177020,2,2.3,Pakistan,South Africa,Umaima Sohail,Nida Dar,S Ismail,0,0,,LOW
1177020,2,2.4,Pakistan,South Africa,Umaima Sohail,Nida Dar,S Ismail,0,0,bowled,LOW
1177020,2,2.5,Pakistan,South Africa,Iram Javed,Nida Dar,S Ismail,0,0,,LOW
1177020,2,2.6,Pakistan,South Africa,Iram Javed,Nida Dar,S Ismail,1,0,,LOW
1177020,2,3.1,Pakistan,South Africa,Iram Javed,Nida Dar,M Daniels,1,0,,LOW
1177020,2,3.2,Pakistan,South Africa,Nida Dar,Iram Javed,M Daniels,0,0,,LOW
1177020,2,3.3,Pakistan,South Africa,Nida Dar,Iram Javed,M Daniels,2,0,,HIGH
1177020,2,3.4,Pakistan,South Africa,Nida Dar,Iram Javed,M Daniels,0,0,,LOW
1177020,2,3.5,Pakistan,South Africa,Nida Dar,Iram Javed,M Daniels,0,0,,LOW
1177020,2,3.6,Pakistan,South Africa,Nida Dar,Iram Javed,M Daniels,0,0,,LOW
1177020,2,4.1,Pakistan,South Africa,Iram Javed,Nida Dar,S Ismail,0,0,,LOW
1177020,2,4.2,Pakistan,South Africa,Iram Javed,Nida Dar,S Ismail,0,0,,LOW
1177020,2,4.3,Pakistan,South Africa,Iram Javed,Nida Dar,S Ismail,1,0,,LOW
1177020,2,4.4,Pakistan,South Africa,Nida Dar,Iram Javed,S Ismail,0,0,,LOW
1177020,2,4.5,Pakistan,South Africa,Nida Dar,Iram Javed,S Ismail,0,1,,LOW
1177020,2,4.6,Pakistan,South Africa,Nida Dar,Iram Javed,S Ismail,0,0,,LOW
1177020,2,4.7,Pakistan,South Africa,Nida Dar,Iram Javed,S Ismail,0,0,,LOW
1177020,2,5.1,Pakistan,South Africa,Iram Javed,Nida Dar,N de Klerk,0,2,,LOW
1177020,2,5.2,Pakistan,South Africa,Nida Dar,Iram Javed,N de Klerk,1,0,,LOW
1177020,2,5.3,Pakistan,South Africa,Iram Javed,Nida Dar,N de Klerk,0,0,,LOW
1177020,2,5.4,Pakistan,South Africa,Iram Javed,Nida Dar,N de Klerk,1,0,,LOW
1177020,2,5.5,Pakistan,South Africa,Nida Dar,Iram Javed,N de Klerk,4,0,,HIGH
1177020,2,5.6,Pakistan,South Africa,Nida Dar,Iram Javed,N de Klerk,1,0,,LOW
1177020,2,5.7,Pakistan,South Africa,Iram Javed,Nida Dar,N de Klerk,4,0,,HIGH
1177020,2,6.1,Pakistan,South Africa,Nida Dar,Iram Javed,S Luus,0,0,,LOW
1177020,2,6.2,Pakistan,South Africa,Nida Dar,Iram Javed,S Luus,4,0,,HIGH
1177020,2,6.3,Pakistan,South Africa,Nida Dar,Iram Javed,S Luus,1,0,,LOW
1177020,2,6.4,Pakistan,South Africa,Iram Javed,Nida Dar,S Luus,0,1,,LOW
1177020,2,6.5,Pakistan,South Africa,Nida Dar,Iram Javed,S Luus,0,0,,LOW
1177020,2,6.6,Pakistan,South Africa,Nida Dar,Iram Javed,S Luus,0,2,,LOW
1177020,2,6.7,Pakistan,South Africa,Iram Javed,Nida Dar,S Luus,1,0,,LOW
1177020,2,7.1,Pakistan,South Africa,Iram Javed,Nida Dar,TS Sekhukhune,0,0,,LOW
1177020,2,7.2,Pakistan,South Africa,Iram Javed,Nida Dar,TS Sekhukhune,4,0,,HIGH
1177020,2,7.3,Pakistan,South Africa,Iram Javed,Nida Dar,TS Sekhukhune,4,0,,HIGH
1177020,2,7.4,Pakistan,South Africa,Iram Javed,Nida Dar,TS Sekhukhune,1,0,,LOW
1177020,2,7.5,Pakistan,South Africa,Nida Dar,Iram Javed,TS Sekhukhune,1,0,,LOW
1177020,2,7.6,Pakistan,South Africa,Iram Javed,Nida Dar,TS Sekhukhune,1,0,,LOW
1177020,2,8.1,Pakistan,South Africa,Iram Javed,Nida Dar,S Luus,6,0,,HIGH
1177020,2,8.2,Pakistan,South Africa,Iram Javed,Nida Dar,S Luus,1,0,,LOW
1177020,2,8.3,Pakistan,South Africa,Nida Dar,Iram Javed,S Luus,4,0,,HIGH
1177020,2,8.4,Pakistan,South Africa,Nida Dar,Iram Javed,S Luus,6,0,,HIGH
1177020,2,8.5,Pakistan,South Africa,Nida Dar,Iram Javed,S Luus,1,0,,LOW
1177020,2,8.6,Pakistan,South Africa,Iram Javed,Nida Dar,S Luus,1,0,,LOW
1177020,2,9.1,Pakistan,South Africa,Iram Javed,Nida Dar,TS Sekhukhune,2,0,,HIGH
1177020,2,9.2,Pakistan,South Africa,Iram Javed,Nida Dar,TS Sekhukhune,0,0,,LOW
1177020,2,9.3,Pakistan,South Africa,Iram Javed,Nida Dar,TS Sekhukhune,0,0,,LOW
1177020,2,9.4,Pakistan,South Africa,Iram Javed,Nida Dar,TS Sekhukhune,4,0,,HIGH
1177020,2,9.5,Pakistan,South Africa,Iram Javed,Nida Dar,TS Sekhukhune,0,0,,LOW
1177020,2,9.6,Pakistan,South Africa,Iram Javed,Nida Dar,TS Sekhukhune,4,0,,HIGH
1177020,2,10.1,Pakistan,South Africa,Nida Dar,Iram Javed,N Shangase,4,0,,HIGH
1177020,2,10.2,Pakistan,South Africa,Nida Dar,Iram Javed,N Shangase,1,0,,LOW
1177020,2,10.3,Pakistan,South Africa,Iram Javed,Nida Dar,N Shangase,0,0,,LOW
1177020,2,10.4,Pakistan,South Africa,Iram Javed,Nida Dar,N Shangase,1,0,,LOW
1177020,2,10.5,Pakistan,South Africa,Nida Dar,Iram Javed,N Shangase,1,0,,LOW
1177020,2,10.6,Pakistan,South Africa,Iram Javed,Nida Dar,N Shangase,0,0,,LOW
1177020,2,11.1,Pakistan,South Africa,Nida Dar,Iram Javed,M Daniels,1,0,,LOW
1177020,2,11.2,Pakistan,South Africa,Iram Javed,Nida Dar,M Daniels,0,0,,LOW
1177020,2,11.3,Pakistan,South Africa,Iram Javed,Nida Dar,M Daniels,1,0,,LOW
1177020,2,11.4,Pakistan,South Africa,Nida Dar,Iram Javed,M Daniels,0,0,bowled,LOW
1177020,2,11.5,Pakistan,South Africa,Aliya Riaz,Iram Javed,M Daniels,0,0,,LOW
1177020,2,11.6,Pakistan,South Africa,Aliya Riaz,Iram Javed,M Daniels,0,0,,LOW
1177020,2,12.1,Pakistan,South Africa,Iram Javed,Aliya Riaz,CL Tryon,0,0,,LOW
1177020,2,12.2,Pakistan,South Africa,Iram Javed,Aliya Riaz,CL Tryon,1,0,,LOW
1177020,2,12.3,Pakistan,South Africa,Aliya Riaz,Iram Javed,CL Tryon,0,0,,LOW
1177020,2,12.4,Pakistan,South Africa,Aliya Riaz,Iram Javed,CL Tryon,1,0,,LOW
1177020,2,12.5,Pakistan,South Africa,Iram Javed,Aliya Riaz,CL Tryon,1,0,,LOW
1177020,2,12.6,Pakistan,South Africa,Aliya Riaz,Iram Javed,CL Tryon,4,0,,HIGH
1177020,2,13.1,Pakistan,South Africa,Iram Javed,Aliya Riaz,TS Sekhukhune,1,0,,LOW
1177020,2,13.2,Pakistan,South Africa,Aliya Riaz,Iram Javed,TS Sekhukhune,0,0,,LOW
1177020,2,13.3,Pakistan,South Africa,Aliya Riaz,Iram Javed,TS Sekhukhune,0,0,,LOW
1177020,2,13.4,Pakistan,South Africa,Aliya Riaz,Iram Javed,TS Sekhukhune,4,0,,HIGH
1177020,2,13.5,Pakistan,South Africa,Aliya Riaz,Iram Javed,TS Sekhukhune,0,0,,LOW
1177020,2,13.6,Pakistan,South Africa,Aliya Riaz,Iram Javed,TS Sekhukhune,0,0,,LOW
1177020,2,14.1,Pakistan,South Africa,Iram Javed,Aliya Riaz,N de Klerk,0,0,,LOW
1177020,2,14.2,Pakistan,South Africa,Iram Javed,Aliya Riaz,N de Klerk,0,0,,LOW
1177020,2,14.3,Pakistan,South Africa,Iram Javed,Aliya Riaz,N de Klerk,1,0,,LOW
1177020,2,14.4,Pakistan,South Africa,Aliya Riaz,Iram Javed,N de Klerk,1,0,,LOW
1177020,2,14.5,Pakistan,South Africa,Iram Javed,Aliya Riaz,N de Klerk,4,0,,HIGH
1177020,2,14.6,Pakistan,South Africa,Iram Javed,Aliya Riaz,N de Klerk,4,0,,HIGH
1177020,2,15.1,Pakistan,South Africa,Aliya Riaz,Iram Javed,TS Sekhukhune,4,0,,HIGH
1177020,2,15.2,Pakistan,South Africa,Aliya Riaz,Iram Javed,TS Sekhukhune,0,0,,LOW
1177020,2,15.3,Pakistan,South Africa,Aliya Riaz,Iram Javed,TS Sekhukhune,0,0,,LOW
1177020,2,15.4,Pakistan,South Africa,Aliya Riaz,Iram Javed,TS Sekhukhune,1,0,,LOW
1177020,2,15.5,Pakistan,South Africa,Iram Javed,Aliya Riaz,TS Sekhukhune,1,0,,LOW
1177020,2,15.6,Pakistan,South Africa,Aliya Riaz,Iram Javed,TS Sekhukhune,2,0,,HIGH
1177020,2,16.1,Pakistan,South Africa,Iram Javed,Aliya Riaz,N de Klerk,1,0,,LOW
1177020,2,16.2,Pakistan,South Africa,Aliya Riaz,Iram Javed,N de Klerk,0,0,,LOW
1177020,2,16.3,Pakistan,South Africa,Aliya Riaz,Iram Javed,N de Klerk,4,0,,HIGH
1177020,2,16.4,Pakistan,South Africa,Aliya Riaz,Iram Javed,N de Klerk,2,0,,HIGH
1177020,2,16.5,Pakistan,South Africa,Aliya Riaz,Iram Javed,N de Klerk,0,0,,LOW
1177020,2,16.6,Pakistan,South Africa,Aliya Riaz,Iram Javed,N de Klerk,1,0,,LOW
1177020,2,17.1,Pakistan,South Africa,Aliya Riaz,Iram Javed,M Daniels,6,0,,HIGH
1177020,2,17.2,Pakistan,South Africa,Aliya Riaz,Iram Javed,M Daniels,0,0,,LOW
1177020,2,17.3,Pakistan,South Africa,Aliya Riaz,Iram Javed,M Daniels,0,0,caught,LOW
1177020,2,17.4,Pakistan,South Africa,Iram Javed,Kainat Imtiaz,M Daniels,0,0,,LOW
1177020,2,17.5,Pakistan,South Africa,Iram Javed,Kainat Imtiaz,M Daniels,0,0,,LOW
1177020,2,17.6,Pakistan,South Africa,Iram Javed,Kainat Imtiaz,M Daniels,2,0,,HIGH
1177020,2,18.1,Pakistan,South Africa,Kainat Imtiaz,Iram Javed,S Ismail,0,0,,LOW
1177020,2,18.2,Pakistan,South Africa,Kainat Imtiaz,Iram Javed,S Ismail,0,0,,LOW
1177020,2,18.3,Pakistan,South Africa,Kainat Imtiaz,Iram Javed,S Ismail,0,0,,LOW
1177020,2,18.4,Pakistan,South Africa,Kainat Imtiaz,Iram Javed,S Ismail,0,0,,LOW
1177020,2,18.5,Pakistan,South Africa,Kainat Imtiaz,Iram Javed,S Ismail,4,0,,HIGH
1177020,2,18.6,Pakistan,South Africa,Kainat Imtiaz,Iram Javed,S Ismail,2,0,,HIGH
1177020,2,19.1,Pakistan,South Africa,Iram Javed,Kainat Imtiaz,N de Klerk,0,0,caught,LOW
1177020,2,19.2,Pakistan,South Africa,Kainat Imtiaz,Sana Mir,N de Klerk,1,0,,LOW
1177020,2,19.3,Pakistan,South Africa,Sana Mir,Kainat Imtiaz,N de Klerk,4,0,,HIGH
1177020,2,19.4,Pakistan,South Africa,Sana Mir,Kainat Imtiaz,N de Klerk,2,0,,HIGH
1395009,1,0.1,United States of America,Brazil,D Dhingra,JM Willathgamuwa,RD de Sousa,0,0,,LOW
1395009,1,0.2,United States of America,Brazil,D Dhingra,JM Willathgamuwa,RD de Sousa,0,0,,LOW
1395009,1,0.3,United States of America,Brazil,D Dhingra,JM Willathgamuwa,RD de Sousa,0,0,,LOW
1395009,1,0.4,United States of America,Brazil,D Dhingra,JM Willathgamuwa,RD de Sousa,1,0,,LOW
1395009,1,0.5,United States of America,Brazil,JM Willathgamuwa,D Dhingra,RD de Sousa,0,0,,LOW
1395009,1,0.6,United States of America,Brazil,JM Willathgamuwa,D Dhingra,RD de Sousa,0,0,,LOW
1395009,1,1.1,United States of America,Brazil,D Dhingra,JM Willathgamuwa,CS Nascimento,1,0,,LOW
1395009,1,1.2,United States of America,Brazil,JM Willathgamuwa,D Dhingra,CS Nascimento,0,0,,LOW
1395009,1,1.3,United States of America,Brazil,JM Willathgamuwa,D Dhingra,CS Nascimento,0,0,,LOW
1395009,1,1.4,United States of America,Brazil,JM Willathgamuwa,D Dhingra,CS Nascimento,0,0,,LOW
1395009,1,1.5,United States of America,Brazil,JM Willathgamuwa,D Dhingra,CS Nascimento,1,0,,LOW
1395009,1,1.6,United States of America,Brazil,D Dhingra,JM Willathgamuwa,CS Nascimento,0,0,,LOW
1395009,1,2.1,United States of America,Brazil,JM Willathgamuwa,D Dhingra,RD de Sousa,2,0,,HIGH
1395009,1,2.2,United States of America,Brazil,JM Willathgamuwa,D Dhingra,RD de Sousa,0,0,,LOW
1395009,1,2.3,United States of America,Brazil,JM Willathgamuwa,D Dhingra,RD de Sousa,2,0,,HIGH
1395009,1,2.4,United States of America,Brazil,JM Willathgamuwa,D Dhingra,RD de Sousa,1,0,,LOW
1395009,1,2.5,United States of America,Brazil,D Dhingra,JM Willathgamuwa,RD de Sousa,0,0,,LOW
1395009,1,2.6,United States of America,Brazil,D Dhingra,JM Willathgamuwa,RD de Sousa,3,0,,HIGH
1395009,1,3.1,United States of America,Brazil,D Dhingra,JM Willathgamuwa,CS Nascimento,0,0,caught,LOW
1395009,1,3.2,United States of America,Brazil,A Kolan,JM Willathgamuwa,CS Nascimento,1,0,,LOW
1395009,1,3.3,United States of America,Brazil,JM Willathgamuwa,A Kolan,CS Nascimento,0,0,,LOW
1395009,1,3.4,United States of America,Brazil,JM Willathgamuwa,A Kolan,CS Nascimento,0,0,,LOW
1395009,1,3.5,United States of America,Brazil,JM Willathgamuwa,A Kolan,CS Nascimento,0,0,,LOW
1395009,1,3.6,United States of America,Brazil,JM Willathgamuwa,A Kolan,CS Nascimento,0,0,,LOW
1395009,1,4.1,United States of America,Brazil,A Kolan,JM Willathgamuwa,L Cardoso,0,1,,LOW
1395009,1,4.2,United States of America,Brazil,A Kolan,JM Willathgamuwa,L Cardoso,0,0,,LOW
1395009,1,4.3,United States of America,Brazil,A Kolan,JM Willathgamuwa,L Cardoso,0,0,,LOW
1395009,1,4.4,United States of America,Brazil,A Kolan,JM Willathgamuwa,L Cardoso,0,0,,LOW
1395009,1,4.5,United States of America,Brazil,A Kolan,JM Willathgamuwa,L Cardoso,2,0,,HIGH
1395009,1,4.6,United States of America,Brazil,A Kolan,JM Willathgamuwa,L Cardoso,0,0,,LOW
1395009,1,4.7,United States of America,Brazil,A Kolan,JM Willathgamuwa,L Cardoso,1,0,,LOW
1395009,1,5.1,United States of America,Brazil,A Kolan,JM Willathgamuwa,NC Monteiro,0,0,,LOW
1395009,1,5.2,United States of America,Brazil,A Kolan,JM Willathgamuwa,NC Monteiro,0,0,,LOW
1395009,1,5.3,United States of America,Brazil,A Kolan,JM Willathgamuwa,NC Monteiro,0,0,lbw,LOW
1395009,1,5.4,United States of America,Brazil,S Sriharsha,JM Willathgamuwa,NC Monteiro,1,0,,LOW
1395009,1,5.5,United States of America,Brazil,JM Willathgamuwa,S Sriharsha,NC Monteiro,0,0,,LOW
1395009,1,5.6,United States of America,Brazil,JM Willathgamuwa,S Sriharsha,NC Monteiro,0,0,,LOW
1395009,1,6.1,United States of America,Brazil,S Sriharsha,JM Willathgamuwa,L Cardoso,0,0,,LOW
1395009,1,6.2,United States of America,Brazil,S Sriharsha,JM Willathgamuwa,L Cardoso,1,0,,LOW
1395009,1,6.3,United States of America,Brazil,JM Willathgamuwa,S Sriharsha,L Cardoso,1,0,,LOW
1395009,1,6.4,United States of America,Brazil,S Sriharsha,JM Willathgamuwa,L Cardoso,1,0,,LOW
1395009,1,6.5,United States of America,Brazil,JM Willathgamuwa,S Sriharsha,L Cardoso,1,0,,LOW
1395009,1,6.6,United States of America,Brazil,S Sriharsha,JM Willathgamuwa,L Cardoso,1,0,,LOW
1395009,1,7.1,United States of America,Brazil,S Sriharsha,JM Willathgamuwa,NC Monteiro,0,1,,LOW
1395009,1,7.2,United States of America,Brazil,S Sriharsha,JM Willathgamuwa,NC Monteiro,0,0,,LOW
1395009,1,7.3,United States of America,Brazil,S Sriharsha,JM Willathgamuwa,NC Monteiro,0,0,,LOW
1395009,1,7.4,United States of America,Brazil,S Sriharsha,JM Willathgamuwa,NC Monteiro,1,0,,LOW
1395009,1,7.5,United States of America,Brazil,JM Willathgamuwa,S Sriharsha,NC Monteiro,0,0,,LOW
1395009,1,7.6,United States of America,Brazil,JM Willathgamuwa,S Sriharsha,NC Monteiro,0,0,,LOW
1395009,1,7.7,United States of America,Brazil,JM Willathgamuwa,S Sriharsha,NC Monteiro,4,0,,HIGH
1395009,1,8.1,United States of America,Brazil,S Sriharsha,JM Willathgamuwa,LV Boas,0,0,,LOW
1395009,1,8.2,United States of America,Brazil,S Sriharsha,JM Willathgamuwa,LV Boas,0,0,,LOW
1395009,1,8.3,United States of America,Brazil,S Sriharsha,JM Willathgamuwa,LV Boas,0,0,,LOW
1395009,1,8.4,United States of America,Brazil,S Sriharsha,JM Willathgamuwa,LV Boas,0,1,,LOW
1395009,1,8.5,United States of America,Brazil,S Sriharsha,JM Willathgamuwa,LV Boas,4,0,,HIGH
1395009,1,8.6,United States of America,Brazil,S Sriharsha,JM Willathgamuwa,LV Boas,0,1,,LOW
1395009,1,8.7,United States of America,Brazil,JM Willathgamuwa,S Sriharsha,LV Boas,0,0,,LOW
1395009,1,9.1,United States of America,Brazil,S Sriharsha,JM Willathgamuwa,NC Monteiro,0,0,,LOW
1395009,1,9.2,United States of America,Brazil,S Sriharsha,JM Willathgamuwa,NC Monteiro,1,0,,LOW
1395009,1,9.3,United States of America,Brazil,JM Willathgamuwa,S Sriharsha,NC Monteiro,0,0,,LOW
1395009,1,9.4,United States of America,Brazil,JM Willathgamuwa,S Sriharsha,NC Monteiro,2,0,,HIGH
1395009,1,9.5,United States of America,Brazil,JM Willathgamuwa,S Sriharsha,NC Monteiro,0,0,,LOW
1395009,1,9.6,United States of America,Brazil,JM Willathgamuwa,S Sriharsha,NC Monteiro,1,0,,LOW
1395009,1,10.1,United States of America,Brazil,JM Willathgamuwa,S Sriharsha,RMAM Avery,4,0,,HIGH
1395009,1,10.2,United States of America,Brazil,JM Willathgamuwa,S Sriharsha,RMAM Avery,0,0,,LOW
1395009,1,10.3,United States of America,Brazil,JM Willathgamuwa,S Sriharsha,RMAM Avery,1,0,,LOW
1395009,1,10.4,United States of America,Brazil,S Sriharsha,JM Willathgamuwa,RMAM Avery,0,0,,LOW
1395009,1,10.5,United States of America,Brazil,S Sriharsha,JM Willathgamuwa,RMAM Avery,2,0,,HIGH
1395009,1,10.6,United States of America,Brazil,S Sriharsha,JM Willathgamuwa,RMAM Avery,1,0,,LOW
1395009,1,11.1,United States of America,Brazil,S Sriharsha,JM Willathgamuwa,CS Nascimento,0,2,,LOW
1395009,1,11.2,United States of America,Brazil,JM Willathgamuwa,S Sriharsha,CS Nascimento,0,0,,LOW
1395009,1,11.3,United States of America,Brazil,JM Willathgamuwa,S Sriharsha,CS Nascimento,0,0,,LOW
1395009,1,11.4,United States of America,Brazil,JM Willathgamuwa,S Sriharsha,CS Nascimento,0,0,,LOW
1395009,1,11.5,United States of America,Brazil,JM Willathgamuwa,S Sriharsha,CS Nascimento,2,0,,HIGH
1395009,1,11.6,United States of America,Brazil,JM Willathgamuwa,S Sriharsha,CS Nascimento,2,0,,HIGH
1395009,1,11.7,United States of America,Brazil,JM Willathgamuwa,S Sriharsha,CS Nascimento,0,0,,LOW
1395009,1,12.1,United States of America,Brazil,S Sriharsha,JM Willathgamuwa,RMAM Avery,0,0,,LOW
1395009,1,12.2,United States of America,Brazil,S Sriharsha,JM Willathgamuwa,RMAM Avery,1,0,,LOW
1395009,1,12.3,United States of America,Brazil,JM Willathgamuwa,S Sriharsha,RMAM Avery,0,0,caught,LOW
1395009,1,12.4,United States of America,Brazil,RP Singh,S Sriharsha,RMAM Avery,0,0,,LOW
1395009,1,12.5,United States of America,Brazil,RP Singh,S Sriharsha,RMAM Avery,1,0,,LOW
1395009,1,12.6,United States of America,Brazil,S Sriharsha,RP Singh,RMAM Avery,0,1,,LOW
1395009,1,12.7,United States of America,Brazil,S Sriharsha,RP Singh,RMAM Avery,0,0,,LOW
1395009,1,13.1,United States of America,Brazil,RP Singh,S Sriharsha,CS Nascimento,0,0,,LOW
1395009,1,13.2,United States of America,Brazil,RP Singh,S Sriharsha,CS Nascimento,1,0,,LOW
1395009,1,13.3,United States of America,Brazil,S Sriharsha,RP Singh,CS Nascimento,2,0,,HIGH
1395009,1,13.4,United States of America,Brazil,S Sriharsha,RP Singh,CS Nascimento,2,0,,HIGH
1395009,1,13.5,United States of America,Brazil,S Sriharsha,RP Singh,CS Nascimento,2,0,,HIGH
1395009,1,13.6,United States of America,Brazil,S Sriharsha,RP Singh,CS Nascimento,0,0,,LOW
1395009,1,14.1,United States of America,Brazil,RP Singh,S Sriharsha,RMAM Avery,0,0,caught,LOW
1395009,1,14.2,United States of America,Brazil,IM Vaghela,S Sriharsha,RMAM Avery,2,0,,HIGH
1395009,1,14.3,United States of America,Brazil,IM Vaghela,S Sriharsha,RMAM Avery,0,0,,LOW
1395009,1,14.4,United States of America,Brazil,IM Vaghela,S Sriharsha,RMAM Avery,1,0,,LOW
1395009,1,14.5,United States of America,Brazil,S Sriharsha,IM Vaghela,RMAM Avery,2,0,,HIGH
1395009,1,14.6,United States of America,Brazil,S Sriharsha,IM Vaghela,RMAM Avery,0,0,,LOW
1395009,1,15.1,United States of America,Brazil,IM Vaghela,S Sriharsha,RD de Sousa,0,0,,LOW
1395009,1,15.2,United States of America,Brazil,IM Vaghela,S Sriharsha,RD de Sousa,0,0,,LOW
1395009,1,15.3,United States of America,Brazil,IM Vaghela,S Sriharsha,RD de Sousa,0,1,,LOW
1395009,1,15.4,United States of America,Brazil,IM Vaghela,S Sriharsha,RD de Sousa,0,0,,LOW
1395009,1,15.5,United States of America,Brazil,IM Vaghela,S Sriharsha,RD de Sousa,0,0,caught and bowled,LOW
1395009,1,15.6,United States of America,Brazil,G Kodali,S Sriharsha,RD de Sousa,0,0,,LOW
1395009,1,15.7,United States of America,Brazil,G Kodali,S Sriharsha,RD de Sousa,0,0,,LOW
1395009,1,16.1,United States of America,Brazil,S Sriharsha,G Kodali,NC Monteiro,1,0,,LOW
1395009,1,16.2,United States of America,Brazil,G Kodali,S Sriharsha,NC Monteiro,0,0,,LOW
1395009,1,16.3,United States of America,Brazil,G Kodali,S Sriharsha,NC Monteiro,1,0,,LOW
1395009,1,16.4,United States of America,Brazil,S Sriharsha,G Kodali,NC Monteiro,1,0,,LOW
1395009,1,16.5,United States of America,Brazil,G Kodali,S Sriharsha,NC Monteiro,1,0,,LOW
1395009,1,16.6,United States of America,Brazil,S Sriharsha,G Kodali,NC Monteiro,3,0,,HIGH
1395009,1,17.1,United States of America,Brazil,S Sriharsha,G Kodali,RD de Sousa,2,0,,HIGH
1395009,1,17.2,United States of America,Brazil,S Sriharsha,G Kodali,RD de Sousa,2,0,,HIGH
1395009,1,17.3,United States of America,Brazil,S Sriharsha,G Kodali,RD de Sousa,0,0,,LOW
1395009,1,17.4,United States of America,Brazil,S Sriharsha,G Kodali,RD de Sousa,1,0,,LOW
1395009,1,17.5,United States of America,Brazil,G Kodali,S Sriharsha,RD de Sousa,1,0,,LOW
1395009,1,17.6,United States of America,Brazil,S Sriharsha,G Kodali,RD de Sousa,2,0,,HIGH
1395009,1,18.1,United States of America,Brazil,G Kodali,S Sriharsha,L Cardoso,2,0,,HIGH
1395009,1,18.2,United States of America,Brazil,G Kodali,S Sriharsha,L Cardoso,1,0,,LOW
1395009,1,18.3,United States of America,Brazil,S Sriharsha,G Kodali,L Cardoso,4,0,,HIGH
1395009,1,18.4,United States of America,Brazil,S Sriharsha,G Kodali,L Cardoso,1,0,,LOW
1395009,1,18.5,United States of America,Brazil,G Kodali,S Sriharsha,L Cardoso,0,0,run out,LOW
1395009,1,18.6,United States of America,Brazil,S Sriharsha,CR Pagydyala,L Cardoso,2,0,,HIGH
1395009,1,19.1,United States of America,Brazil,CR Pagydyala,S Sriharsha,LV Boas,1,0,,LOW
1395009,1,19.2,United States of America,Brazil,S Sriharsha,CR Pagydyala,LV Boas,4,0,,HIGH
1395009,1,19.3,United States of America,Brazil,S Sriharsha,CR Pagydyala,LV Boas,1,0,,LOW
1395009,1,19.4,United States of America,Brazil,CR Pagydyala,S Sriharsha,LV Boas,1,0,,LOW
1395009,1,19.5,United States of America,Brazil,S Sriharsha,CR Pagydyala,LV Boas,4,0,,HIGH
1395009,1,19.6,United States of America,Brazil,S Sriharsha,CR Pagydyala,LV Boas,2,0,,HIGH
1395009,2,0.1,Brazil,United States of America,LV Boas,L Agatha,JM Willathgamuwa,2,0,,HIGH
1395009,2,0.2,Brazil,United States of America,LV Boas,L Agatha,JM Willathgamuwa,0,0,,LOW
1395009,2,0.3,Brazil,United States of America,LV Boas,L Agatha,JM Willathgamuwa,0,0,,LOW
1395009,2,0.4,Brazil,United States of America,LV Boas,L Agatha,JM Willathgamuwa,4,0,,HIGH
1395009,2,0.5,Brazil,United States of America,LV Boas,L Agatha,JM Willathgamuwa,0,1,,LOW
1395009,2,0.6,Brazil,United States of America,LV Boas,L Agatha,JM Willathgamuwa,0,1,,LOW
1395009,2,0.7,Brazil,United States of America,LV Boas,L Agatha,JM Willathgamuwa,4,0,,HIGH
1395009,2,0.8,Brazil,United States of America,LV Boas,L Agatha,JM Willathgamuwa,0,0,,LOW
1395009,2,1.1,Brazil,United States of America,L Agatha,LV Boas,AI Chudasama,0,0,,LOW
1395009,2,1.2,Brazil,United States of America,L Agatha,LV Boas,AI Chudasama,0,0,bowled,LOW
1395009,2,1.3,Brazil,United States of America,RMAM Avery,LV Boas,AI Chudasama,0,0,,LOW
1395009,2,1.4,Brazil,United States of America,RMAM Avery,LV Boas,AI Chudasama,0,0,,LOW
1395009,2,1.5,Brazil,United States of America,RMAM Avery,LV Boas,AI Chudasama,0,0,,LOW
1395009,2,1.6,Brazil,United States of America,RMAM Avery,LV Boas,AI Chudasama,0,0,,LOW
1395009,2,2.1,Brazil,United States of America,LV Boas,RMAM Avery,SR Thadani,1,0,,LOW
1395009,2,2.2,Brazil,United States of America,RMAM Avery,LV Boas,SR Thadani,2,0,,HIGH
1395009,2,2.3,Brazil,United States of America,RMAM Avery,LV Boas,SR Thadani,0,0,,LOW
1395009,2,2.4,Brazil,United States of America,RMAM Avery,LV Boas,SR Thadani,0,0,,LOW
1395009,2,2.5,Brazil,United States of America,RMAM Avery,LV Boas,SR Thadani,0,1,,LOW
1395009,2,2.6,Brazil,United States of America,RMAM Avery,LV Boas,SR Thadani,0,0,,LOW
1395009,2,2.7,Brazil,United States of America,RMAM Avery,LV Boas,SR Thadani,0,0,,LOW
1395009,2,3.1,Brazil,United States of America,LV Boas,RMAM Avery,AI Chudasama,1,0,,LOW
1395009,2,3.2,Brazil,United States of America,RMAM Avery,LV Boas,AI Chudasama,2,0,,HIGH
1395009,2,3.3,Brazil,United States of America,RMAM Avery,LV Boas,AI Chudasama,0,0,,LOW
1395009,2,3.4,Brazil,United States of America,RMAM Avery,LV Boas,AI Chudasama,0,0,,LOW
1395009,2,3.5,Brazil,United States of America,RMAM Avery,LV Boas,AI Chudasama,0,1,,LOW
1395009,2,3.6,Brazil,United States of America,LV Boas,RMAM Avery,AI Chudasama,0,0,,LOW
1395009,2,4.1,Brazil,United States of America,RMAM Avery,LV Boas,SR Thadani,0,0,,LOW
1395009,2,4.2,Brazil,United States of America,RMAM Avery,LV Boas,SR Thadani,0,0,,LOW
1395009,2,4.3,Brazil,United States of America,RMAM Avery,LV Boas,SR Thadani,1,0,,LOW
1395009,2,4.4,Brazil,United States of America,LV Boas,RMAM Avery,SR Thadani,1,0,,LOW
1395009,2,4.5,Brazil,United States of America,RMAM Avery,LV Boas,SR Thadani,0,0,,LOW
1395009,2,4.6,Brazil,United States of America,RMAM Avery,LV Boas,SR Thadani,4,0,,HIGH
1395009,2,5.1,Brazil,United States of America,LV Boas,RMAM Avery,U Iftikhar,0,0,,LOW
1395009,2,5.2,Brazil,United States of America,LV Boas,RMAM Avery,U Iftikhar,4,0,,HIGH
1395009,2,5.3,Brazil,United States of America,LV Boas,RMAM Avery,U Iftikhar,1,0,,LOW
1395009,2,5.4,Brazil,United States of America,RMAM Avery,LV Boas,U Iftikhar,0,0,,LOW
1395009,2,5.5,Brazil,United States of America,RMAM Avery,LV Boas,U Iftikhar,0,0,,LOW
1395009,2,5.6,Brazil,United States of America,RMAM Avery,LV Boas,U Iftikhar,0,0,,LOW
1395009,2,6.1,Brazil,United States of America,LV Boas,RMAM Avery,IM Vaghela,0,1,,LOW
1395009,2,6.2,Brazil,United States of America,LV Boas,RMAM Avery,IM Vaghela,0,0,caught,LOW
1395009,2,6.3,Brazil,United States of America,L Cardoso,RMAM Avery,IM Vaghela,0,0,bowled,LOW
1395009,2,6.4,Brazil,United States of America,MR Machado,RMAM Avery,IM Vaghela,0,0,,LOW
1395009,2,6.5,Brazil,United States of America,MR Machado,RMAM Avery,IM Vaghela,0,0,,LOW
1395009,2,6.6,Brazil,United States of America,MR Machado,RMAM Avery,IM Vaghela,0,0,,LOW
1395009,2,6.7,Brazil,United States of America,MR Machado,RMAM Avery,IM Vaghela,2,0,,HIGH
1395009,2,7.1,Brazil,United States of America,RMAM Avery,MR Machado,U Iftikhar,0,0,,LOW
1395009,2,7.2,Brazil,United States of America,RMAM Avery,MR Machado,U Iftikhar,1,0,,LOW
1395009,2,7.3,Brazil,United States of America,MR Machado,RMAM Avery,U Iftikhar,0,0,,LOW
1395009,2,7.4,Brazil,United States of America,MR Machado,RMAM Avery,U Iftikhar,1,0,,LOW
1395009,2,7.5,Brazil,United States of America,RMAM Avery,MR Machado,U Iftikhar,3,0,,HIGH
1395009,2,7.6,Brazil,United States of America,MR Machado,RMAM Avery,U Iftikhar,0,0,,LOW
1395009,2,8.1,Brazil,United States of America,RMAM Avery,MR Machado,IM Vaghela,0,0,,LOW
1395009,2,8.2,Brazil,United States of America,RMAM Avery,MR Machado,IM Vaghela,0,0,,LOW
1395009,2,8.3,Brazil,United States of America,RMAM Avery,MR Machado,IM Vaghela,0,0,,LOW
1395009,2,8.4,Brazil,United States of America,RMAM Avery,MR Machado,IM Vaghela,0,0,,LOW
1395009,2,8.5,Brazil,United States of America,RMAM Avery,MR Machado,IM Vaghela,0,0,,LOW
1395009,2,8.6,Brazil,United States of America,RMAM Avery,MR Machado,IM Vaghela,2,0,,HIGH
1395009,2,9.1,Brazil,United States of America,MR Machado,RMAM Avery,G Kodali,1,0,,LOW
1395009,2,9.2,Brazil,United States of America,RMAM Avery,MR Machado,G Kodali,0,0,,LOW
1395009,2,9.3,Brazil,United States of America,RMAM Avery,MR Machado,G Kodali,0,0,,LOW
1395009,2,9.4,Brazil,United States of America,RMAM Avery,MR Machado,G Kodali,2,0,,HIGH
1395009,2,9.5,Brazil,United States of America,RMAM Avery,MR Machado,G Kodali,0,0,,LOW
1395009,2,9.6,Brazil,United States of America,RMAM Avery,MR Machado,G Kodali,1,0,,LOW
1395009,2,10.1,Brazil,United States of America,RMAM Avery,MR Machado,IM Vaghela,0,1,,LOW
1395009,2,10.2,Brazil,United States of America,RMAM Avery,MR Machado,IM Vaghela,0,0,,LOW
1395009,2,10.3,Brazil,United States of America,RMAM Avery,MR Machado,IM Vaghela,1,0,,LOW
1395009,2,10.4,Brazil,United States of America,MR Machado,RMAM Avery,IM Vaghela,0,0,caught,LOW
1395009,2,10.5,Brazil,United States of America,RD de Sousa,RMAM Avery,IM Vaghela,0,0,,LOW
1395009,2,10.6,Brazil,United States of America,RD de Sousa,RMAM Avery,IM Vaghela,0,0,,LOW
1395009,2,10.7,Brazil,United States of America,RD de Sousa,RMAM Avery,IM Vaghela,0,0,,LOW
1395009,2,11.1,Brazil,United States of America,RMAM Avery,RD de Sousa,AI Chudasama,1,0,,LOW
1395009,2,11.2,Brazil,United States of America,RD de Sousa,RMAM Avery,AI Chudasama,2,0,,HIGH
1395009,2,11.3,Brazil,United States of America,RD de Sousa,RMAM Avery,AI Chudasama,1,0,,LOW
1395009,2,11.4,Brazil,United States of America,RMAM Avery,RD de Sousa,AI Chudasama,0,0,,LOW
1395009,2,11.5,Brazil,United States of America,RMAM Avery,RD de Sousa,AI Chudasama,1,0,,LOW
1395009,2,11.6,Brazil,United States of America,RD de Sousa,RMAM Avery,AI Chudasama,0,0,,LOW
1395009,2,12.1,Brazil,United States of America,RMAM Avery,RD de Sousa,IM Vaghela,0,0,,LOW
1395009,2,12.2,Brazil,United States of America,RMAM Avery,RD de Sousa,IM Vaghela,1,0,,LOW
1395009,2,12.3,Brazil,United States of America,RD de Sousa,RMAM Avery,IM Vaghela,0,0,,LOW
1395009,2,12.4,Brazil,United States of America,RD de Sousa,RMAM Avery,IM Vaghela,0,0,,LOW
1395009,2,12.5,Brazil,United States of America,RD de Sousa,RMAM Avery,IM Vaghela,0,0,,LOW
1395009,2,12.6,Brazil,United States of America,RD de Sousa,RMAM Avery,IM Vaghela,0,0,,LOW
1395009,2,13.1,Brazil,United States of America,RMAM Avery,RD de Sousa,U Iftikhar,1,0,,LOW
1395009,2,13.2,Brazil,United States of America,RD de Sousa,RMAM Avery,U Iftikhar,0,0,,LOW
1395009,2,13.3,Brazil,United States of America,RD de Sousa,RMAM Avery,U Iftikhar,1,0,,LOW
1395009,2,13.4,Brazil,United States of America,RMAM Avery,RD de Sousa,U Iftikhar,1,0,,LOW
1395009,2,13.5,Brazil,United States of America,RD de Sousa,RMAM Avery,U Iftikhar,1,0,,LOW
1395009,2,13.6,Brazil,United States of America,RMAM Avery,RD de Sousa,U Iftikhar,1,0,,LOW
1395009,2,14.1,Brazil,United States of America,RMAM Avery,RD de Sousa,CR Pagydyala,0,0,caught and bowled,LOW
1395009,2,14.2,Brazil,United States of America,CS Nascimento,RD de Sousa,CR Pagydyala,0,0,,LOW
1395009,2,14.3,Brazil,United States of America,CS Nascimento,RD de Sousa,CR Pagydyala,0,1,,LOW
1395009,2,14.4,Brazil,United States of America,CS Nascimento,RD de Sousa,CR Pagydyala,0,0,,LOW
1395009,2,14.5,Brazil,United States of America,CS Nascimento,RD de Sousa,CR Pagydyala,0,0,,LOW
1395009,2,14.6,Brazil,United States of America,CS Nascimento,RD de Sousa,CR Pagydyala,0,0,,LOW
1395009,2,14.7,Brazil,United States of America,CS Nascimento,RD de Sousa,CR Pagydyala,0,0,,LOW
1395009,2,15.1,Brazil,United States of America,RD de Sousa,CS Nascimento,AI Chudasama,0,0,,LOW
1395009,2,15.2,Brazil,United States of America,RD de Sousa,CS Nascimento,AI Chudasama,0,0,,LOW
1395009,2,15.3,Brazil,United States of America,RD de Sousa,CS Nascimento,AI Chudasama,1,0,,LOW
1395009,2,15.4,Brazil,United States of America,CS Nascimento,RD de Sousa,AI Chudasama,0,0,caught,LOW
1395009,2,15.5,Brazil,United States of America,M Artur,RD de Sousa,AI Chudasama,0,0,,LOW
1395009,2,15.6,Brazil,United States of America,M Artur,RD de Sousa,AI Chudasama,0,0,,LOW
1395009,2,16.1,Brazil,United States of America,RD de Sousa,M Artur,CR Pagydyala,2,0,,HIGH
1395009,2,16.2,Brazil,United States of America,RD de Sousa,M Artur,CR Pagydyala,0,0,,LOW
1395009,2,16.3,Brazil,United States of America,RD de Sousa,M Artur,CR Pagydyala,1,0,,LOW
1395009,2,16.4,Brazil,United States of America,M Artur,RD de Sousa,CR Pagydyala,0,0,run out,LOW
1395009,2,16.5,Brazil,United States of America,M Artur,NC Monteiro,CR Pagydyala,0,0,lbw,LOW
1395009,2,16.6,Brazil,United States of America,MLG Silva,NC Monteiro,CR Pagydyala,0,0,bowled,LOW
1395009,2,17.1,Brazil,United States of America,NC Monteiro,M Ribeiro,G Kodali,0,0,,LOW
1395009,2,17.2,Brazil,United States of America,NC Monteiro,M Ribeiro,G Kodali,1,0,,LOW
1395009,2,17.3,Brazil,United States of America,M Ribeiro,NC Monteiro,G Kodali,0,0,,LOW
1395009,2,17.4,Brazil,United States of America,M Ribeiro,NC Monteiro,G Kodali,0,0,,LOW
1395009,2,17.5,Brazil,United States of America,M Ribeiro,NC Monteiro,G Kodali,0,0,,LOW
1395009,2,17.6,Brazil,United States of America,M Ribeiro,NC Monteiro,G Kodali,0,0,,LOW
1395009,2,18.1,Brazil,United States of America,NC Monteiro,M Ribeiro,SR Thadani,0,0,,LOW
1395009,2,18.2,Brazil,United States of America,NC Monteiro,M Ribeiro,SR Thadani,1,0,,LOW
1395009,2,18.3,Brazil,United States of America,M Ribeiro,NC Monteiro,SR Thadani,2,0,,HIGH
1395009,2,18.4,Brazil,United States of America,M Ribeiro,NC Monteiro,SR Thadani,0,0,,LOW
1395009,2,18.5,Brazil,United States of America,M Ribeiro,NC Monteiro,SR Thadani,0,0,caught,LOW
1505127,1,0.1,Bangladesh,West Indies,Tanzid Hasan,Parvez Hossain Emon,JO Holder,0,0,,LOW
1505127,1,0.2,Bangladesh,West Indies,Tanzid Hasan,Parvez Hossain Emon,JO Holder,0,0,,LOW
1505127,1,0.3,Bangladesh,West Indies,Tanzid Hasan,Parvez Hossain Emon,JO Holder,4,0,,HIGH
1505127,1,0.4,Bangladesh,West Indies,Tanzid Hasan,Parvez Hossain Emon,JO Holder,4,0,,HIGH
1505127,1,0.5,Bangladesh,West Indies,Tanzid Hasan,Parvez Hossain Emon,JO Holder,0,0,,LOW
1505127,1,0.6,Bangladesh,West Indies,Tanzid Hasan,Parvez Hossain Emon,JO Holder,0,0,,LOW
1505127,1,1.1,Bangladesh,West Indies,Parvez Hossain Emon,Tanzid Hasan,AJ Hosein,0,0,,LOW
1505127,1,1.2,Bangladesh,West Indies,Parvez Hossain Emon,Tanzid Hasan,AJ Hosein,0,0,,LOW
1505127,1,1.3,Bangladesh,West Indies,Parvez Hossain Emon,Tanzid Hasan,AJ Hosein,6,0,,HIGH
1505127,1,1.4,Bangladesh,West Indies,Parvez Hossain Emon,Tanzid Hasan,AJ Hosein,0,0,,LOW
1505127,1,1.5,Bangladesh,West Indies,Parvez Hossain Emon,Tanzid Hasan,AJ Hosein,0,0,,LOW
1505127,1,1.6,Bangladesh,West Indies,Parvez Hossain Emon,Tanzid Hasan,AJ Hosein,1,0,,LOW
1505127,1,2.1,Bangladesh,West Indies,Parvez Hossain Emon,Tanzid Hasan,R Shepherd,0,0,,LOW
1505127,1,2.2,Bangladesh,West Indies,Parvez Hossain Emon,Tanzid Hasan,R Shepherd,1,0,,LOW
1505127,1,2.3,Bangladesh,West Indies,Tanzid Hasan,Parvez Hossain Emon,R Shepherd,4,0,,HIGH
1505127,1,2.4,Bangladesh,West Indies,Tanzid Hasan,Parvez Hossain Emon,R Shepherd,0,0,,LOW
1505127,1,2.5,Bangladesh,West Indies,Tanzid Hasan,Parvez Hossain Emon,R Shepherd,1,0,,LOW
1505127,1,2.6,Bangladesh,West Indies,Parvez Hossain Emon,Tanzid Hasan,R Shepherd,1,0,,LOW
1505127,1,3.1,Bangladesh,West Indies,Parvez Hossain Emon,Tanzid Hasan,RL Chase,0,0,caught,LOW
1505127,1,3.2,Bangladesh,West Indies,Liton Das,Tanzid Hasan,RL Chase,4,0,,HIGH
1505127,1,3.3,Bangladesh,West Indies,Liton Das,Tanzid Hasan,RL Chase,0,0,,LOW
1505127,1,3.4,Bangladesh,West Indies,Liton Das,Tanzid Hasan,RL Chase,1,0,,LOW
1505127,1,3.5,Bangladesh,West Indies,Tanzid Hasan,Liton Das,RL Chase,0,0,,LOW
1505127,1,3.6,Bangladesh,West Indies,Tanzid Hasan,Liton Das,RL Chase,1,0,,LOW
1505127,1,4.1,Bangladesh,West Indies,Tanzid Hasan,Liton Das,JO Holder,0,0,,LOW
1505127,1,4.2,Bangladesh,West Indies,Tanzid Hasan,Liton Das,JO Holder,4,0,,HIGH
1505127,1,4.3,Bangladesh,West Indies,Tanzid Hasan,Liton Das,JO Holder,0,0,,LOW
1505127,1,4.4,Bangladesh,West Indies,Tanzid Hasan,Liton Das,JO Holder,0,0,,LOW
1505127,1,4.5,Bangladesh,West Indies,Tanzid Hasan,Liton Das,JO Holder,1,0,,LOW
1505127,1,4.6,Bangladesh,West Indies,Liton Das,Tanzid Hasan,JO Holder,0,0,,LOW
1505127,1,5.1,Bangladesh,West Indies,Tanzid Hasan,Liton Das,AJ Hosein,6,0,,HIGH
1505127,1,5.2,Bangladesh,West Indies,Tanzid Hasan,Liton Das,AJ Hosein,0,0,,LOW
1505127,1,5.3,Bangladesh,West Indies,Tanzid Hasan,Liton Das,AJ Hosein,0,0,,LOW
1505127,1,5.4,Bangladesh,West Indies,Tanzid Hasan,Liton Das,AJ Hosein,1,0,,LOW
1505127,1,5.5,Bangladesh,West Indies,Liton Das,Tanzid Hasan,AJ Hosein,0,0,,LOW
1505127,1,5.6,Bangladesh,West Indies,Liton Das,Tanzid Hasan,AJ Hosein,0,0,,LOW
1505127,1,6.1,Bangladesh,West Indies,Tanzid Hasan,Liton Das,RL Chase,0,0,,LOW
1505127,1,6.2,Bangladesh,West Indies,Tanzid Hasan,Liton Das,RL Chase,0,0,,LOW
1505127,1,6.3,Bangladesh,West Indies,Tanzid Hasan,Liton Das,RL Chase,0,0,,LOW
1505127,1,6.4,Bangladesh,West Indies,Tanzid Hasan,Liton Das,RL Chase,1,0,,LOW
1505127,1,6.5,Bangladesh,West Indies,Liton Das,Tanzid Hasan,RL Chase,1,0,,LOW
1505127,1,6.6,Bangladesh,West Indies,Tanzid Hasan,Liton Das,RL Chase,1,0,,LOW
1505127,1,7.1,Bangladesh,West Indies,Tanzid Hasan,Liton Das,K Pierre,1,0,,LOW
1505127,1,7.2,Bangladesh,West Indies,Liton Das,Tanzid Hasan,K Pierre,0,0,,LOW
1505127,1,7.3,Bangladesh,West Indies,Liton Das,Tanzid Hasan,K Pierre,0,0,caught,LOW
1505127,1,7.4,Bangladesh,West Indies,Saif Hassan,Tanzid Hasan,K Pierre,0,0,,LOW
1505127,1,7.5,Bangladesh,West Indies,Saif Hassan,Tanzid Hasan,K Pierre,1,0,,LOW
1505127,1,7.6,Bangladesh,West Indies,Tanzid Hasan,Saif Hassan,K Pierre,0,0,,LOW
1505127,1,8.1,Bangladesh,West Indies,Saif Hassan,Tanzid Hasan,RL Chase,1,0,,LOW
1505127,1,8.2,Bangladesh,West Indies,Tanzid Hasan,Saif Hassan,RL Chase,0,0,,LOW
1505127,1,8.3,Bangladesh,West Indies,Tanzid Hasan,Saif Hassan,RL Chase,1,0,,LOW
1505127,1,8.4,Bangladesh,West Indies,Saif Hassan,Tanzid Hasan,RL Chase,0,0,,LOW
1505127,1,8.5,Bangladesh,West Indies,Saif Hassan,Tanzid Hasan,RL Chase,0,1,,LOW
1505127,1,8.6,Bangladesh,West Indies,Saif Hassan,Tanzid Hasan,RL Chase,6,0,,HIGH
1505127,1,8.7,Bangladesh,West Indies,Saif Hassan,Tanzid Hasan,RL Chase,1,0,,LOW
1505127,1,9.1,Bangladesh,West Indies,Saif Hassan,Tanzid Hasan,K Pierre,0,0,,LOW
1505127,1,9.2,Bangladesh,West Indies,Saif Hassan,Tanzid Hasan,K Pierre,0,0,,LOW
1505127,1,9.3,Bangladesh,West Indies,Saif Hassan,Tanzid Hasan,K Pierre,1,0,,LOW
1505127,1,9.4,Bangladesh,West Indies,Tanzid Hasan,Saif Hassan,K Pierre,4,0,,HIGH
1505127,1,9.5,Bangladesh,West Indies,Tanzid Hasan,Saif Hassan,K Pierre,6,0,,HIGH
1505127,1,9.6,Bangladesh,West Indies,Tanzid Hasan,Saif Hassan,K Pierre,1,0,,LOW
1505127,1,10.1,Bangladesh,West Indies,Tanzid Hasan,Saif Hassan,R Shepherd,0,0,,LOW
1505127,1,10.2,Bangladesh,West Indies,Tanzid Hasan,Saif Hassan,R Shepherd,4,0,,HIGH
1505127,1,10.3,Bangladesh,West Indies,Tanzid Hasan,Saif Hassan,R Shepherd,4,0,,HIGH
1505127,1,10.4,Bangladesh,West Indies,Tanzid Hasan,Saif Hassan,R Shepherd,1,0,,LOW
1505127,1,10.5,Bangladesh,West Indies,Saif Hassan,Tanzid Hasan,R Shepherd,1,0,,LOW
1505127,1,10.6,Bangladesh,West Indies,Tanzid Hasan,Saif Hassan,R Shepherd,0,1,,LOW
1505127,1,10.7,Bangladesh,West Indies,Tanzid Hasan,Saif Hassan,R Shepherd,1,0,,LOW
1505127,1,11.1,Bangladesh,West Indies,Tanzid Hasan,Saif Hassan,G Motie,6,0,,HIGH
1505127,1,11.2,Bangladesh,West Indies,Tanzid Hasan,Saif Hassan,G Motie,2,0,,HIGH
1505127,1,11.3,Bangladesh,West Indies,Tanzid Hasan,Saif Hassan,G Motie,0,0,,LOW
1505127,1,11.4,Bangladesh,West Indies,Tanzid Hasan,Saif Hassan,G Motie,0,1,,LOW
1505127,1,11.5,Bangladesh,West Indies,Tanzid Hasan,Saif Hassan,G Motie,1,0,,LOW
1505127,1,11.6,Bangladesh,West Indies,Saif Hassan,Tanzid Hasan,G Motie,0,0,,LOW
1505127,1,11.7,Bangladesh,West Indies,Saif Hassan,Tanzid Hasan,G Motie,1,0,,LOW
1505127,1,12.1,Bangladesh,West Indies,Saif Hassan,Tanzid Hasan,RL Chase,0,0,,LOW
1505127,1,12.2,Bangladesh,West Indies,Saif Hassan,Tanzid Hasan,RL Chase,1,0,,LOW
1505127,1,12.3,Bangladesh,West Indies,Tanzid Hasan,Saif Hassan,RL Chase,1,0,,LOW
1505127,1,12.4,Bangladesh,West Indies,Saif Hassan,Tanzid Hasan,RL Chase,0,0,,LOW
1505127,1,12.5,Bangladesh,West Indies,Saif Hassan,Tanzid Hasan,RL Chase,1,0,,LOW
1505127,1,12.6,Bangladesh,West Indies,Tanzid Hasan,Saif Hassan,RL Chase,1,0,,LOW
1505127,1,13.1,Bangladesh,West Indies,Tanzid Hasan,Saif Hassan,AJ Hosein,1,0,,LOW
1505127,1,13.2,Bangladesh,West Indies,Saif Hassan,Tanzid Hasan,AJ Hosein,0,0,,LOW
1505127,1,13.3,Bangladesh,West Indies,Saif Hassan,Tanzid Hasan,AJ Hosein,2,0,,HIGH
1505127,1,13.4,Bangladesh,West Indies,Saif Hassan,Tanzid Hasan,AJ Hosein,0,0,,LOW
1505127,1,13.5,Bangladesh,West Indies,Saif Hassan,Tanzid Hasan,AJ Hosein,1,0,,LOW
1505127,1,13.6,Bangladesh,West Indies,Tanzid Hasan,Saif Hassan,AJ Hosein,1,0,,LOW
1505127,1,14.1,Bangladesh,West Indies,Tanzid Hasan,Saif Hassan,JO Holder,0,0,,LOW
1505127,1,14.2,Bangladesh,West Indies,Tanzid Hasan,Saif Hassan,JO Holder,1,0,,LOW
1505127,1,14.3,Bangladesh,West Indies,Saif Hassan,Tanzid Hasan,JO Holder,0,1,,LOW
1505127,1,14.4,Bangladesh,West Indies,Saif Hassan,Tanzid Hasan,JO Holder,6,0,,HIGH
1505127,1,14.5,Bangladesh,West Indies,Saif Hassan,Tanzid Hasan,JO Holder,0,0,caught,LOW
1505127,1,14.6,Bangladesh,West Indies,Rishad Hossain,Tanzid Hasan,JO Holder,1,0,,LOW
1505127,1,14.7,Bangladesh,West Indies,Tanzid Hasan,Rishad Hossain,JO Holder,1,0,,LOW
1505127,1,15.1,Bangladesh,West Indies,Tanzid Hasan,Rishad Hossain,K Pierre,6,0,,HIGH
1505127,1,15.2,Bangladesh,West Indies,Tanzid Hasan,Rishad Hossain,K Pierre,0,0,,LOW
1505127,1,15.3,Bangladesh,West Indies,Tanzid Hasan,Rishad Hossain,K Pierre,0,0,,LOW
1505127,1,15.4,Bangladesh,West Indies,Tanzid Hasan,Rishad Hossain,K Pierre,1,0,,LOW
1505127,1,15.5,Bangladesh,West Indies,Rishad Hossain,Tanzid Hasan,K Pierre,2,0,,HIGH
1505127,1,15.6,Bangladesh,West Indies,Rishad Hossain,Tanzid Hasan,K Pierre,0,0,lbw,LOW
1505127,1,16.1,Bangladesh,West Indies,Tanzid Hasan,Nurul Hasan,R Shepherd,1,0,,LOW
1505127,1,16.2,Bangladesh,West Indies,Nurul Hasan,Tanzid Hasan,R Shepherd,0,0,,LOW
1505127,1,16.3,Bangladesh,West Indies,Nurul Hasan,Tanzid Hasan,R Shepherd,1,0,,LOW
1505127,1,16.4,Bangladesh,West Indies,Tanzid Hasan,Nurul Hasan,R Shepherd,4,0,,HIGH
1505127,1,16.5,Bangladesh,West Indies,Tanzid Hasan,Nurul Hasan,R Shepherd,1,0,,LOW
1505127,1,16.6,Bangladesh,West Indies,Nurul Hasan,Tanzid Hasan,R Shepherd,0,1,,LOW
1505127,1,16.7,Bangladesh,West Indies,Nurul Hasan,Tanzid Hasan,R Shepherd,0,0,caught,LOW
1505127,1,17.1,Bangladesh,West Indies,Tanzid Hasan,Nasum Ahmed,AJ Hosein,4,0,,HIGH
1505127,1,17.2,Bangladesh,West Indies,Tanzid Hasan,Nasum Ahmed,AJ Hosein,1,0,,LOW
1505127,1,17.3,Bangladesh,West Indies,Nasum Ahmed,Tanzid Hasan,AJ Hosein,0,0,,LOW
1505127,1,17.4,Bangladesh,West Indies,Nasum Ahmed,Tanzid Hasan,AJ Hosein,1,0,,LOW
1505127,1,17.5,Bangladesh,West Indies,Tanzid Hasan,Nasum Ahmed,AJ Hosein,1,0,,LOW
1505127,1,17.6,Bangladesh,West Indies,Nasum Ahmed,Tanzid Hasan,AJ Hosein,0,0,caught,LOW
1505127,1,18.1,Bangladesh,West Indies,Tanzid Hasan,Jaker Ali,JO Holder,2,0,,HIGH
1505127,1,18.2,Bangladesh,West Indies,Tanzid Hasan,Jaker Ali,JO Holder,1,0,,LOW
1505127,1,18.3,Bangladesh,West Indies,Jaker Ali,Tanzid Hasan,JO Holder,4,0,,HIGH
1505127,1,18.4,Bangladesh,West Indies,Jaker Ali,Tanzid Hasan,JO Holder,1,0,,LOW
1505127,1,18.5,Bangladesh,West Indies,Tanzid Hasan,Jaker Ali,JO Holder,1,0,,LOW
1505127,1,18.6,Bangladesh,West Indies,Jaker Ali,Tanzid Hasan,JO Holder,0,0,lbw,LOW
1505127,1,19.1,Bangladesh,West Indies,Tanzid Hasan,Mahedi Hasan,R Shepherd,0,0,caught,LOW
1505127,1,19.2,Bangladesh,West Indies,Shoriful Islam,Mahedi Hasan,R Shepherd,0,0,bowled,LOW
1505127,1,19.3,Bangladesh,West Indies,Taskin Ahmed,Mahedi Hasan,R Shepherd,2,0,,HIGH
1505127,1,19.4,Bangladesh,West Indies,Taskin Ahmed,Mahedi Hasan,R Shepherd,6,0,,HIGH
1505127,1,19.5,Bangladesh,West Indies,Taskin Ahmed,Mahedi Hasan,R Shepherd,0,0,,LOW
1505127,1,19.6,Bangladesh,West Indies,Taskin Ahmed,Mahedi Hasan,R Shepherd,1,0,run out,LOW
1505127,2,0.1,West Indies,Bangladesh,A Athanaze,AA Jangoo,Mahedi Hasan,0,0,,LOW
1505127,2,0.2,West Indies,Bangladesh,A Athanaze,AA Jangoo,Mahedi Hasan,1,0,,LOW
1505127,2,0.3,West Indies,Bangladesh,AA Jangoo,A Athanaze,Mahedi Hasan,0,0,,LOW
1505127,2,0.4,West Indies,Bangladesh,AA Jangoo,A Athanaze,Mahedi Hasan,0,0,,LOW
1505127,2,0.5,West Indies,Bangladesh,AA Jangoo,A Athanaze,Mahedi Hasan,0,0,,LOW
1505127,2,0.6,West Indies,Bangladesh,AA Jangoo,A Athanaze,Mahedi Hasan,1,0,,LOW
1505127,2,1.1,West Indies,Bangladesh,AA Jangoo,A Athanaze,Shoriful Islam,2,0,,HIGH
1505127,2,1.2,West Indies,Bangladesh,AA Jangoo,A Athanaze,Shoriful Islam,1,0,,LOW
1505127,2,1.3,West Indies,Bangladesh,A Athanaze,AA Jangoo,Shoriful Islam,0,0,,LOW
1505127,2,1.4,West Indies,Bangladesh,A Athanaze,AA Jangoo,Shoriful Islam,0,0,,LOW
1505127,2,1.5,West Indies,Bangladesh,A Athanaze,AA Jangoo,Shoriful Islam,0,0,,LOW
1505127,2,1.6,West Indies,Bangladesh,A Athanaze,AA Jangoo,Shoriful Islam,0,0,,LOW
1505127,2,2.1,West Indies,Bangladesh,AA Jangoo,A Athanaze,Mahedi Hasan,0,0,,LOW
1505127,2,2.2,West Indies,Bangladesh,AA Jangoo,A Athanaze,Mahedi Hasan,0,0,,LOW
1505127,2,2.3,West Indies,Bangladesh,AA Jangoo,A Athanaze,Mahedi Hasan,1,0,,LOW
1505127,2,2.4,West Indies,Bangladesh,A Athanaze,AA Jangoo,Mahedi Hasan,0,0,,LOW
1505127,2,2.5,West Indies,Bangladesh,A Athanaze,AA Jangoo,Mahedi Hasan,0,0,stumped,LOW
1505127,2,2.6,West Indies,Bangladesh,BA King,AA Jangoo,Mahedi Hasan,0,0,,LOW
1505127,2,3.1,West Indies,Bangladesh,AA Jangoo,BA King,Shoriful Islam,0,0,,LOW
1505127,2,3.2,West Indies,Bangladesh,AA Jangoo,BA King,Shoriful Islam,0,0,,LOW
1505127,2,3.3,West Indies,Bangladesh,AA Jangoo,BA King,Shoriful Islam,4,0,,HIGH
1505127,2,3.4,West Indies,Bangladesh,AA Jangoo,BA King,Shoriful Islam,1,0,,LOW
1505127,2,3.5,West Indies,Bangladesh,BA King,AA Jangoo,Shoriful Islam,0,0,,LOW
1505127,2,3.6,West Indies,Bangladesh,BA King,AA Jangoo,Shoriful Islam,4,0,,HIGH
1505127,2,4.1,West Indies,Bangladesh,AA Jangoo,BA King,Taskin Ahmed,6,0,,HIGH
1505127,2,4.2,West Indies,Bangladesh,AA Jangoo,BA King,Taskin Ahmed,4,0,,HIGH
1505127,2,4.3,West Indies,Bangladesh,AA Jangoo,BA King,Taskin Ahmed,4,0,,HIGH
1505127,2,4.4,West Indies,Bangladesh,AA Jangoo,BA King,Taskin Ahmed,0,0,,LOW
1505127,2,4.5,West Indies,Bangladesh,AA Jangoo,BA King,Taskin Ahmed,4,0,,HIGH
1505127,2,4.6,West Indies,Bangladesh,AA Jangoo,BA King,Taskin Ahmed,0,0,,LOW
1505127,2,5.1,West Indies,Bangladesh,BA King,AA Jangoo,Nasum Ahmed,0,0,,LOW
1505127,2,5.2,West Indies,Bangladesh,BA King,AA Jangoo,Nasum Ahmed,4,0,,HIGH
1505127,2,5.3,West Indies,Bangladesh,BA King,AA Jangoo,Nasum Ahmed,0,0,,LOW
1505127,2,5.4,West Indies,Bangladesh,BA King,AA Jangoo,Nasum Ahmed,0,0,bowled,LOW
1505127,2,5.5,West Indies,Bangladesh,RL Chase,AA Jangoo,Nasum Ahmed,0,0,,LOW
1505127,2,5.6,West Indies,Bangladesh,RL Chase,AA Jangoo,Nasum Ahmed,0,0,,LOW
1505127,2,6.1,West Indies,Bangladesh,AA Jangoo,RL Chase,Mahedi Hasan,1,0,,LOW
1505127,2,6.2,West Indies,Bangladesh,RL Chase,AA Jangoo,Mahedi Hasan,1,0,,LOW
1505127,2,6.3,West Indies,Bangladesh,AA Jangoo,RL Chase,Mahedi Hasan,1,0,,LOW
1505127,2,6.4,West Indies,Bangladesh,RL Chase,AA Jangoo,Mahedi Hasan,0,0,,LOW
1505127,2,6.5,West Indies,Bangladesh,RL Chase,AA Jangoo,Mahedi Hasan,6,0,,HIGH
1505127,2,6.6,West Indies,Bangladesh,RL Chase,AA Jangoo,Mahedi Hasan,1,0,,LOW
1505127,2,7.1,West Indies,Bangladesh,RL Chase,AA Jangoo,Rishad Hossain,1,0,,LOW
1505127,2,7.2,West Indies,Bangladesh,AA Jangoo,RL Chase,Rishad Hossain,4,0,,HIGH
1505127,2,7.3,West Indies,Bangladesh,AA Jangoo,RL Chase,Rishad Hossain,0,0,lbw,LOW
1505127,2,7.4,West Indies,Bangladesh,AWJ Auguste,RL Chase,Rishad Hossain,0,0,,LOW
1505127,2,7.5,West Indies,Bangladesh,AWJ Auguste,RL Chase,Rishad Hossain,2,0,,HIGH
1505127,2,7.6,West Indies,Bangladesh,AWJ Auguste,RL Chase,Rishad Hossain,1,0,,LOW
1505127,2,8.1,West Indies,Bangladesh,AWJ Auguste,RL Chase,Taskin Ahmed,6,0,,HIGH
1505127,2,8.2,West Indies,Bangladesh,AWJ Auguste,RL Chase,Taskin Ahmed,1,0,,LOW
1505127,2,8.3,West Indies,Bangladesh,RL Chase,AWJ Auguste,Taskin Ahmed,1,0,,LOW
1505127,2,8.4,West Indies,Bangladesh,AWJ Auguste,RL Chase,Taskin Ahmed,0,0,,LOW
1505127,2,8.5,West Indies,Bangladesh,AWJ Auguste,RL Chase,Taskin Ahmed,1,0,,LOW
1505127,2,8.6,West Indies,Bangladesh,RL Chase,AWJ Auguste,Taskin Ahmed,2,0,,HIGH
1505127,2,9.1,West Indies,Bangladesh,AWJ Auguste,RL Chase,Rishad Hossain,1,0,,LOW
1505127,2,9.2,West Indies,Bangladesh,RL Chase,AWJ Auguste,Rishad Hossain,2,0,,HIGH
1505127,2,9.3,West Indies,Bangladesh,RL Chase,AWJ Auguste,Rishad Hossain,2,0,,HIGH
1505127,2,9.4,West Indies,Bangladesh,RL Chase,AWJ Auguste,Rishad Hossain,1,0,,LOW
1505127,2,9.5,West Indies,Bangladesh,AWJ Auguste,RL Chase,Rishad Hossain,4,0,,HIGH
1505127,2,9.6,West Indies,Bangladesh,AWJ Auguste,RL Chase,Rishad Hossain,1,0,,LOW
1505127,2,10.1,West Indies,Bangladesh,AWJ Auguste,RL Chase,Mahedi Hasan,1,0,,LOW
1505127,2,10.2,West Indies,Bangladesh,RL Chase,AWJ Auguste,Mahedi Hasan,1,0,,LOW
1505127,2,10.3,West Indies,Bangladesh,AWJ Auguste,RL Chase,Mahedi Hasan,0,0,,LOW
1505127,2,10.4,West Indies,Bangladesh,AWJ Auguste,RL Chase,Mahedi Hasan,1,0,,LOW
1505127,2,10.5,West Indies,Bangladesh,RL Chase,AWJ Auguste,Mahedi Hasan,1,0,,LOW
1505127,2,10.6,West Indies,Bangladesh,AWJ Auguste,RL Chase,Mahedi Hasan,1,0,,LOW
1505127,2,11.1,West Indies,Bangladesh,AWJ Auguste,RL Chase,Nasum Ahmed,0,0,,LOW
1505127,2,11.2,West Indies,Bangladesh,AWJ Auguste,RL Chase,Nasum Ahmed,1,0,,LOW
1505127,2,11.3,West Indies,Bangladesh,RL Chase,AWJ Auguste,Nasum Ahmed,4,0,,HIGH
1505127,2,11.4,West Indies,Bangladesh,RL Chase,AWJ Auguste,Nasum Ahmed,2,0,,HIGH
1505127,2,11.5,West Indies,Bangladesh,RL Chase,AWJ Auguste,Nasum Ahmed,0,0,,LOW
1505127,2,11.6,West Indies,Bangladesh,RL Chase,AWJ Auguste,Nasum Ahmed,4,0,,HIGH
1505127,2,12.1,West Indies,Bangladesh,AWJ Auguste,RL Chase,Rishad Hossain,6,0,,HIGH
1505127,2,12.2,West Indies,Bangladesh,AWJ Auguste,RL Chase,Rishad Hossain,2,0,,HIGH
1505127,2,12.3,West Indies,Bangladesh,AWJ Auguste,RL Chase,Rishad Hossain,6,0,,HIGH
1505127,2,12.4,West Indies,Bangladesh,AWJ Auguste,RL Chase,Rishad Hossain,6,0,,HIGH
1505127,2,12.5,West Indies,Bangladesh,AWJ Auguste,RL Chase,Rishad Hossain,1,0,,LOW
1505127,2,12.6,West Indies,Bangladesh,RL Chase,AWJ Auguste,Rishad Hossain,0,0,,LOW
1505127,2,13.1,West Indies,Bangladesh,AWJ Auguste,RL Chase,Nasum Ahmed,6,0,,HIGH
1505127,2,13.2,West Indies,Bangladesh,AWJ Auguste,RL Chase,Nasum Ahmed,1,0,,LOW
1505127,2,13.3,West Indies,Bangladesh,RL Chase,AWJ Auguste,Nasum Ahmed,1,0,,LOW
1505127,2,13.4,West Indies,Bangladesh,AWJ Auguste,RL Chase,Nasum Ahmed,1,0,,LOW
1505127,2,13.5,West Indies,Bangladesh,RL Chase,AWJ Auguste,Nasum Ahmed,4,0,,HIGH
1505127,2,13.6,West Indies,Bangladesh,RL Chase,AWJ Auguste,Nasum Ahmed,1,0,,LOW
1505127,2,14.1,West Indies,Bangladesh,RL Chase,AWJ Auguste,Taskin Ahmed,4,0,,HIGH
1505127,2,14.2,West Indies,Bangladesh,RL Chase,AWJ Auguste,Taskin Ahmed,2,0,,HIGH
1505127,2,14.3,West Indies,Bangladesh,RL Chase,AWJ Auguste,Taskin Ahmed,2,0,,HIGH
1505127,2,14.4,West Indies,Bangladesh,RL Chase,AWJ Auguste,Taskin Ahmed,4,0,,HIGH
1505127,2,14.5,West Indies,Bangladesh,RL Chase,AWJ Auguste,Taskin Ahmed,2,0,,HIGH
1505127,2,14.6,West Indies,Bangladesh,RL Chase,AWJ Auguste,Taskin Ahmed,1,0,,LOW
1505127,2,15.1,West Indies,Bangladesh,RL Chase,AWJ Auguste,Rishad Hossain,0,0,bowled,LOW
1505127,2,15.2,West Indies,Bangladesh,R Powell,AWJ Auguste,Rishad Hossain,1,0,,LOW
1505127,2,15.3,West Indies,Bangladesh,AWJ Auguste,R Powell,Rishad Hossain,0,0,caught,LOW
1505127,2,15.4,West Indies,Bangladesh,G Motie,R Powell,Rishad Hossain,0,0,,LOW
1505127,2,15.5,West Indies,Bangladesh,G Motie,R Powell,Rishad Hossain,0,0,,LOW
1505127,2,15.6,West Indies,Bangladesh,G Motie,R Powell,Rishad Hossain,2,0,,HIGH
1505127,2,16.1,West Indies,Bangladesh,R Powell,G Motie,Taskin Ahmed,1,0,,LOW
1505127,2,16.2,West Indies,Bangladesh,G Motie,R Powell,Taskin Ahmed,1,0,,LOW
1505127,2,16.3,West Indies,Bangladesh,R Powell,G Motie,Taskin Ahmed,2,0,,HIGH
1505127,2,16.4,West Indies,Bangladesh,R Powell,G Motie,Taskin Ahmed,0,1,,LOW
1505127,2,16.5,West Indies,Bangladesh,R Powell,G Motie,Taskin Ahmed,0,0,,LOW
1505127,2,16.6,West Indies,Bangladesh,R Powell,G Motie,Taskin Ahmed,1,0,,LOW
1399155,1,0.1,Bermuda,Cayman Islands,KS Leverock,T Manders,KA Bazil,1,0,,LOW
1399155,1,0.2,Bermuda,Cayman Islands,T Manders,KS Leverock,KA Bazil,0,0,,LOW
1399155,1,0.3,Bermuda,Cayman Islands,T Manders,KS Leverock,KA Bazil,0,0,,LOW
1399155,1,0.4,Bermuda,Cayman Islands,T Manders,KS Leverock,KA Bazil,0,0,,LOW
1399155,1,0.5,Bermuda,Cayman Islands,T Manders,KS Leverock,KA Bazil,0,0,,LOW
1399155,1,0.6,Bermuda,Cayman Islands,T Manders,KS Leverock,KA Bazil,2,0,,HIGH
1399155,1,1.1,Bermuda,Cayman Islands,KS Leverock,T Manders,C Wright,6,0,,HIGH
1399155,1,1.2,Bermuda,Cayman Islands,KS Leverock,T Manders,C Wright,0,0,,LOW
1399155,1,1.3,Bermuda,Cayman Islands,KS Leverock,T Manders,C Wright,1,0,,LOW
1399155,1,1.4,Bermuda,Cayman Islands,T Manders,KS Leverock,C Wright,0,0,caught,LOW
1399155,1,1.5,Bermuda,Cayman Islands,TS Fray,KS Leverock,C Wright,0,1,,LOW
1399155,1,1.6,Bermuda,Cayman Islands,TS Fray,KS Leverock,C Wright,1,0,,LOW
1399155,1,1.7,Bermuda,Cayman Islands,KS Leverock,TS Fray,C Wright,6,0,,HIGH
1399155,1,2.1,Bermuda,Cayman Islands,TS Fray,KS Leverock,KA Bazil,1,0,,LOW
1399155,1,2.2,Bermuda,Cayman Islands,KS Leverock,TS Fray,KA Bazil,2,0,,HIGH
1399155,1,2.3,Bermuda,Cayman Islands,KS Leverock,TS Fray,KA Bazil,4,0,,HIGH
1399155,1,2.4,Bermuda,Cayman Islands,KS Leverock,TS Fray,KA Bazil,1,0,,LOW
1399155,1,2.5,Bermuda,Cayman Islands,TS Fray,KS Leverock,KA Bazil,1,0,,LOW
1399155,1,2.6,Bermuda,Cayman Islands,KS Leverock,TS Fray,KA Bazil,0,0,,LOW
1399155,1,3.1,Bermuda,Cayman Islands,TS Fray,KS Leverock,T Taylor,1,0,,LOW
1399155,1,3.2,Bermuda,Cayman Islands,KS Leverock,TS Fray,T Taylor,0,0,,LOW
1399155,1,3.3,Bermuda,Cayman Islands,KS Leverock,TS Fray,T Taylor,0,0,,LOW
1399155,1,3.4,Bermuda,Cayman Islands,KS Leverock,TS Fray,T Taylor,6,0,,HIGH
1399155,1,3.5,Bermuda,Cayman Islands,KS Leverock,TS Fray,T Taylor,0,1,,LOW
1399155,1,3.6,Bermuda,Cayman Islands,KS Leverock,TS Fray,T Taylor,0,0,,LOW
1399155,1,3.7,Bermuda,Cayman Islands,KS Leverock,TS Fray,T Taylor,1,0,,LOW
1399155,1,4.1,Bermuda,Cayman Islands,KS Leverock,TS Fray,A Morris,2,0,,HIGH
1399155,1,4.2,Bermuda,Cayman Islands,KS Leverock,TS Fray,A Morris,1,0,,LOW
1399155,1,4.3,Bermuda,Cayman Islands,TS Fray,KS Leverock,A Morris,0,0,,LOW
1399155,1,4.4,Bermuda,Cayman Islands,TS Fray,KS Leverock,A Morris,0,0,,LOW
1399155,1,4.5,Bermuda,Cayman Islands,TS Fray,KS Leverock,A Morris,1,0,,LOW
1399155,1,4.6,Bermuda,Cayman Islands,KS Leverock,TS Fray,A Morris,0,0,,LOW
1399155,1,5.1,Bermuda,Cayman Islands,TS Fray,KS Leverock,T Taylor,1,1,,LOW
1399155,1,5.2,Bermuda,Cayman Islands,KS Leverock,TS Fray,T Taylor,0,1,,LOW
1399155,1,5.3,Bermuda,Cayman Islands,KS Leverock,TS Fray,T Taylor,0,0,,LOW
1399155,1,5.4,Bermuda,Cayman Islands,KS Leverock,TS Fray,T Taylor,1,0,,LOW
1399155,1,5.5,Bermuda,Cayman Islands,KS Leverock,TS Fray,T Taylor,4,0,,HIGH
1399155,1,5.6,Bermuda,Cayman Islands,KS Leverock,TS Fray,T Taylor,0,0,,LOW
1399155,1,5.7,Bermuda,Cayman Islands,KS Leverock,TS Fray,T Taylor,0,0,,LOW
1399155,1,5.8,Bermuda,Cayman Islands,KS Leverock,TS Fray,T Taylor,1,0,,LOW
1399155,1,6.1,Bermuda,Cayman Islands,KS Leverock,TS Fray,A Morris,2,0,,HIGH
1399155,1,6.2,Bermuda,Cayman Islands,KS Leverock,TS Fray,A Morris,2,0,,HIGH
1399155,1,6.3,Bermuda,Cayman Islands,KS Leverock,TS Fray,A Morris,0,0,,LOW
1399155,1,6.4,Bermuda,Cayman Islands,KS Leverock,TS Fray,A Morris,1,0,,LOW
1399155,1,6.5,Bermuda,Cayman Islands,TS Fray,KS Leverock,A Morris,0,0,,LOW
1399155,1,6.6,Bermuda,Cayman Islands,TS Fray,KS Leverock,A Morris,2,0,,HIGH
1399155,1,7.1,Bermuda,Cayman Islands,KS Leverock,TS Fray,KA Bazil,1,0,,LOW
1399155,1,7.2,Bermuda,Cayman Islands,TS Fray,KS Leverock,KA Bazil,0,0,lbw,LOW
1399155,1,7.3,Bermuda,Cayman Islands,DMW Rawlins,KS Leverock,KA Bazil,1,0,,LOW
1399155,1,7.4,Bermuda,Cayman Islands,KS Leverock,DMW Rawlins,KA Bazil,0,0,,LOW
1399155,1,7.5,Bermuda,Cayman Islands,KS Leverock,DMW Rawlins,KA Bazil,2,0,,HIGH
1399155,1,7.6,Bermuda,Cayman Islands,KS Leverock,DMW Rawlins,KA Bazil,1,0,,LOW
1399155,1,8.1,Bermuda,Cayman Islands,KS Leverock,DMW Rawlins,P Manning,6,0,,HIGH
1399155,1,8.2,Bermuda,Cayman Islands,KS Leverock,DMW Rawlins,P Manning,1,0,,LOW
1399155,1,8.3,Bermuda,Cayman Islands,DMW Rawlins,KS Leverock,P Manning,0,1,,LOW
1399155,1,8.4,Bermuda,Cayman Islands,DMW Rawlins,KS Leverock,P Manning,1,0,,LOW
1399155,1,8.5,Bermuda,Cayman Islands,KS Leverock,DMW Rawlins,P Manning,1,0,,LOW
1399155,1,8.6,Bermuda,Cayman Islands,DMW Rawlins,KS Leverock,P Manning,0,0,,LOW
1399155,1,8.7,Bermuda,Cayman Islands,DMW Rawlins,KS Leverock,P Manning,0,0,,LOW
1399155,1,9.1,Bermuda,Cayman Islands,KS Leverock,DMW Rawlins,KA Bazil,1,0,,LOW
1399155,1,9.2,Bermuda,Cayman Islands,DMW Rawlins,KS Leverock,KA Bazil,0,0,bowled,LOW
1399155,1,9.3,Bermuda,Cayman Islands,D Sabir,KS Leverock,KA Bazil,0,0,,LOW
1399155,1,9.4,Bermuda,Cayman Islands,D Sabir,KS Leverock,KA Bazil,2,0,,HIGH
1399155,1,9.5,Bermuda,Cayman Islands,D Sabir,KS Leverock,KA Bazil,0,0,,LOW
1399155,1,9.6,Bermuda,Cayman Islands,D Sabir,KS Leverock,KA Bazil,0,0,,LOW
1399155,1,10.1,Bermuda,Cayman Islands,KS Leverock,D Sabir,P Manning,1,0,,LOW
1399155,1,10.2,Bermuda,Cayman Islands,D Sabir,KS Leverock,P Manning,0,0,bowled,LOW
1399155,1,10.3,Bermuda,Cayman Islands,AC Douglas,KS Leverock,P Manning,0,0,,LOW
1399155,1,10.4,Bermuda,Cayman Islands,AC Douglas,KS Leverock,P Manning,6,0,,HIGH
1399155,1,10.5,Bermuda,Cayman Islands,AC Douglas,KS Leverock,P Manning,1,0,,LOW
1399155,1,10.6,Bermuda,Cayman Islands,KS Leverock,AC Douglas,P Manning,0,1,,LOW
1399155,1,10.7,Bermuda,Cayman Islands,KS Leverock,AC Douglas,P Manning,1,0,,LOW
1399155,1,11.1,Bermuda,Cayman Islands,KS Leverock,AC Douglas,AF Ifill,4,0,,HIGH
1399155,1,11.2,Bermuda,Cayman Islands,KS Leverock,AC Douglas,AF Ifill,0,0,,LOW
1399155,1,11.3,Bermuda,Cayman Islands,KS Leverock,AC Douglas,AF Ifill,1,0,,LOW
1399155,1,11.4,Bermuda,Cayman Islands,AC Douglas,KS Leverock,AF Ifill,0,0,,LOW
1399155,1,11.5,Bermuda,Cayman Islands,AC Douglas,KS Leverock,AF Ifill,4,0,,HIGH
1399155,1,11.6,Bermuda,Cayman Islands,AC Douglas,KS Leverock,AF Ifill,6,0,,HIGH
1399155,1,12.1,Bermuda,Cayman Islands,KS Leverock,AC Douglas,C Wright,1,0,,LOW
1399155,1,12.2,Bermuda,Cayman Islands,AC Douglas,KS Leverock,C Wright,0,1,,LOW
1399155,1,12.3,Bermuda,Cayman Islands,AC Douglas,KS Leverock,C Wright,1,0,,LOW
1399155,1,12.4,Bermuda,Cayman Islands,KS Leverock,AC Douglas,C Wright,0,0,,LOW
1399155,1,12.5,Bermuda,Cayman Islands,KS Leverock,AC Douglas,C Wright,0,0,,LOW
1399155,1,12.6,Bermuda,Cayman Islands,KS Leverock,AC Douglas,C Wright,2,0,,HIGH
1399155,1,12.7,Bermuda,Cayman Islands,KS Leverock,AC Douglas,C Wright,0,0,,LOW
1399155,1,13.1,Bermuda,Cayman Islands,AC Douglas,KS Leverock,T Taylor,2,0,,HIGH
1399155,1,13.2,Bermuda,Cayman Islands,AC Douglas,KS Leverock,T Taylor,0,1,,LOW
1399155,1,13.3,Bermuda,Cayman Islands,AC Douglas,KS Leverock,T Taylor,1,0,,LOW
1399155,1,13.4,Bermuda,Cayman Islands,KS Leverock,AC Douglas,T Taylor,4,0,,HIGH
1399155,1,13.5,Bermuda,Cayman Islands,KS Leverock,AC Douglas,T Taylor,1,0,,LOW
1399155,1,13.6,Bermuda,Cayman Islands,AC Douglas,KS Leverock,T Taylor,6,0,,HIGH
1399155,1,13.7,Bermuda,Cayman Islands,AC Douglas,KS Leverock,T Taylor,0,0,,LOW
1399155,1,14.1,Bermuda,Cayman Islands,KS Leverock,AC Douglas,A Morris,1,0,,LOW
1399155,1,14.2,Bermuda,Cayman Islands,AC Douglas,KS Leverock,A Morris,0,0,,LOW
1399155,1,14.3,Bermuda,Cayman Islands,AC Douglas,KS Leverock,A Morris,4,0,,HIGH
1399155,1,14.4,Bermuda,Cayman Islands,AC Douglas,KS Leverock,A Morris,0,0,,LOW
1399155,1,14.5,Bermuda,Cayman Islands,AC Douglas,KS Leverock,A Morris,1,0,,LOW
1399155,1,14.6,Bermuda,Cayman Islands,KS Leverock,AC Douglas,A Morris,1,0,,LOW
1399155,1,15.1,Bermuda,Cayman Islands,KS Leverock,AC Douglas,AR Naidoo,1,0,,LOW
1399155,1,15.2,Bermuda,Cayman Islands,AC Douglas,KS Leverock,AR Naidoo,1,0,,LOW
1399155,1,15.3,Bermuda,Cayman Islands,KS Leverock,AC Douglas,AR Naidoo,6,0,,HIGH
1399155,1,15.4,Bermuda,Cayman Islands,KS Leverock,AC Douglas,AR Naidoo,6,0,,HIGH
1399155,1,15.5,Bermuda,Cayman Islands,KS Leverock,AC Douglas,AR Naidoo,1,0,,LOW
1399155,1,15.6,Bermuda,Cayman Islands,AC Douglas,KS Leverock,AR Naidoo,2,0,,HIGH
1399155,1,16.1,Bermuda,Cayman Islands,KS Leverock,AC Douglas,A Morris,1,0,,LOW
1399155,1,16.2,Bermuda,Cayman Islands,AC Douglas,KS Leverock,A Morris,0,1,,LOW
1399155,1,16.3,Bermuda,Cayman Islands,KS Leverock,AC Douglas,A Morris,6,0,,HIGH
1399155,1,16.4,Bermuda,Cayman Islands,KS Leverock,AC Douglas,A Morris,1,0,,LOW
1399155,1,16.5,Bermuda,Cayman Islands,AC Douglas,KS Leverock,A Morris,2,0,,HIGH
1399155,1,16.6,Bermuda,Cayman Islands,AC Douglas,KS Leverock,A Morris,1,0,,LOW
1399155,1,17.1,Bermuda,Cayman Islands,AC Douglas,KS Leverock,C Wright,0,0,,LOW
1399155,1,17.2,Bermuda,Cayman Islands,AC Douglas,KS Leverock,C Wright,1,0,,LOW
1399155,1,17.3,Bermuda,Cayman Islands,KS Leverock,AC Douglas,C Wright,4,0,,HIGH
1399155,1,17.4,Bermuda,Cayman Islands,KS Leverock,AC Douglas,C Wright,0,1,,LOW
1399155,1,17.5,Bermuda,Cayman Islands,AC Douglas,KS Leverock,C Wright,4,0,,HIGH
1399155,1,17.6,Bermuda,Cayman Islands,AC Douglas,KS Leverock,C Wright,0,0,bowled,LOW
1399155,1,18.1,Bermuda,Cayman Islands,KS Leverock,C Trott,T Taylor,0,0,caught,LOW
1399155,1,18.2,Bermuda,Cayman Islands,DL Brangman,C Trott,T Taylor,2,0,,HIGH
1399155,1,18.3,Bermuda,Cayman Islands,DL Brangman,C Trott,T Taylor,0,0,,LOW
1399155,1,18.4,Bermuda,Cayman Islands,DL Brangman,C Trott,T Taylor,2,0,,HIGH
1399155,1,18.5,Bermuda,Cayman Islands,DL Brangman,C Trott,T Taylor,0,0,,LOW
1399155,1,18.6,Bermuda,Cayman Islands,DL Brangman,C Trott,T Taylor,1,0,,LOW
1399155,1,19.1,Bermuda,Cayman Islands,DL Brangman,C Trott,C Wright,2,0,,HIGH
1399155,1,19.2,Bermuda,Cayman Islands,DL Brangman,C Trott,C Wright,1,0,,LOW
1399155,1,19.3,Bermuda,Cayman Islands,C Trott,DL Brangman,C Wright,0,0,,LOW
1399155,1,19.4,Bermuda,Cayman Islands,C Trott,DL Brangman,C Wright,1,0,,LOW
1399155,1,19.5,Bermuda,Cayman Islands,DL Brangman,C Trott,C Wright,1,0,,LOW
1399155,1,19.6,Bermuda,Cayman Islands,C Trott,DL Brangman,C Wright,1,0,,LOW
1399155,2,0.1,Cayman Islands,Bermuda,AR Naidoo,P Heron,DMW Rawlins,0,0,,LOW
1399155,2,0.2,Cayman Islands,Bermuda,AR Naidoo,P Heron,DMW Rawlins,1,0,,LOW
1399155,2,0.3,Cayman Islands,Bermuda,P Heron,AR Naidoo,DMW Rawlins,2,0,,HIGH
1399155,2,0.4,Cayman Islands,Bermuda,P Heron,AR Naidoo,DMW Rawlins,5,0,,HIGH
1399155,2,0.5,Cayman Islands,Bermuda,AR Naidoo,P Heron,DMW Rawlins,0,0,,LOW
1399155,2,0.6,Cayman Islands,Bermuda,AR Naidoo,P Heron,DMW Rawlins,0,0,,LOW
1399155,2,1.1,Cayman Islands,Bermuda,P Heron,AR Naidoo,KS Leverock,0,0,bowled,LOW
1399155,2,1.2,Cayman Islands,Bermuda,RA Sealy,AR Naidoo,KS Leverock,4,0,,HIGH
1399155,2,1.3,Cayman Islands,Bermuda,RA Sealy,AR Naidoo,KS Leverock,1,0,,LOW
1399155,2,1.4,Cayman Islands,Bermuda,AR Naidoo,RA Sealy,KS Leverock,0,0,,LOW
1399155,2,1.5,Cayman Islands,Bermuda,AR Naidoo,RA Sealy,KS Leverock,0,0,,LOW
1399155,2,1.6,Cayman Islands,Bermuda,AR Naidoo,RA Sealy,KS Leverock,1,0,,LOW
1399155,2,2.1,Cayman Islands,Bermuda,AR Naidoo,RA Sealy,DMW Rawlins,0,0,,LOW
1399155,2,2.2,Cayman Islands,Bermuda,AR Naidoo,RA Sealy,DMW Rawlins,1,0,,LOW
1399155,2,2.3,Cayman Islands,Bermuda,RA Sealy,AR Naidoo,DMW Rawlins,0,0,,LOW
1399155,2,2.4,Cayman Islands,Bermuda,RA Sealy,AR Naidoo,DMW Rawlins,4,0,,HIGH
1399155,2,2.5,Cayman Islands,Bermuda,RA Sealy,AR Naidoo,DMW Rawlins,0,0,,LOW
1399155,2,2.6,Cayman Islands,Bermuda,RA Sealy,AR Naidoo,DMW Rawlins,0,0,,LOW
1399155,2,3.1,Cayman Islands,Bermuda,AR Naidoo,RA Sealy,C Outerbridge,0,1,,LOW
1399155,2,3.2,Cayman Islands,Bermuda,AR Naidoo,RA Sealy,C Outerbridge,1,0,,LOW
1399155,2,3.3,Cayman Islands,Bermuda,RA Sealy,AR Naidoo,C Outerbridge,0,0,,LOW
1399155,2,3.4,Cayman Islands,Bermuda,RA Sealy,AR Naidoo,C Outerbridge,4,0,,HIGH
1399155,2,3.5,Cayman Islands,Bermuda,RA Sealy,AR Naidoo,C Outerbridge,1,0,,LOW
1399155,2,3.6,Cayman Islands,Bermuda,AR Naidoo,RA Sealy,C Outerbridge,1,0,,LOW
1399155,2,3.7,Cayman Islands,Bermuda,RA Sealy,AR Naidoo,C Outerbridge,4,0,,HIGH
1399155,2,4.1,Cayman Islands,Bermuda,AR Naidoo,RA Sealy,KS Leverock,0,0,,LOW
1399155,2,4.2,Cayman Islands,Bermuda,AR Naidoo,RA Sealy,KS Leverock,0,0,,LOW
1399155,2,4.3,Cayman Islands,Bermuda,AR Naidoo,RA Sealy,KS Leverock,4,0,,HIGH
1399155,2,4.4,Cayman Islands,Bermuda,AR Naidoo,RA Sealy,KS Leverock,0,0,,LOW
1399155,2,4.5,Cayman Islands,Bermuda,AR Naidoo,RA Sealy,KS Leverock,1,0,,LOW
1399155,2,4.6,Cayman Islands,Bermuda,RA Sealy,AR Naidoo,KS Leverock,0,1,,LOW
1399155,2,4.7,Cayman Islands,Bermuda,RA Sealy,AR Naidoo,KS Leverock,0,0,,LOW
1399155,2,5.1,Cayman Islands,Bermuda,AR Naidoo,RA Sealy,Z Burgess,1,0,,LOW
1399155,2,5.2,Cayman Islands,Bermuda,RA Sealy,AR Naidoo,Z Burgess,0,0,,LOW
1399155,2,5.3,Cayman Islands,Bermuda,RA Sealy,AR Naidoo,Z Burgess,0,0,,LOW
1399155,2,5.4,Cayman Islands,Bermuda,RA Sealy,AR Naidoo,Z Burgess,1,0,,LOW
1399155,2,5.5,Cayman Islands,Bermuda,AR Naidoo,RA Sealy,Z Burgess,0,0,,LOW
1399155,2,5.6,Cayman Islands,Bermuda,AR Naidoo,RA Sealy,Z Burgess,0,0,,LOW
1399155,2,6.1,Cayman Islands,Bermuda,RA Sealy,AR Naidoo,DL Brangman,1,0,,LOW
1399155,2,6.2,Cayman Islands,Bermuda,AR Naidoo,RA Sealy,DL Brangman,0,0,,LOW
1399155,2,6.3,Cayman Islands,Bermuda,AR Naidoo,RA Sealy,DL Brangman,1,0,,LOW
1399155,2,6.4,Cayman Islands,Bermuda,RA Sealy,AR Naidoo,DL Brangman,6,0,,HIGH
1399155,2,6.5,Cayman Islands,Bermuda,RA Sealy,AR Naidoo,DL Brangman,0,0,,LOW
1399155,2,6.6,Cayman Islands,Bermuda,RA Sealy,AR Naidoo,DL Brangman,6,0,,HIGH
1399155,2,7.1,Cayman Islands,Bermuda,AR Naidoo,RA Sealy,Z Burgess,0,0,,LOW
1399155,2,7.2,Cayman Islands,Bermuda,AR Naidoo,RA Sealy,Z Burgess,0,0,,LOW
1399155,2,7.3,Cayman Islands,Bermuda,AR Naidoo,RA Sealy,Z Burgess,1,0,,LOW
1399155,2,7.4,Cayman Islands,Bermuda,RA Sealy,AR Naidoo,Z Burgess,1,0,,LOW
1399155,2,7.5,Cayman Islands,Bermuda,AR Naidoo,RA Sealy,Z Burgess,1,0,,LOW
1399155,2,7.6,Cayman Islands,Bermuda,RA Sealy,AR Naidoo,Z Burgess,1,0,,LOW
1399155,2,8.1,Cayman Islands,Bermuda,RA Sealy,AR Naidoo,DMW Rawlins,1,0,,LOW
1399155,2,8.2,Cayman Islands,Bermuda,AR Naidoo,RA Sealy,DMW Rawlins,1,0,,LOW
1399155,2,8.3,Cayman Islands,Bermuda,RA Sealy,AR Naidoo,DMW Rawlins,1,0,,LOW
1399155,2,8.4,Cayman Islands,Bermuda,AR Naidoo,RA Sealy,DMW Rawlins,2,0,,HIGH
1399155,2,8.5,Cayman Islands,Bermuda,AR Naidoo,RA Sealy,DMW Rawlins,1,0,,LOW
1399155,2,8.6,Cayman Islands,Bermuda,RA Sealy,AR Naidoo,DMW Rawlins,0,0,,LOW
1399155,2,9.1,Cayman Islands,Bermuda,AR Naidoo,RA Sealy,Z Burgess,1,0,,LOW
1399155,2,9.2,Cayman Islands,Bermuda,RA Sealy,AR Naidoo,Z Burgess,4,0,,HIGH
1399155,2,9.3,Cayman Islands,Bermuda,RA Sealy,AR Naidoo,Z Burgess,0,0,,LOW
1399155,2,9.4,Cayman Islands,Bermuda,RA Sealy,AR Naidoo,Z Burgess,1,0,,LOW
1399155,2,9.5,Cayman Islands,Bermuda,AR Naidoo,RA Sealy,Z Burgess,1,0,,LOW
1399155,2,9.6,Cayman Islands,Bermuda,RA Sealy,AR Naidoo,Z Burgess,0,0,,LOW
1399155,2,10.1,Cayman Islands,Bermuda,AR Naidoo,RA Sealy,KS Leverock,3,0,,HIGH
1399155,2,10.2,Cayman Islands,Bermuda,RA Sealy,AR Naidoo,KS Leverock,1,0,,LOW
1399155,2,10.3,Cayman Islands,Bermuda,AR Naidoo,RA Sealy,KS Leverock,0,0,,LOW
1399155,2,10.4,Cayman Islands,Bermuda,AR Naidoo,RA Sealy,KS Leverock,1,0,,LOW
1399155,2,10.5,Cayman Islands,Bermuda,RA Sealy,AR Naidoo,KS Leverock,1,0,,LOW
1399155,2,10.6,Cayman Islands,Bermuda,AR Naidoo,RA Sealy,KS Leverock,1,0,,LOW
1399155,2,11.1,Cayman Islands,Bermuda,AR Naidoo,RA Sealy,D Sabir,1,0,,LOW
1399155,2,11.2,Cayman Islands,Bermuda,RA Sealy,AR Naidoo,D Sabir,6,0,,HIGH
1399155,2,11.3,Cayman Islands,Bermuda,RA Sealy,AR Naidoo,D Sabir,0,0,,LOW
1399155,2,11.4,Cayman Islands,Bermuda,RA Sealy,AR Naidoo,D Sabir,6,0,,HIGH
1399155,2,11.5,Cayman Islands,Bermuda,RA Sealy,AR Naidoo,D Sabir,1,0,,LOW
1399155,2,11.6,Cayman Islands,Bermuda,AR Naidoo,RA Sealy,D Sabir,1,0,,LOW
1399155,2,12.1,Cayman Islands,Bermuda,AR Naidoo,RA Sealy,AC Douglas,1,0,,LOW
1399155,2,12.2,Cayman Islands,Bermuda,RA Sealy,AR Naidoo,AC Douglas,1,0,,LOW
1399155,2,12.3,Cayman Islands,Bermuda,AR Naidoo,RA Sealy,AC Douglas,0,2,,LOW
1399155,2,12.4,Cayman Islands,Bermuda,RA Sealy,AR Naidoo,AC Douglas,1,0,,LOW
1399155,2,12.5,Cayman Islands,Bermuda,AR Naidoo,RA Sealy,AC Douglas,0,0,,LOW
1399155,2,12.6,Cayman Islands,Bermuda,AR Naidoo,RA Sealy,AC Douglas,4,0,,HIGH
1399155,2,12.7,Cayman Islands,Bermuda,AR Naidoo,RA Sealy,AC Douglas,0,2,,LOW
1399155,2,12.8,Cayman Islands,Bermuda,RA Sealy,AR Naidoo,AC Douglas,6,0,,HIGH
1399155,2,13.1,Cayman Islands,Bermuda,AR Naidoo,RA Sealy,D Sabir,1,0,,LOW
1399155,2,13.2,Cayman Islands,Bermuda,RA Sealy,AR Naidoo,D Sabir,0,0,,LOW
1399155,2,13.3,Cayman Islands,Bermuda,RA Sealy,AR Naidoo,D Sabir,0,0,caught,LOW
1399155,2,13.4,Cayman Islands,Bermuda,P Manning,AR Naidoo,D Sabir,0,0,,LOW
1399155,2,13.5,Cayman Islands,Bermuda,P Manning,AR Naidoo,D Sabir,1,0,,LOW
1399155,2,13.6,Cayman Islands,Bermuda,AR Naidoo,P Manning,D Sabir,1,0,,LOW
1399155,2,14.1,Cayman Islands,Bermuda,AR Naidoo,P Manning,DL Brangman,0,1,,LOW
1399155,2,14.2,Cayman Islands,Bermuda,AR Naidoo,P Manning,DL Brangman,0,0,caught,LOW
1399155,2,14.3,Cayman Islands,Bermuda,BKB Corbin,P Manning,DL Brangman,0,0,,LOW
1399155,2,14.4,Cayman Islands,Bermuda,BKB Corbin,P Manning,DL Brangman,0,0,caught and bowled,LOW
1399155,2,14.5,Cayman Islands,Bermuda,C Wright,P Manning,DL Brangman,0,0,,LOW
1399155,2,14.6,Cayman Islands,Bermuda,C Wright,P Manning,DL Brangman,0,0,,LOW
1399155,2,14.7,Cayman Islands,Bermuda,C Wright,P Manning,DL Brangman,1,0,,LOW
1399155,2,15.1,Cayman Islands,Bermuda,C Wright,P Manning,D Sabir,0,0,,LOW
1399155,2,15.2,Cayman Islands,Bermuda,C Wright,P Manning,D Sabir,0,0,caught,LOW
1399155,2,15.3,Cayman Islands,Bermuda,T Taylor,P Manning,D Sabir,0,0,,LOW
1399155,2,15.4,Cayman Islands,Bermuda,T Taylor,P Manning,D Sabir,0,0,,LOW
1399155,2,15.5,Cayman Islands,Bermuda,T Taylor,P Manning,D Sabir,1,0,,LOW
1399155,2,15.6,Cayman Islands,Bermuda,P Manning,T Taylor,D Sabir,1,0,,LOW
1399155,2,16.1,Cayman Islands,Bermuda,P Manning,T Taylor,DL Brangman,1,0,,LOW
1399155,2,16.2,Cayman Islands,Bermuda,T Taylor,P Manning,DL Brangman,0,0,caught,LOW
1399155,2,16.3,Cayman Islands,Bermuda,P Chin,P Manning,DL Brangman,0,0,,LOW
1399155,2,16.4,Cayman Islands,Bermuda,P Chin,P Manning,DL Brangman,0,0,,LOW
1399155,2,16.5,Cayman Islands,Bermuda,P Chin,P Manning,DL Brangman,0,0,,LOW
1399155,2,16.6,Cayman Islands,Bermuda,P Chin,P Manning,DL Brangman,0,0,stumped,LOW
1399155,2,17.1,Cayman Islands,Bermuda,P Manning,KA Bazil,DMW Rawlins,0,0,,LOW
1399155,2,17.2,Cayman Islands,Bermuda,P Manning,KA Bazil,DMW Rawlins,0,0,,LOW
1399155,2,17.3,Cayman Islands,Bermuda,P Manning,KA Bazil,DMW Rawlins,0,0,,LOW
1399155,2,17.4,Cayman Islands,Bermuda,P Manning,KA Bazil,DMW Rawlins,0,0,,LOW
1399155,2,17.5,Cayman Islands,Bermuda,P Manning,KA Bazil,DMW Rawlins,1,0,,LOW
1399155,2,17.6,Cayman Islands,Bermuda,KA Bazil,P Manning,DMW Rawlins,1,0,,LOW
1399155,2,18.1,Cayman Islands,Bermuda,KA Bazil,P Manning,DL Brangman,0,0,,LOW
1399155,2,18.2,Cayman Islands,Bermuda,KA Bazil,P Manning,DL Brangman,1,0,,LOW
1399155,2,18.3,Cayman Islands,Bermuda,P Manning,KA Bazil,DL Brangman,1,0,,LOW
1399155,2,18.4,Cayman Islands,Bermuda,KA Bazil,P Manning,DL Brangman,0,0,caught,LOW
1399155,2,18.5,Cayman Islands,Bermuda,A Morris,P Manning,DL Brangman,0,0,,LOW
1399155,2,18.6,Cayman Islands,Bermuda,A Morris,P Manning,DL Brangman,0,0,,LOW
1399155,2,19.1,Cayman Islands,Bermuda,P Manning,A Morris,D Sabir,0,0,,LOW
1399155,2,19.2,Cayman Islands,Bermuda,P Manning,A Morris,D Sabir,0,0,,LOW
1399155,2,19.3,Cayman Islands,Bermuda,P Manning,A Morris,D Sabir,0,0,,LOW
1399155,2,19.4,Cayman Islands,Bermuda,P Manning,A Morris,D Sabir,0,0,,LOW
1399155,2,19.5,Cayman Islands,Bermuda,P Manning,A Morris,D Sabir,0,0,,LOW
1399155,2,19.6,Cayman Islands,Bermuda,P Manning,A Morris,D Sabir,2,0,,HIGH
356006,1,0.1,India,West Indies,G Gambhir,RG Sharma,JE Taylor,0,0,,LOW
356006,1,0.2,India,West Indies,G Gambhir,RG Sharma,JE Taylor,4,0,,HIGH
356006,1,0.3,India,West Indies,G Gambhir,RG Sharma,JE Taylor,0,0,,LOW
356006,1,0.4,India,West Indies,G Gambhir,RG Sharma,JE Taylor,1,0,,LOW
356006,1,0.5,India,West Indies,RG Sharma,G Gambhir,JE Taylor,1,0,,LOW
356006,1,0.6,India,West Indies,G Gambhir,RG Sharma,JE Taylor,2,0,,HIGH
356006,1,1.1,India,West Indies,RG Sharma,G Gambhir,FH Edwards,4,0,,HIGH
356006,1,1.2,India,West Indies,RG Sharma,G Gambhir,FH Edwards,0,0,caught,LOW
356006,1,1.3,India,West Indies,G Gambhir,SK Raina,FH Edwards,0,0,,LOW
356006,1,1.4,India,West Indies,G Gambhir,SK Raina,FH Edwards,0,0,,LOW
356006,1,1.5,India,West Indies,G Gambhir,SK Raina,FH Edwards,1,0,,LOW
356006,1,1.6,India,West Indies,SK Raina,G Gambhir,FH Edwards,1,0,,LOW
356006,1,2.1,India,West Indies,SK Raina,G Gambhir,JE Taylor,1,0,,LOW
356006,1,2.2,India,West Indies,G Gambhir,SK Raina,JE Taylor,0,1,,LOW
356006,1,2.3,India,West Indies,G Gambhir,SK Raina,JE Taylor,0,1,,LOW
356006,1,2.4,India,West Indies,SK Raina,G Gambhir,JE Taylor,3,0,,HIGH
356006,1,2.5,India,West Indies,G Gambhir,SK Raina,JE Taylor,4,0,,HIGH
356006,1,2.6,India,West Indies,G Gambhir,SK Raina,JE Taylor,1,0,,LOW
356006,1,2.7,India,West Indies,SK Raina,G Gambhir,JE Taylor,0,0,,LOW
356006,1,3.1,India,West Indies,G Gambhir,SK Raina,FH Edwards,1,0,,LOW
356006,1,3.2,India,West Indies,SK Raina,G Gambhir,FH Edwards,0,0,,LOW
356006,1,3.3,India,West Indies,SK Raina,G Gambhir,FH Edwards,0,0,,LOW
356006,1,3.4,India,West Indies,SK Raina,G Gambhir,FH Edwards,0,0,,LOW
356006,1,3.5,India,West Indies,SK Raina,G Gambhir,FH Edwards,0,1,,LOW
356006,1,3.6,India,West Indies,SK Raina,G Gambhir,FH Edwards,0,0,caught,LOW
356006,1,3.7,India,West Indies,Yuvraj Singh,G Gambhir,FH Edwards,1,0,,LOW
356006,1,4.1,India,West Indies,Yuvraj Singh,G Gambhir,DJ Bravo,1,0,,LOW
356006,1,4.2,India,West Indies,G Gambhir,Yuvraj Singh,DJ Bravo,0,0,caught,LOW
356006,1,4.3,India,West Indies,Yuvraj Singh,MS Dhoni,DJ Bravo,0,0,,LOW
356006,1,4.4,India,West Indies,Yuvraj Singh,MS Dhoni,DJ Bravo,0,0,,LOW
356006,1,4.5,India,West Indies,Yuvraj Singh,MS Dhoni,DJ Bravo,1,0,,LOW
356006,1,4.6,India,West Indies,MS Dhoni,Yuvraj Singh,DJ Bravo,0,0,,LOW
356006,1,5.1,India,West Indies,Yuvraj Singh,MS Dhoni,FH Edwards,2,0,,HIGH
356006,1,5.2,India,West Indies,Yuvraj Singh,MS Dhoni,FH Edwards,0,0,,LOW
356006,1,5.3,India,West Indies,Yuvraj Singh,MS Dhoni,FH Edwards,1,0,,LOW
356006,1,5.4,India,West Indies,MS Dhoni,Yuvraj Singh,FH Edwards,1,0,,LOW
356006,1,5.5,India,West Indies,Yuvraj Singh,MS Dhoni,FH Edwards,2,0,,HIGH
356006,1,5.6,India,West Indies,Yuvraj Singh,MS Dhoni,FH Edwards,4,0,,HIGH
356006,1,6.1,India,West Indies,MS Dhoni,Yuvraj Singh,CH Gayle,0,0,,LOW
356006,1,6.2,India,West Indies,MS Dhoni,Yuvraj Singh,CH Gayle,0,0,,LOW
356006,1,6.3,India,West Indies,MS Dhoni,Yuvraj Singh,CH Gayle,1,0,,LOW
356006,1,6.4,India,West Indies,Yuvraj Singh,MS Dhoni,CH Gayle,0,0,,LOW
356006,1,6.5,India,West Indies,Yuvraj Singh,MS Dhoni,CH Gayle,2,0,,HIGH
356006,1,6.6,India,West Indies,Yuvraj Singh,MS Dhoni,CH Gayle,1,0,,LOW
356006,1,7.1,India,West Indies,Yuvraj Singh,MS Dhoni,KA Pollard,1,0,,LOW
356006,1,7.2,India,West Indies,MS Dhoni,Yuvraj Singh,KA Pollard,1,0,,LOW
356006,1,7.3,India,West Indies,Yuvraj Singh,MS Dhoni,KA Pollard,1,0,,LOW
356006,1,7.4,India,West Indies,MS Dhoni,Yuvraj Singh,KA Pollard,0,0,,LOW
356006,1,7.5,India,West Indies,MS Dhoni,Yuvraj Singh,KA Pollard,0,0,,LOW
356006,1,7.6,India,West Indies,MS Dhoni,Yuvraj Singh,KA Pollard,0,0,,LOW
356006,1,8.1,India,West Indies,Yuvraj Singh,MS Dhoni,CH Gayle,1,0,,LOW
356006,1,8.2,India,West Indies,MS Dhoni,Yuvraj Singh,CH Gayle,0,0,,LOW
356006,1,8.3,India,West Indies,MS Dhoni,Yuvraj Singh,CH Gayle,1,0,,LOW
356006,1,8.4,India,West Indies,Yuvraj Singh,MS Dhoni,CH Gayle,1,0,,LOW
356006,1,8.5,India,West Indies,MS Dhoni,Yuvraj Singh,CH Gayle,0,0,,LOW
356006,1,8.6,India,West Indies,MS Dhoni,Yuvraj Singh,CH Gayle,0,0,,LOW
356006,1,9.1,India,West Indies,Yuvraj Singh,MS Dhoni,KA Pollard,1,0,,LOW
356006,1,9.2,India,West Indies,MS Dhoni,Yuvraj Singh,KA Pollard,0,0,,LOW
356006,1,9.3,India,West Indies,MS Dhoni,Yuvraj Singh,KA Pollard,1,0,,LOW
356006,1,9.4,India,West Indies,Yuvraj Singh,MS Dhoni,KA Pollard,2,0,,HIGH
356006,1,9.5,India,West Indies,Yuvraj Singh,MS Dhoni,KA Pollard,0,0,,LOW
356006,1,9.6,India,West Indies,Yuvraj Singh,MS Dhoni,KA Pollard,0,0,,LOW
356006,1,10.1,India,West Indies,MS Dhoni,Yuvraj Singh,CH Gayle,2,0,,HIGH
356006,1,10.2,India,West Indies,MS Dhoni,Yuvraj Singh,CH Gayle,1,0,,LOW
356006,1,10.3,India,West Indies,Yuvraj Singh,MS Dhoni,CH Gayle,1,0,,LOW
356006,1,10.4,India,West Indies,MS Dhoni,Yuvraj Singh,CH Gayle,1,0,,LOW
356006,1,10.5,India,West Indies,Yuvraj Singh,MS Dhoni,CH Gayle,1,0,,LOW
356006,1,10.6,India,West Indies,MS Dhoni,Yuvraj Singh,CH Gayle,0,0,,LOW
356006,1,11.1,India,West Indies,Yuvraj Singh,MS Dhoni,SJ Benn,0,0,,LOW
356006,1,11.2,India,West Indies,Yuvraj Singh,MS Dhoni,SJ Benn,3,0,,HIGH
356006,1,11.3,India,West Indies,MS Dhoni,Yuvraj Singh,SJ Benn,0,0,,LOW
356006,1,11.4,India,West Indies,MS Dhoni,Yuvraj Singh,SJ Benn,1,0,,LOW
356006,1,11.5,India,West Indies,Yuvraj Singh,MS Dhoni,SJ Benn,1,0,,LOW
356006,1,11.6,India,West Indies,MS Dhoni,Yuvraj Singh,SJ Benn,1,0,,LOW
356006,1,12.1,India,West Indies,MS Dhoni,Yuvraj Singh,DJ Bravo,0,0,caught,LOW
356006,1,12.2,India,West Indies,YK Pathan,Yuvraj Singh,DJ Bravo,1,0,,LOW
356006,1,12.3,India,West Indies,Yuvraj Singh,YK Pathan,DJ Bravo,4,0,,HIGH
356006,1,12.4,India,West Indies,Yuvraj Singh,YK Pathan,DJ Bravo,1,0,,LOW
356006,1,12.5,India,West Indies,YK Pathan,Yuvraj Singh,DJ Bravo,0,0,,LOW
356006,1,12.6,India,West Indies,YK Pathan,Yuvraj Singh,DJ Bravo,1,0,,LOW
356006,1,13.1,India,West Indies,YK Pathan,Yuvraj Singh,SJ Benn,0,0,,LOW
356006,1,13.2,India,West Indies,YK Pathan,Yuvraj Singh,SJ Benn,1,0,,LOW
356006,1,13.3,India,West Indies,Yuvraj Singh,YK Pathan,SJ Benn,0,1,,LOW
356006,1,13.4,India,West Indies,Yuvraj Singh,YK Pathan,SJ Benn,0,0,,LOW
356006,1,13.5,India,West Indies,Yuvraj Singh,YK Pathan,SJ Benn,0,0,,LOW
356006,1,13.6,India,West Indies,Yuvraj Singh,YK Pathan,SJ Benn,0,0,,LOW
356006,1,13.7,India,West Indies,Yuvraj Singh,YK Pathan,SJ Benn,6,0,,HIGH
356006,1,14.1,India,West Indies,YK Pathan,Yuvraj Singh,DJ Bravo,0,0,,LOW
356006,1,14.2,India,West Indies,YK Pathan,Yuvraj Singh,DJ Bravo,1,0,,LOW
356006,1,14.3,India,West Indies,Yuvraj Singh,YK Pathan,DJ Bravo,4,0,,HIGH
356006,1,14.4,India,West Indies,Yuvraj Singh,YK Pathan,DJ Bravo,1,0,,LOW
356006,1,14.5,India,West Indies,YK Pathan,Yuvraj Singh,DJ Bravo,4,0,,HIGH
356006,1,14.6,India,West Indies,YK Pathan,Yuvraj Singh,DJ Bravo,6,0,,HIGH
356006,1,15.1,India,West Indies,Yuvraj Singh,YK Pathan,SJ Benn,1,0,,LOW
356006,1,15.2,India,West Indies,YK Pathan,Yuvraj Singh,SJ Benn,0,0,,LOW
356006,1,15.3,India,West Indies,YK Pathan,Yuvraj Singh,SJ Benn,4,0,,HIGH
356006,1,15.4,India,West Indies,YK Pathan,Yuvraj Singh,SJ Benn,1,0,,LOW
356006,1,15.5,India,West Indies,Yuvraj Singh,YK Pathan,SJ Benn,2,0,,HIGH
356006,1,15.6,India,West Indies,Yuvraj Singh,YK Pathan,SJ Benn,4,0,,HIGH
356006,1,16.1,India,West Indies,YK Pathan,Yuvraj Singh,JE Taylor,1,0,,LOW
356006,1,16.2,India,West Indies,Yuvraj Singh,YK Pathan,JE Taylor,4,0,,HIGH
356006,1,16.3,India,West Indies,Yuvraj Singh,YK Pathan,JE Taylor,2,0,,HIGH
356006,1,16.4,India,West Indies,Yuvraj Singh,YK Pathan,JE Taylor,0,0,,LOW
356006,1,16.5,India,West Indies,Yuvraj Singh,YK Pathan,JE Taylor,4,0,,HIGH
356006,1,16.6,India,West Indies,Yuvraj Singh,YK Pathan,JE Taylor,6,0,,HIGH
356006,1,17.1,India,West Indies,YK Pathan,Yuvraj Singh,FH Edwards,0,0,,LOW
356006,1,17.2,India,West Indies,YK Pathan,Yuvraj Singh,FH Edwards,2,0,,HIGH
356006,1,17.3,India,West Indies,YK Pathan,Yuvraj Singh,FH Edwards,0,1,,LOW
356006,1,17.4,India,West Indies,YK Pathan,Yuvraj Singh,FH Edwards,1,0,,LOW
356006,1,17.5,India,West Indies,Yuvraj Singh,YK Pathan,FH Edwards,0,0,caught and bowled,LOW
356006,1,17.6,India,West Indies,YK Pathan,IK Pathan,FH Edwards,1,0,,LOW
356006,1,17.7,India,West Indies,IK Pathan,YK Pathan,FH Edwards,0,0,,LOW
356006,1,18.1,India,West Indies,YK Pathan,IK Pathan,JE Taylor,4,0,,HIGH
356006,1,18.2,India,West Indies,YK Pathan,IK Pathan,JE Taylor,2,0,,HIGH
356006,1,18.3,India,West Indies,YK Pathan,IK Pathan,JE Taylor,0,0,,LOW
356006,1,18.4,India,West Indies,YK Pathan,IK Pathan,JE Taylor,0,0,,LOW
356006,1,18.5,India,West Indies,YK Pathan,IK Pathan,JE Taylor,1,0,,LOW
356006,1,18.6,India,West Indies,IK Pathan,YK Pathan,JE Taylor,2,0,,HIGH
356006,1,19.1,India,West Indies,YK Pathan,IK Pathan,DJ Bravo,0,0,bowled,LOW
356006,1,19.2,India,West Indies,Harbhajan Singh,IK Pathan,DJ Bravo,1,0,,LOW
356006,1,19.3,India,West Indies,IK Pathan,Harbhajan Singh,DJ Bravo,0,0,caught,LOW
356006,1,19.4,India,West Indies,Harbhajan Singh,Z Khan,DJ Bravo,4,0,,HIGH
356006,1,19.5,India,West Indies,Harbhajan Singh,Z Khan,DJ Bravo,4,0,,HIGH
356006,1,19.6,India,West Indies,Harbhajan Singh,Z Khan,DJ Bravo,4,0,,HIGH
356006,2,0.1,West Indies,India,CH Gayle,ADS Fletcher,Z Khan,0,0,,LOW
356006,2,0.2,West Indies,India,CH Gayle,ADS Fletcher,Z Khan,0,0,,LOW
356006,2,0.3,West Indies,India,CH Gayle,ADS Fletcher,Z Khan,0,0,,LOW
356006,2,0.4,West Indies,India,CH Gayle,ADS Fletcher,Z Khan,4,0,,HIGH
356006,2,0.5,West Indies,India,CH Gayle,ADS Fletcher,Z Khan,0,0,,LOW
356006,2,0.6,West Indies,India,CH Gayle,ADS Fletcher,Z Khan,4,0,,HIGH
356006,2,1.1,West Indies,India,ADS Fletcher,CH Gayle,IK Pathan,0,1,,LOW
356006,2,1.2,West Indies,India,ADS Fletcher,CH Gayle,IK Pathan,0,0,,LOW
356006,2,1.3,West Indies,India,ADS Fletcher,CH Gayle,IK Pathan,0,0,caught,LOW
356006,2,1.4,West Indies,India,LMP Simmons,CH Gayle,IK Pathan,1,0,,LOW
356006,2,1.5,West Indies,India,CH Gayle,LMP Simmons,IK Pathan,0,0,,LOW
356006,2,1.6,West Indies,India,CH Gayle,LMP Simmons,IK Pathan,1,0,,LOW
356006,2,1.7,West Indies,India,LMP Simmons,CH Gayle,IK Pathan,1,0,,LOW
356006,2,2.1,West Indies,India,LMP Simmons,CH Gayle,YK Pathan,1,0,,LOW
356006,2,2.2,West Indies,India,CH Gayle,LMP Simmons,YK Pathan,0,0,,LOW
356006,2,2.3,West Indies,India,CH Gayle,LMP Simmons,YK Pathan,1,0,,LOW
356006,2,2.4,West Indies,India,LMP Simmons,CH Gayle,YK Pathan,0,0,,LOW
356006,2,2.5,West Indies,India,LMP Simmons,CH Gayle,YK Pathan,4,0,,HIGH
356006,2,2.6,West Indies,India,LMP Simmons,CH Gayle,YK Pathan,0,0,,LOW
356006,2,3.1,West Indies,India,CH Gayle,LMP Simmons,IK Pathan,4,0,,HIGH
356006,2,3.2,West Indies,India,CH Gayle,LMP Simmons,IK Pathan,0,0,,LOW
356006,2,3.3,West Indies,India,CH Gayle,LMP Simmons,IK Pathan,1,0,,LOW
356006,2,3.4,West Indies,India,LMP Simmons,CH Gayle,IK Pathan,0,0,,LOW
356006,2,3.5,West Indies,India,LMP Simmons,CH Gayle,IK Pathan,0,1,,LOW
356006,2,3.6,West Indies,India,CH Gayle,LMP Simmons,IK Pathan,0,0,,LOW
356006,2,4.1,West Indies,India,LMP Simmons,CH Gayle,YK Pathan,1,0,,LOW
356006,2,4.2,West Indies,India,CH Gayle,LMP Simmons,YK Pathan,4,0,,HIGH
356006,2,4.3,West Indies,India,CH Gayle,LMP Simmons,YK Pathan,0,0,,LOW
356006,2,4.4,West Indies,India,CH Gayle,LMP Simmons,YK Pathan,1,0,,LOW
356006,2,4.5,West Indies,India,LMP Simmons,CH Gayle,YK Pathan,0,0,,LOW
356006,2,4.6,West Indies,India,LMP Simmons,CH Gayle,YK Pathan,2,0,,HIGH
356006,2,5.1,West Indies,India,CH Gayle,LMP Simmons,Harbhajan Singh,0,0,,LOW
356006,2,5.2,West Indies,India,CH Gayle,LMP Simmons,Harbhajan Singh,0,0,,LOW
356006,2,5.3,West Indies,India,CH Gayle,LMP Simmons,Harbhajan Singh,0,0,,LOW
356006,2,5.4,West Indies,India,CH Gayle,LMP Simmons,Harbhajan Singh,0,0,,LOW
356006,2,5.5,West Indies,India,CH Gayle,LMP Simmons,Harbhajan Singh,0,0,,LOW
356006,2,5.6,West Indies,India,CH Gayle,LMP Simmons,Harbhajan Singh,0,0,,LOW
356006,2,6.1,West Indies,India,LMP Simmons,CH Gayle,I Sharma,4,0,,HIGH
356006,2,6.2,West Indies,India,LMP Simmons,CH Gayle,I Sharma,1,0,,LOW
356006,2,6.3,West Indies,India,CH Gayle,LMP Simmons,I Sharma,0,0,,LOW
356006,2,6.4,West Indies,India,CH Gayle,LMP Simmons,I Sharma,0,0,,LOW
356006,2,6.5,West Indies,India,CH Gayle,LMP Simmons,I Sharma,1,0,,LOW
356006,2,6.6,West Indies,India,LMP Simmons,CH Gayle,I Sharma,1,0,,LOW
356006,2,7.1,West Indies,India,LMP Simmons,CH Gayle,YK Pathan,1,0,,LOW
356006,2,7.2,West Indies,India,CH Gayle,LMP Simmons,YK Pathan,1,0,,LOW
356006,2,7.3,West Indies,India,LMP Simmons,CH Gayle,YK Pathan,1,0,,LOW
356006,2,7.4,West Indies,India,CH Gayle,LMP Simmons,YK Pathan,0,0,caught,LOW
356006,2,7.5,West Indies,India,DJ Bravo,LMP Simmons,YK Pathan,1,0,,LOW
356006,2,7.6,West Indies,India,LMP Simmons,DJ Bravo,YK Pathan,1,0,,LOW
356006,2,8.1,West Indies,India,LMP Simmons,DJ Bravo,PP Ojha,1,0,,LOW
356006,2,8.2,West Indies,India,DJ Bravo,LMP Simmons,PP Ojha,0,0,,LOW
356006,2,8.3,West Indies,India,DJ Bravo,LMP Simmons,PP Ojha,2,0,,HIGH
356006,2,8.4,West Indies,India,DJ Bravo,LMP Simmons,PP Ojha,1,0,,LOW
356006,2,8.5,West Indies,India,LMP Simmons,DJ Bravo,PP Ojha,1,0,,LOW
356006,2,8.6,West Indies,India,DJ Bravo,LMP Simmons,PP Ojha,4,0,,HIGH
356006,2,9.1,West Indies,India,LMP Simmons,DJ Bravo,YK Pathan,1,0,,LOW
356006,2,9.2,West Indies,India,DJ Bravo,LMP Simmons,YK Pathan,4,0,,HIGH
356006,2,9.3,West Indies,India,DJ Bravo,LMP Simmons,YK Pathan,0,0,,LOW
356006,2,9.4,West Indies,India,DJ Bravo,LMP Simmons,YK Pathan,0,0,,LOW
356006,2,9.5,West Indies,India,DJ Bravo,LMP Simmons,YK Pathan,2,0,,HIGH
356006,2,9.6,West Indies,India,DJ Bravo,LMP Simmons,YK Pathan,1,0,,LOW
356006,2,10.1,West Indies,India,DJ Bravo,LMP Simmons,PP Ojha,1,0,,LOW
356006,2,10.2,West Indies,India,LMP Simmons,DJ Bravo,PP Ojha,1,0,,LOW
356006,2,10.3,West Indies,India,DJ Bravo,LMP Simmons,PP Ojha,1,0,,LOW
356006,2,10.4,West Indies,India,LMP Simmons,DJ Bravo,PP Ojha,4,0,,HIGH
356006,2,10.5,West Indies,India,LMP Simmons,DJ Bravo,PP Ojha,1,0,,LOW
356006,2,10.6,West Indies,India,DJ Bravo,LMP Simmons,PP Ojha,1,0,,LOW
356006,2,11.1,West Indies,India,DJ Bravo,LMP Simmons,Harbhajan Singh,2,0,,HIGH
356006,2,11.2,West Indies,India,DJ Bravo,LMP Simmons,Harbhajan Singh,4,0,,HIGH
356006,2,11.3,West Indies,India,DJ Bravo,LMP Simmons,Harbhajan Singh,1,0,,LOW
356006,2,11.4,West Indies,India,LMP Simmons,DJ Bravo,Harbhajan Singh,0,0,,LOW
356006,2,11.5,West Indies,India,LMP Simmons,DJ Bravo,Harbhajan Singh,1,0,,LOW
356006,2,11.6,West Indies,India,DJ Bravo,LMP Simmons,Harbhajan Singh,2,0,,HIGH
356006,2,12.1,West Indies,India,LMP Simmons,DJ Bravo,Z Khan,0,0,,LOW
356006,2,12.2,West Indies,India,LMP Simmons,DJ Bravo,Z Khan,0,0,,LOW
356006,2,12.3,West Indies,India,LMP Simmons,DJ Bravo,Z Khan,0,0,,LOW
356006,2,12.4,West Indies,India,LMP Simmons,DJ Bravo,Z Khan,0,1,,LOW
356006,2,12.5,West Indies,India,LMP Simmons,DJ Bravo,Z Khan,2,0,,HIGH
356006,2,12.6,West Indies,India,LMP Simmons,DJ Bravo,Z Khan,4,0,,HIGH
356006,2,12.7,West Indies,India,LMP Simmons,DJ Bravo,Z Khan,1,0,,LOW
356006,2,13.1,West Indies,India,LMP Simmons,DJ Bravo,I Sharma,1,0,,LOW
356006,2,13.2,West Indies,India,DJ Bravo,LMP Simmons,I Sharma,0,1,,LOW
356006,2,13.3,West Indies,India,LMP Simmons,DJ Bravo,I Sharma,0,1,,LOW
356006,2,13.4,West Indies,India,LMP Simmons,DJ Bravo,I Sharma,1,0,,LOW
356006,2,13.5,West Indies,India,DJ Bravo,LMP Simmons,I Sharma,0,1,,LOW
356006,2,13.6,West Indies,India,LMP Simmons,DJ Bravo,I Sharma,4,0,,HIGH
356006,2,13.7,West Indies,India,LMP Simmons,DJ Bravo,I Sharma,1,0,,LOW
356006,2,14.1,West Indies,India,LMP Simmons,DJ Bravo,PP Ojha,1,0,,LOW
356006,2,14.2,West Indies,India,DJ Bravo,LMP Simmons,PP Ojha,1,0,,LOW
356006,2,14.3,West Indies,India,LMP Simmons,DJ Bravo,PP Ojha,0,0,caught,LOW
356006,2,14.4,West Indies,India,DJ Bravo,S Chanderpaul,PP Ojha,6,0,,HIGH
356006,2,14.5,West Indies,India,DJ Bravo,S Chanderpaul,PP Ojha,2,0,,HIGH
356006,2,14.6,West Indies,India,DJ Bravo,S Chanderpaul,PP Ojha,1,0,,LOW
356006,2,15.1,West Indies,India,DJ Bravo,S Chanderpaul,Harbhajan Singh,1,0,,LOW
356006,2,15.2,West Indies,India,S Chanderpaul,DJ Bravo,Harbhajan Singh,1,0,,LOW
356006,2,15.3,West Indies,India,DJ Bravo,S Chanderpaul,Harbhajan Singh,2,0,,HIGH
356006,2,15.4,West Indies,India,DJ Bravo,S Chanderpaul,Harbhajan Singh,1,0,,LOW
356006,2,15.5,West Indies,India,S Chanderpaul,DJ Bravo,Harbhajan Singh,0,0,,LOW
356006,2,15.6,West Indies,India,S Chanderpaul,DJ Bravo,Harbhajan Singh,1,0,,LOW
356006,2,16.1,West Indies,India,S Chanderpaul,DJ Bravo,I Sharma,1,0,,LOW
356006,2,16.2,West Indies,India,DJ Bravo,S Chanderpaul,I Sharma,2,0,,HIGH
356006,2,16.3,West Indies,India,DJ Bravo,S Chanderpaul,I Sharma,6,0,,HIGH
356006,2,16.4,West Indies,India,DJ Bravo,S Chanderpaul,I Sharma,2,0,,HIGH
356006,2,16.5,West Indies,India,DJ Bravo,S Chanderpaul,I Sharma,1,0,,LOW
356006,2,16.6,West Indies,India,S Chanderpaul,DJ Bravo,I Sharma,4,0,,HIGH
356006,2,17.1,West Indies,India,DJ Bravo,S Chanderpaul,Harbhajan Singh,0,0,,LOW
356006,2,17.2,West Indies,India,DJ Bravo,S Chanderpaul,Harbhajan Singh,4,0,,HIGH
356006,2,17.3,West Indies,India,DJ Bravo,S Chanderpaul,Harbhajan Singh,2,0,,HIGH
356006,2,17.4,West Indies,India,DJ Bravo,S Chanderpaul,Harbhajan Singh,1,0,,LOW
356006,2,17.5,West Indies,India,S Chanderpaul,DJ Bravo,Harbhajan Singh,4,0,,HIGH
356006,2,17.6,West Indies,India,S Chanderpaul,DJ Bravo,Harbhajan Singh,4,0,,HIGH
356006,2,18.1,West Indies,India,DJ Bravo,S Chanderpaul,Z Khan,1,0,,LOW
356006,2,18.2,West Indies,India,S Chanderpaul,DJ Bravo,Z Khan,2,0,,HIGH
356006,2,18.3,West Indies,India,S Chanderpaul,DJ Bravo,Z Khan,1,0,,LOW
356006,2,18.4,West Indies,India,DJ Bravo,S Chanderpaul,Z Khan,6,0,,HIGH
800479,1,0.1,England,South Africa,JJ Roy,AD Hales,KJ Abbott,1,0,,LOW
800479,1,0.2,England,South Africa,AD Hales,JJ Roy,KJ Abbott,4,0,,HIGH
800479,1,0.3,England,South Africa,AD Hales,JJ Roy,KJ Abbott,0,2,,LOW
800479,1,0.4,England,South Africa,AD Hales,JJ Roy,KJ Abbott,0,0,,LOW
800479,1,0.5,England,South Africa,AD Hales,JJ Roy,KJ Abbott,2,0,,HIGH
800479,1,0.6,England,South Africa,AD Hales,JJ Roy,KJ Abbott,1,0,,LOW
800479,1,1.1,England,South Africa,AD Hales,JJ Roy,K Rabada,4,0,,HIGH
800479,1,1.2,England,South Africa,AD Hales,JJ Roy,K Rabada,0,0,,LOW
800479,1,1.3,England,South Africa,AD Hales,JJ Roy,K Rabada,4,0,,HIGH
800479,1,1.4,England,South Africa,AD Hales,JJ Roy,K Rabada,4,0,,HIGH
800479,1,1.5,England,South Africa,AD Hales,JJ Roy,K Rabada,0,0,,LOW
800479,1,1.6,England,South Africa,AD Hales,JJ Roy,K Rabada,0,0,,LOW
800479,1,2.1,England,South Africa,JJ Roy,AD Hales,KJ Abbott,6,0,,HIGH
800479,1,2.2,England,South Africa,JJ Roy,AD Hales,KJ Abbott,4,0,,HIGH
800479,1,2.3,England,South Africa,JJ Roy,AD Hales,KJ Abbott,0,1,,LOW
800479,1,2.4,England,South Africa,JJ Roy,AD Hales,KJ Abbott,0,0,,LOW
800479,1,2.5,England,South Africa,JJ Roy,AD Hales,KJ Abbott,2,0,,HIGH
800479,1,2.6,England,South Africa,JJ Roy,AD Hales,KJ Abbott,0,0,,LOW
800479,1,2.7,England,South Africa,JJ Roy,AD Hales,KJ Abbott,1,0,,LOW
800479,1,3.1,England,South Africa,JJ Roy,AD Hales,K Rabada,0,0,,LOW
800479,1,3.2,England,South Africa,JJ Roy,AD Hales,K Rabada,1,0,,LOW
800479,1,3.3,England,South Africa,AD Hales,JJ Roy,K Rabada,1,0,,LOW
800479,1,3.4,England,South Africa,JJ Roy,AD Hales,K Rabada,0,0,caught,LOW
800479,1,3.5,England,South Africa,JE Root,AD Hales,K Rabada,1,0,,LOW
800479,1,3.6,England,South Africa,AD Hales,JE Root,K Rabada,0,0,,LOW
800479,1,4.1,England,South Africa,JE Root,AD Hales,CH Morris,0,0,,LOW
800479,1,4.2,England,South Africa,JE Root,AD Hales,CH Morris,0,0,,LOW
800479,1,4.3,England,South Africa,JE Root,AD Hales,CH Morris,1,0,,LOW
800479,1,4.4,England,South Africa,AD Hales,JE Root,CH Morris,4,0,,HIGH
800479,1,4.5,England,South Africa,AD Hales,JE Root,CH Morris,0,0,,LOW
800479,1,4.6,England,South Africa,AD Hales,JE Root,CH Morris,1,0,,LOW
800479,1,5.1,England,South Africa,AD Hales,JE Root,K Rabada,0,0,,LOW
800479,1,5.2,England,South Africa,AD Hales,JE Root,K Rabada,1,0,,LOW
800479,1,5.3,England,South Africa,JE Root,AD Hales,K Rabada,0,0,,LOW
800479,1,5.4,England,South Africa,JE Root,AD Hales,K Rabada,0,0,,LOW
800479,1,5.5,England,South Africa,JE Root,AD Hales,K Rabada,0,0,,LOW
800479,1,5.6,England,South Africa,JE Root,AD Hales,K Rabada,4,0,,HIGH
800479,1,6.1,England,South Africa,AD Hales,JE Root,Imran Tahir,1,0,,LOW
800479,1,6.2,England,South Africa,JE Root,AD Hales,Imran Tahir,1,0,,LOW
800479,1,6.3,England,South Africa,AD Hales,JE Root,Imran Tahir,0,0,,LOW
800479,1,6.4,England,South Africa,AD Hales,JE Root,Imran Tahir,0,0,caught,LOW
800479,1,6.5,England,South Africa,JE Root,EJG Morgan,Imran Tahir,0,0,,LOW
800479,1,6.6,England,South Africa,JE Root,EJG Morgan,Imran Tahir,1,0,,LOW
800479,1,7.1,England,South Africa,JE Root,EJG Morgan,D Wiese,0,0,caught,LOW
800479,1,7.2,England,South Africa,BA Stokes,EJG Morgan,D Wiese,0,0,,LOW
800479,1,7.3,England,South Africa,BA Stokes,EJG Morgan,D Wiese,0,0,,LOW
800479,1,7.4,England,South Africa,BA Stokes,EJG Morgan,D Wiese,0,0,,LOW
800479,1,7.5,England,South Africa,BA Stokes,EJG Morgan,D Wiese,1,0,,LOW
800479,1,7.6,England,South Africa,EJG Morgan,BA Stokes,D Wiese,4,0,,HIGH
800479,1,8.1,England,South Africa,BA Stokes,EJG Morgan,Imran Tahir,4,0,,HIGH
800479,1,8.2,England,South Africa,BA Stokes,EJG Morgan,Imran Tahir,6,0,,HIGH
800479,1,8.3,England,South Africa,BA Stokes,EJG Morgan,Imran Tahir,0,0,stumped,LOW
800479,1,8.4,England,South Africa,JC Buttler,EJG Morgan,Imran Tahir,0,0,,LOW
800479,1,8.5,England,South Africa,JC Buttler,EJG Morgan,Imran Tahir,1,0,,LOW
800479,1,8.6,England,South Africa,EJG Morgan,JC Buttler,Imran Tahir,1,0,,LOW
800479,1,9.1,England,South Africa,EJG Morgan,JC Buttler,D Wiese,0,0,,LOW
800479,1,9.2,England,South Africa,EJG Morgan,JC Buttler,D Wiese,1,0,,LOW
800479,1,9.3,England,South Africa,JC Buttler,EJG Morgan,D Wiese,0,0,,LOW
800479,1,9.4,England,South Africa,JC Buttler,EJG Morgan,D Wiese,1,0,,LOW
800479,1,9.5,England,South Africa,EJG Morgan,JC Buttler,D Wiese,1,0,,LOW
800479,1,9.6,England,South Africa,JC Buttler,EJG Morgan,D Wiese,1,0,,LOW
800479,1,10.1,England,South Africa,JC Buttler,EJG Morgan,CH Morris,1,0,,LOW
800479,1,10.2,England,South Africa,EJG Morgan,JC Buttler,CH Morris,0,0,,LOW
800479,1,10.3,England,South Africa,EJG Morgan,JC Buttler,CH Morris,1,0,,LOW
800479,1,10.4,England,South Africa,JC Buttler,EJG Morgan,CH Morris,1,0,,LOW
800479,1,10.5,England,South Africa,EJG Morgan,JC Buttler,CH Morris,1,0,,LOW
800479,1,10.6,England,South Africa,JC Buttler,EJG Morgan,CH Morris,0,0,,LOW
800479,1,11.1,England,South Africa,EJG Morgan,JC Buttler,D Wiese,1,0,,LOW
800479,1,11.2,England,South Africa,JC Buttler,EJG Morgan,D Wiese,0,0,,LOW
800479,1,11.3,England,South Africa,JC Buttler,EJG Morgan,D Wiese,0,0,,LOW
800479,1,11.4,England,South Africa,JC Buttler,EJG Morgan,D Wiese,1,0,,LOW
800479,1,11.5,England,South Africa,EJG Morgan,JC Buttler,D Wiese,0,0,,LOW
800479,1,11.6,England,South Africa,EJG Morgan,JC Buttler,D Wiese,0,0,,LOW
800479,1,12.1,England,South Africa,JC Buttler,EJG Morgan,Imran Tahir,1,0,,LOW
800479,1,12.2,England,South Africa,EJG Morgan,JC Buttler,Imran Tahir,0,0,caught,LOW
800479,1,12.3,England,South Africa,MM Ali,JC Buttler,Imran Tahir,0,0,caught,LOW
800479,1,12.4,England,South Africa,CJ Jordan,JC Buttler,Imran Tahir,0,0,,LOW
800479,1,12.5,England,South Africa,CJ Jordan,JC Buttler,Imran Tahir,0,0,,LOW
800479,1,12.6,England,South Africa,CJ Jordan,JC Buttler,Imran Tahir,0,0,,LOW
800479,1,13.1,England,South Africa,JC Buttler,CJ Jordan,D Wiese,1,0,,LOW
800479,1,13.2,England,South Africa,CJ Jordan,JC Buttler,D Wiese,0,0,,LOW
800479,1,13.3,England,South Africa,CJ Jordan,JC Buttler,D Wiese,1,0,,LOW
800479,1,13.4,England,South Africa,JC Buttler,CJ Jordan,D Wiese,1,0,,LOW
800479,1,13.5,England,South Africa,CJ Jordan,JC Buttler,D Wiese,4,0,,HIGH
800479,1,13.6,England,South Africa,CJ Jordan,JC Buttler,D Wiese,1,0,,LOW
800479,1,14.1,England,South Africa,CJ Jordan,JC Buttler,Imran Tahir,1,0,,LOW
800479,1,14.2,England,South Africa,JC Buttler,CJ Jordan,Imran Tahir,1,0,,LOW
800479,1,14.3,England,South Africa,CJ Jordan,JC Buttler,Imran Tahir,0,0,,LOW
800479,1,14.4,England,South Africa,CJ Jordan,JC Buttler,Imran Tahir,1,0,,LOW
800479,1,14.5,England,South Africa,JC Buttler,CJ Jordan,Imran Tahir,0,1,,LOW
800479,1,14.6,England,South Africa,JC Buttler,CJ Jordan,Imran Tahir,0,0,,LOW
800479,1,14.7,England,South Africa,JC Buttler,CJ Jordan,Imran Tahir,1,0,,LOW
800479,1,15.1,England,South Africa,JC Buttler,CJ Jordan,CH Morris,2,0,,HIGH
800479,1,15.2,England,South Africa,JC Buttler,CJ Jordan,CH Morris,0,0,,LOW
800479,1,15.3,England,South Africa,JC Buttler,CJ Jordan,CH Morris,4,0,,HIGH
800479,1,15.4,England,South Africa,JC Buttler,CJ Jordan,CH Morris,1,0,,LOW
800479,1,15.5,England,South Africa,CJ Jordan,JC Buttler,CH Morris,4,0,,HIGH
800479,1,15.6,England,South Africa,CJ Jordan,JC Buttler,CH Morris,1,0,,LOW
800479,1,16.1,England,South Africa,CJ Jordan,JC Buttler,KJ Abbott,2,0,,HIGH
800479,1,16.2,England,South Africa,CJ Jordan,JC Buttler,KJ Abbott,0,0,,LOW
800479,1,16.3,England,South Africa,CJ Jordan,JC Buttler,KJ Abbott,0,0,caught,LOW
800479,1,16.4,England,South Africa,AU Rashid,JC Buttler,KJ Abbott,1,0,,LOW
800479,1,16.5,England,South Africa,JC Buttler,AU Rashid,KJ Abbott,1,0,,LOW
800479,1,16.6,England,South Africa,AU Rashid,JC Buttler,KJ Abbott,0,0,,LOW
800479,1,17.1,England,South Africa,JC Buttler,AU Rashid,CH Morris,0,1,,LOW
800479,1,17.2,England,South Africa,JC Buttler,AU Rashid,CH Morris,2,0,,HIGH
800479,1,17.3,England,South Africa,JC Buttler,AU Rashid,CH Morris,0,1,,LOW
800479,1,17.4,England,South Africa,JC Buttler,AU Rashid,CH Morris,4,0,,HIGH
800479,1,17.5,England,South Africa,JC Buttler,AU Rashid,CH Morris,1,0,,LOW
800479,1,17.6,England,South Africa,AU Rashid,JC Buttler,CH Morris,0,0,,LOW
800479,1,17.7,England,South Africa,AU Rashid,JC Buttler,CH Morris,0,0,,LOW
800479,1,17.8,England,South Africa,AU Rashid,JC Buttler,CH Morris,1,0,,LOW
800479,1,18.1,England,South Africa,AU Rashid,JC Buttler,KJ Abbott,0,0,caught,LOW
800479,1,18.2,England,South Africa,DJ Willey,JC Buttler,KJ Abbott,1,0,,LOW
800479,1,18.3,England,South Africa,JC Buttler,DJ Willey,KJ Abbott,1,0,,LOW
800479,1,18.4,England,South Africa,DJ Willey,JC Buttler,KJ Abbott,1,0,,LOW
800479,1,18.5,England,South Africa,JC Buttler,DJ Willey,KJ Abbott,1,0,,LOW
800479,1,18.6,England,South Africa,DJ Willey,JC Buttler,KJ Abbott,1,0,,LOW
800479,1,19.1,England,South Africa,DJ Willey,JC Buttler,K Rabada,1,0,,LOW
800479,1,19.2,England,South Africa,JC Buttler,DJ Willey,K Rabada,0,1,,LOW
800479,1,19.3,England,South Africa,JC Buttler,DJ Willey,K Rabada,1,0,,LOW
800479,1,19.4,England,South Africa,DJ Willey,JC Buttler,K Rabada,1,0,,LOW
800479,1,19.5,England,South Africa,JC Buttler,DJ Willey,K Rabada,2,0,,HIGH
800479,1,19.6,England,South Africa,JC Buttler,DJ Willey,K Rabada,1,0,,LOW
800479,1,19.7,England,South Africa,DJ Willey,JC Buttler,K Rabada,2,0,,HIGH
800479,2,0.1,South Africa,England,HM Amla,AB de Villiers,DJ Willey,0,4,,LOW
800479,2,0.2,South Africa,England,HM Amla,AB de Villiers,DJ Willey,4,0,,HIGH
800479,2,0.3,South Africa,England,HM Amla,AB de Villiers,DJ Willey,1,0,,LOW
800479,2,0.4,South Africa,England,AB de Villiers,HM Amla,DJ Willey,0,0,,LOW
800479,2,0.5,South Africa,England,AB de Villiers,HM Amla,DJ Willey,0,0,,LOW
800479,2,0.6,South Africa,England,AB de Villiers,HM Amla,DJ Willey,2,0,,HIGH
800479,2,1.1,South Africa,England,HM Amla,AB de Villiers,RJW Topley,0,0,,LOW
800479,2,1.2,South Africa,England,HM Amla,AB de Villiers,RJW Topley,0,0,,LOW
800479,2,1.3,South Africa,England,HM Amla,AB de Villiers,RJW Topley,2,0,,HIGH
800479,2,1.4,South Africa,England,HM Amla,AB de Villiers,RJW Topley,0,0,,LOW
800479,2,1.5,South Africa,England,HM Amla,AB de Villiers,RJW Topley,0,0,,LOW
800479,2,1.6,South Africa,England,HM Amla,AB de Villiers,RJW Topley,1,0,,LOW
800479,2,2.1,South Africa,England,HM Amla,AB de Villiers,DJ Willey,0,0,,LOW
800479,2,2.2,South Africa,England,HM Amla,AB de Villiers,DJ Willey,1,0,,LOW
800479,2,2.3,South Africa,England,AB de Villiers,HM Amla,DJ Willey,0,0,,LOW
800479,2,2.4,South Africa,England,AB de Villiers,HM Amla,DJ Willey,2,0,,HIGH
800479,2,2.5,South Africa,England,AB de Villiers,HM Amla,DJ Willey,1,0,,LOW
800479,2,2.6,South Africa,England,HM Amla,AB de Villiers,DJ Willey,4,0,,HIGH
800479,2,3.1,South Africa,England,AB de Villiers,HM Amla,RJW Topley,1,0,,LOW
800479,2,3.2,South Africa,England,HM Amla,AB de Villiers,RJW Topley,0,0,,LOW
800479,2,3.3,South Africa,England,HM Amla,AB de Villiers,RJW Topley,1,0,,LOW
800479,2,3.4,South Africa,England,AB de Villiers,HM Amla,RJW Topley,1,0,,LOW
800479,2,3.5,South Africa,England,HM Amla,AB de Villiers,RJW Topley,4,0,,HIGH
800479,2,3.6,South Africa,England,HM Amla,AB de Villiers,RJW Topley,2,0,,HIGH
800479,2,4.1,South Africa,England,AB de Villiers,HM Amla,CJ Jordan,0,0,,LOW
800479,2,4.2,South Africa,England,AB de Villiers,HM Amla,CJ Jordan,0,0,caught,LOW
800479,2,4.3,South Africa,England,HM Amla,F du Plessis,CJ Jordan,1,0,,LOW
800479,2,4.4,South Africa,England,F du Plessis,HM Amla,CJ Jordan,1,0,,LOW
800479,2,4.5,South Africa,England,F du Plessis,HM Amla,CJ Jordan,1,0,,LOW
800479,2,4.6,South Africa,England,HM Amla,F du Plessis,CJ Jordan,1,0,,LOW
800479,2,5.1,South Africa,England,HM Amla,F du Plessis,BA Stokes,0,0,,LOW
800479,2,5.2,South Africa,England,HM Amla,F du Plessis,BA Stokes,0,0,,LOW
800479,2,5.3,South Africa,England,HM Amla,F du Plessis,BA Stokes,0,0,caught,LOW
800479,2,5.4,South Africa,England,F du Plessis,JP Duminy,BA Stokes,0,0,,LOW
800479,2,5.5,South Africa,England,F du Plessis,JP Duminy,BA Stokes,0,0,,LOW
800479,2,5.6,South Africa,England,F du Plessis,JP Duminy,BA Stokes,0,0,,LOW
800479,2,6.1,South Africa,England,JP Duminy,F du Plessis,CJ Jordan,1,0,,LOW
800479,2,6.2,South Africa,England,F du Plessis,JP Duminy,CJ Jordan,4,0,,HIGH
800479,2,6.3,South Africa,England,F du Plessis,JP Duminy,CJ Jordan,1,0,,LOW
800479,2,6.4,South Africa,England,JP Duminy,F du Plessis,CJ Jordan,1,0,,LOW
800479,2,6.5,South Africa,England,F du Plessis,JP Duminy,CJ Jordan,1,0,,LOW
800479,2,6.6,South Africa,England,JP Duminy,F du Plessis,CJ Jordan,0,0,,LOW
800479,2,7.1,South Africa,England,F du Plessis,JP Duminy,BA Stokes,1,0,,LOW
800479,2,7.2,South Africa,England,JP Duminy,F du Plessis,BA Stokes,1,0,,LOW
800479,2,7.3,South Africa,England,F du Plessis,JP Duminy,BA Stokes,0,1,,LOW
800479,2,7.4,South Africa,England,F du Plessis,JP Duminy,BA Stokes,0,0,,LOW
800479,2,7.5,South Africa,England,F du Plessis,JP Duminy,BA Stokes,1,0,,LOW
800479,2,7.6,South Africa,England,JP Duminy,F du Plessis,BA Stokes,2,0,,HIGH
800479,2,7.7,South Africa,England,JP Duminy,F du Plessis,BA Stokes,0,1,,LOW
800479,2,8.1,South Africa,England,JP Duminy,F du Plessis,AU Rashid,4,0,,HIGH
800479,2,8.2,South Africa,England,JP Duminy,F du Plessis,AU Rashid,1,0,,LOW
800479,2,8.3,South Africa,England,F du Plessis,JP Duminy,AU Rashid,1,0,,LOW
800479,2,8.4,South Africa,England,JP Duminy,F du Plessis,AU Rashid,1,0,,LOW
800479,2,8.5,South Africa,England,F du Plessis,JP Duminy,AU Rashid,0,0,,LOW
800479,2,8.6,South Africa,England,F du Plessis,JP Duminy,AU Rashid,0,0,,LOW
800479,2,9.1,South Africa,England,JP Duminy,F du Plessis,BA Stokes,0,0,,LOW
800479,2,9.2,South Africa,England,JP Duminy,F du Plessis,BA Stokes,1,0,,LOW
800479,2,9.3,South Africa,England,F du Plessis,JP Duminy,BA Stokes,1,0,,LOW
800479,2,9.4,South Africa,England,JP Duminy,F du Plessis,BA Stokes,0,0,,LOW
800479,2,9.5,South Africa,England,JP Duminy,F du Plessis,BA Stokes,1,0,,LOW
800479,2,9.6,South Africa,England,F du Plessis,JP Duminy,BA Stokes,1,0,,LOW
800479,2,10.1,South Africa,England,F du Plessis,JP Duminy,AU Rashid,1,0,,LOW
800479,2,10.2,South Africa,England,JP Duminy,F du Plessis,AU Rashid,0,0,,LOW
800479,2,10.3,South Africa,England,JP Duminy,F du Plessis,AU Rashid,1,0,,LOW
800479,2,10.4,South Africa,England,F du Plessis,JP Duminy,AU Rashid,1,0,,LOW
800479,2,10.5,South Africa,England,JP Duminy,F du Plessis,AU Rashid,1,0,,LOW
800479,2,10.6,South Africa,England,F du Plessis,JP Duminy,AU Rashid,0,0,,LOW
800479,2,11.1,South Africa,England,JP Duminy,F du Plessis,BA Stokes,4,0,,HIGH
800479,2,11.2,South Africa,England,JP Duminy,F du Plessis,BA Stokes,1,0,,LOW
800479,2,11.3,South Africa,England,F du Plessis,JP Duminy,BA Stokes,1,0,,LOW
800479,2,11.4,South Africa,England,JP Duminy,F du Plessis,BA Stokes,1,0,,LOW
800479,2,11.5,South Africa,England,F du Plessis,JP Duminy,BA Stokes,0,0,,LOW
800479,2,11.6,South Africa,England,F du Plessis,JP Duminy,BA Stokes,2,0,,HIGH
800479,2,12.1,South Africa,England,JP Duminy,F du Plessis,AU Rashid,2,0,,HIGH
800479,2,12.2,South Africa,England,JP Duminy,F du Plessis,AU Rashid,0,0,caught,LOW
800479,2,12.3,South Africa,England,RR Rossouw,F du Plessis,AU Rashid,1,0,,LOW
800479,2,12.4,South Africa,England,F du Plessis,RR Rossouw,AU Rashid,1,0,,LOW
800479,2,12.5,South Africa,England,RR Rossouw,F du Plessis,AU Rashid,1,0,,LOW
800479,2,12.6,South Africa,England,F du Plessis,RR Rossouw,AU Rashid,0,0,,LOW
800479,2,13.1,South Africa,England,RR Rossouw,F du Plessis,MM Ali,0,0,,LOW
800479,2,13.2,South Africa,England,RR Rossouw,F du Plessis,MM Ali,0,0,,LOW
800479,2,13.3,South Africa,England,RR Rossouw,F du Plessis,MM Ali,1,0,,LOW
800479,2,13.4,South Africa,England,F du Plessis,RR Rossouw,MM Ali,1,0,,LOW
800479,2,13.5,South Africa,England,RR Rossouw,F du Plessis,MM Ali,1,0,,LOW
800479,2,13.6,South Africa,England,F du Plessis,RR Rossouw,MM Ali,1,0,,LOW
800479,2,14.1,South Africa,England,F du Plessis,RR Rossouw,AU Rashid,1,0,,LOW
800479,2,14.2,South Africa,England,RR Rossouw,F du Plessis,AU Rashid,0,0,,LOW
800479,2,14.3,South Africa,England,RR Rossouw,F du Plessis,AU Rashid,6,0,,HIGH
800479,2,14.4,South Africa,England,RR Rossouw,F du Plessis,AU Rashid,0,0,,LOW
800479,2,14.5,South Africa,England,RR Rossouw,F du Plessis,AU Rashid,0,0,,LOW
800479,2,14.6,South Africa,England,RR Rossouw,F du Plessis,AU Rashid,1,0,,LOW
800479,2,15.1,South Africa,England,RR Rossouw,F du Plessis,MM Ali,2,0,,HIGH
800479,2,15.2,South Africa,England,RR Rossouw,F du Plessis,MM Ali,1,0,,LOW
800479,2,15.3,South Africa,England,F du Plessis,RR Rossouw,MM Ali,2,0,,HIGH
800479,2,15.4,South Africa,England,F du Plessis,RR Rossouw,MM Ali,1,0,,LOW
800479,2,15.5,South Africa,England,RR Rossouw,F du Plessis,MM Ali,1,0,,LOW
800479,2,15.6,South Africa,England,F du Plessis,RR Rossouw,MM Ali,0,0,caught,LOW
800479,2,16.1,South Africa,England,RR Rossouw,DA Miller,CJ Jordan,1,0,,LOW
800479,2,16.2,South Africa,England,DA Miller,RR Rossouw,CJ Jordan,1,0,,LOW
800479,2,16.3,South Africa,England,RR Rossouw,DA Miller,CJ Jordan,1,0,,LOW
800479,2,16.4,South Africa,England,DA Miller,RR Rossouw,CJ Jordan,0,0,,LOW
800479,2,16.5,South Africa,England,DA Miller,RR Rossouw,CJ Jordan,1,0,,LOW
800479,2,16.6,South Africa,England,RR Rossouw,DA Miller,CJ Jordan,1,0,,LOW
800479,2,17.1,South Africa,England,RR Rossouw,DA Miller,MM Ali,0,0,caught,LOW
800479,2,17.2,South Africa,England,DA Miller,D Wiese,MM Ali,0,0,,LOW
800479,2,17.3,South Africa,England,DA Miller,D Wiese,MM Ali,0,0,,LOW
800479,2,17.4,South Africa,England,DA Miller,D Wiese,MM Ali,6,0,,HIGH
800479,2,17.5,South Africa,England,DA Miller,D Wiese,MM Ali,4,0,,HIGH
800479,2,17.6,South Africa,England,DA Miller,D Wiese,MM Ali,1,0,,LOW
800479,2,18.1,South Africa,England,DA Miller,D Wiese,CJ Jordan,0,0,caught,LOW
800479,2,18.2,South Africa,England,CH Morris,D Wiese,CJ Jordan,2,0,,HIGH
800479,2,18.3,South Africa,England,CH Morris,D Wiese,CJ Jordan,1,0,,LOW
800479,2,18.4,South Africa,England,D Wiese,CH Morris,CJ Jordan,2,0,,HIGH
800479,2,18.5,South Africa,England,D Wiese,CH Morris,CJ Jordan,0,0,bowled,LOW
800479,2,18.6,South Africa,England,KJ Abbott,CH Morris,CJ Jordan,1,0,,LOW
800479,2,19.1,South Africa,England,KJ Abbott,CH Morris,RJW Topley,1,0,,LOW
800479,2,19.2,South Africa,England,CH Morris,KJ Abbott,RJW Topley,4,0,,HIGH
800479,2,19.3,South Africa,England,CH Morris,KJ Abbott,RJW Topley,6,0,,HIGH
800479,2,19.4,South Africa,England,CH Morris,KJ Abbott,RJW Topley,0,0,,LOW
800479,2,19.5,South Africa,England,CH Morris,KJ Abbott,RJW Topley,2,0,,HIGH
800479,2,19.6,South Africa,England,CH Morris,KJ Abbott,RJW Topley,2,0,,HIGH
1310942,1,0.1,Namibia,Zimbabwe,CG Williams,M van Lingen,TL Chatara,0,0,,LOW
1310942,1,0.2,Namibia,Zimbabwe,CG Williams,M van Lingen,TL Chatara,4,0,,HIGH
1310942,1,0.3,Namibia,Zimbabwe,CG Williams,M van Lingen,TL Chatara,0,0,,LOW
1310942,1,0.4,Namibia,Zimbabwe,CG Williams,M van Lingen,TL Chatara,4,0,,HIGH
1310942,1,0.5,Namibia,Zimbabwe,CG Williams,M van Lingen,TL Chatara,4,0,,HIGH
1310942,1,0.6,Namibia,Zimbabwe,CG Williams,M van Lingen,TL Chatara,0,0,,LOW
1310942,1,1.1,Namibia,Zimbabwe,M van Lingen,CG Williams,DT Tiripano,2,0,,HIGH
1310942,1,1.2,Namibia,Zimbabwe,M van Lingen,CG Williams,DT Tiripano,0,0,,LOW
1310942,1,1.3,Namibia,Zimbabwe,M van Lingen,CG Williams,DT Tiripano,1,0,,LOW
1310942,1,1.4,Namibia,Zimbabwe,CG Williams,M van Lingen,DT Tiripano,1,0,,LOW
1310942,1,1.5,Namibia,Zimbabwe,M van Lingen,CG Williams,DT Tiripano,1,0,,LOW
1310942,1,1.6,Namibia,Zimbabwe,CG Williams,M van Lingen,DT Tiripano,1,0,,LOW
1310942,1,2.1,Namibia,Zimbabwe,CG Williams,M van Lingen,B Evans,0,0,,LOW
1310942,1,2.2,Namibia,Zimbabwe,CG Williams,M van Lingen,B Evans,4,0,,HIGH
1310942,1,2.3,Namibia,Zimbabwe,CG Williams,M van Lingen,B Evans,0,1,,LOW
1310942,1,2.4,Namibia,Zimbabwe,M van Lingen,CG Williams,B Evans,4,0,,HIGH
1310942,1,2.5,Namibia,Zimbabwe,M van Lingen,CG Williams,B Evans,4,0,,HIGH
1310942,1,2.6,Namibia,Zimbabwe,M van Lingen,CG Williams,B Evans,0,0,caught,LOW
1310942,1,3.1,Namibia,Zimbabwe,CG Williams,JN Loftie-Eaton,DT Tiripano,1,0,,LOW
1310942,1,3.2,Namibia,Zimbabwe,JN Loftie-Eaton,CG Williams,DT Tiripano,4,0,,HIGH
1310942,1,3.3,Namibia,Zimbabwe,JN Loftie-Eaton,CG Williams,DT Tiripano,2,0,,HIGH
1310942,1,3.4,Namibia,Zimbabwe,JN Loftie-Eaton,CG Williams,DT Tiripano,1,0,,LOW
1310942,1,3.5,Namibia,Zimbabwe,CG Williams,JN Loftie-Eaton,DT Tiripano,1,0,,LOW
1310942,1,3.6,Namibia,Zimbabwe,JN Loftie-Eaton,CG Williams,DT Tiripano,0,0,,LOW
1310942,1,4.1,Namibia,Zimbabwe,CG Williams,JN Loftie-Eaton,TL Chatara,1,0,,LOW
1310942,1,4.2,Namibia,Zimbabwe,JN Loftie-Eaton,CG Williams,TL Chatara,1,0,,LOW
1310942,1,4.3,Namibia,Zimbabwe,CG Williams,JN Loftie-Eaton,TL Chatara,0,0,,LOW
1310942,1,4.4,Namibia,Zimbabwe,CG Williams,JN Loftie-Eaton,TL Chatara,1,0,,LOW
1310942,1,4.5,Namibia,Zimbabwe,JN Loftie-Eaton,CG Williams,TL Chatara,0,0,,LOW
1310942,1,4.6,Namibia,Zimbabwe,JN Loftie-Eaton,CG Williams,TL Chatara,0,0,,LOW
1310942,1,5.1,Namibia,Zimbabwe,CG Williams,JN Loftie-Eaton,LM Jongwe,1,0,,LOW
1310942,1,5.2,Namibia,Zimbabwe,JN Loftie-Eaton,CG Williams,LM Jongwe,0,0,,LOW
1310942,1,5.3,Namibia,Zimbabwe,JN Loftie-Eaton,CG Williams,LM Jongwe,1,0,,LOW
1310942,1,5.4,Namibia,Zimbabwe,CG Williams,JN Loftie-Eaton,LM Jongwe,2,0,,HIGH
1310942,1,5.5,Namibia,Zimbabwe,CG Williams,JN Loftie-Eaton,LM Jongwe,1,0,,LOW
1310942,1,5.6,Namibia,Zimbabwe,JN Loftie-Eaton,CG Williams,LM Jongwe,0,0,bowled,LOW
1310942,1,6.1,Namibia,Zimbabwe,CG Williams,MG Erasmus,B Mavuta,3,0,,HIGH
1310942,1,6.2,Namibia,Zimbabwe,MG Erasmus,CG Williams,B Mavuta,0,2,,LOW
1310942,1,6.3,Namibia,Zimbabwe,CG Williams,MG Erasmus,B Mavuta,0,0,,LOW
1310942,1,6.4,Namibia,Zimbabwe,CG Williams,MG Erasmus,B Mavuta,4,0,,HIGH
1310942,1,6.5,Namibia,Zimbabwe,CG Williams,MG Erasmus,B Mavuta,2,0,,HIGH
1310942,1,6.6,Namibia,Zimbabwe,CG Williams,MG Erasmus,B Mavuta,3,0,,HIGH
1310942,1,6.7,Namibia,Zimbabwe,MG Erasmus,CG Williams,B Mavuta,0,0,,LOW
1310942,1,7.1,Namibia,Zimbabwe,CG Williams,MG Erasmus,LM Jongwe,0,1,,LOW
1310942,1,7.2,Namibia,Zimbabwe,MG Erasmus,CG Williams,LM Jongwe,0,0,caught,LOW
1310942,1,7.3,Namibia,Zimbabwe,ZE Green,CG Williams,LM Jongwe,4,0,,HIGH
1310942,1,7.4,Namibia,Zimbabwe,ZE Green,CG Williams,LM Jongwe,0,0,,LOW
1310942,1,7.5,Namibia,Zimbabwe,ZE Green,CG Williams,LM Jongwe,1,0,,LOW
1310942,1,7.6,Namibia,Zimbabwe,CG Williams,ZE Green,LM Jongwe,1,0,,LOW
1310942,1,8.1,Namibia,Zimbabwe,CG Williams,ZE Green,W Madhevere,0,0,,LOW
1310942,1,8.2,Namibia,Zimbabwe,CG Williams,ZE Green,W Madhevere,1,0,,LOW
1310942,1,8.3,Namibia,Zimbabwe,ZE Green,CG Williams,W Madhevere,1,0,,LOW
1310942,1,8.4,Namibia,Zimbabwe,CG Williams,ZE Green,W Madhevere,1,0,,LOW
1310942,1,8.5,Namibia,Zimbabwe,ZE Green,CG Williams,W Madhevere,1,0,,LOW
1310942,1,8.6,Namibia,Zimbabwe,CG Williams,ZE Green,W Madhevere,1,0,,LOW
1310942,1,9.1,Namibia,Zimbabwe,CG Williams,ZE Green,Sikandar Raza,1,0,,LOW
1310942,1,9.2,Namibia,Zimbabwe,ZE Green,CG Williams,Sikandar Raza,1,0,,LOW
1310942,1,9.3,Namibia,Zimbabwe,CG Williams,ZE Green,Sikandar Raza,1,0,,LOW
1310942,1,9.4,Namibia,Zimbabwe,ZE Green,CG Williams,Sikandar Raza,1,0,,LOW
1310942,1,9.5,Namibia,Zimbabwe,CG Williams,ZE Green,Sikandar Raza,1,0,,LOW
1310942,1,9.6,Namibia,Zimbabwe,ZE Green,CG Williams,Sikandar Raza,0,0,caught,LOW
1310942,1,10.1,Namibia,Zimbabwe,D Wiese,CG Williams,I Kaia,4,0,,HIGH
1310942,1,10.2,Namibia,Zimbabwe,D Wiese,CG Williams,I Kaia,0,0,,LOW
1310942,1,10.3,Namibia,Zimbabwe,D Wiese,CG Williams,I Kaia,0,0,,LOW
1310942,1,10.4,Namibia,Zimbabwe,D Wiese,CG Williams,I Kaia,0,0,,LOW
1310942,1,10.5,Namibia,Zimbabwe,D Wiese,CG Williams,I Kaia,0,0,,LOW
1310942,1,10.6,Namibia,Zimbabwe,D Wiese,CG Williams,I Kaia,1,0,,LOW
1310942,1,11.1,Namibia,Zimbabwe,D Wiese,CG Williams,Sikandar Raza,0,0,,LOW
1310942,1,11.2,Namibia,Zimbabwe,D Wiese,CG Williams,Sikandar Raza,0,0,bowled,LOW
1310942,1,11.3,Namibia,Zimbabwe,JN Frylinck,CG Williams,Sikandar Raza,2,0,,HIGH
1310942,1,11.4,Namibia,Zimbabwe,JN Frylinck,CG Williams,Sikandar Raza,1,0,,LOW
1310942,1,11.5,Namibia,Zimbabwe,CG Williams,JN Frylinck,Sikandar Raza,1,0,,LOW
1310942,1,11.6,Namibia,Zimbabwe,JN Frylinck,CG Williams,Sikandar Raza,1,0,,LOW
1310942,1,12.1,Namibia,Zimbabwe,JN Frylinck,CG Williams,W Madhevere,0,0,,LOW
1310942,1,12.2,Namibia,Zimbabwe,JN Frylinck,CG Williams,W Madhevere,0,0,,LOW
1310942,1,12.3,Namibia,Zimbabwe,JN Frylinck,CG Williams,W Madhevere,1,0,,LOW
1310942,1,12.4,Namibia,Zimbabwe,CG Williams,JN Frylinck,W Madhevere,1,0,,LOW
1310942,1,12.5,Namibia,Zimbabwe,JN Frylinck,CG Williams,W Madhevere,1,0,,LOW
1310942,1,12.6,Namibia,Zimbabwe,CG Williams,JN Frylinck,W Madhevere,0,0,,LOW
1310942,1,13.1,Namibia,Zimbabwe,JN Frylinck,CG Williams,Sikandar Raza,0,0,,LOW
1310942,1,13.2,Namibia,Zimbabwe,JN Frylinck,CG Williams,Sikandar Raza,2,0,,HIGH
1310942,1,13.3,Namibia,Zimbabwe,JN Frylinck,CG Williams,Sikandar Raza,0,0,,LOW
1310942,1,13.4,Namibia,Zimbabwe,JN Frylinck,CG Williams,Sikandar Raza,1,0,,LOW
1310942,1,13.5,Namibia,Zimbabwe,CG Williams,JN Frylinck,Sikandar Raza,0,0,,LOW
1310942,1,13.6,Namibia,Zimbabwe,CG Williams,JN Frylinck,Sikandar Raza,0,0,,LOW
1310942,1,14.1,Namibia,Zimbabwe,JN Frylinck,CG Williams,W Madhevere,1,0,,LOW
1310942,1,14.2,Namibia,Zimbabwe,CG Williams,JN Frylinck,W Madhevere,1,0,,LOW
1310942,1,14.3,Namibia,Zimbabwe,JN Frylinck,CG Williams,W Madhevere,0,0,,LOW
1310942,1,14.4,Namibia,Zimbabwe,JN Frylinck,CG Williams,W Madhevere,0,0,run out,LOW
1310942,1,14.5,Namibia,Zimbabwe,R Trumpelmann,JN Frylinck,W Madhevere,1,0,,LOW
1310942,1,14.6,Namibia,Zimbabwe,JN Frylinck,R Trumpelmann,W Madhevere,0,1,,LOW
1310942,1,15.1,Namibia,Zimbabwe,JN Frylinck,R Trumpelmann,Sikandar Raza,1,0,,LOW
1310942,1,15.2,Namibia,Zimbabwe,R Trumpelmann,JN Frylinck,Sikandar Raza,0,0,,LOW
1310942,1,15.3,Namibia,Zimbabwe,R Trumpelmann,JN Frylinck,Sikandar Raza,1,0,,LOW
1310942,1,15.4,Namibia,Zimbabwe,JN Frylinck,R Trumpelmann,Sikandar Raza,0,0,,LOW
1310942,1,15.5,Namibia,Zimbabwe,JN Frylinck,R Trumpelmann,Sikandar Raza,2,0,,HIGH
1310942,1,15.6,Namibia,Zimbabwe,JN Frylinck,R Trumpelmann,Sikandar Raza,1,0,,LOW
1310942,1,16.1,Namibia,Zimbabwe,JN Frylinck,R Trumpelmann,W Madhevere,1,0,,LOW
1310942,1,16.2,Namibia,Zimbabwe,R Trumpelmann,JN Frylinck,W Madhevere,1,0,,LOW
1310942,1,16.3,Namibia,Zimbabwe,JN Frylinck,R Trumpelmann,W Madhevere,0,0,stumped,LOW
1310942,1,16.4,Namibia,Zimbabwe,HN Ya France,R Trumpelmann,W Madhevere,0,0,lbw,LOW
1310942,1,16.5,Namibia,Zimbabwe,BM Scholtz,R Trumpelmann,W Madhevere,1,0,,LOW
1310942,1,16.6,Namibia,Zimbabwe,R Trumpelmann,BM Scholtz,W Madhevere,0,1,,LOW
1310942,1,16.7,Namibia,Zimbabwe,R Trumpelmann,BM Scholtz,W Madhevere,0,0,,LOW
1310942,1,17.1,Namibia,Zimbabwe,BM Scholtz,R Trumpelmann,TL Chatara,1,0,,LOW
1310942,1,17.2,Namibia,Zimbabwe,R Trumpelmann,BM Scholtz,TL Chatara,1,0,,LOW
1310942,1,17.3,Namibia,Zimbabwe,BM Scholtz,R Trumpelmann,TL Chatara,0,0,,LOW
1310942,1,17.4,Namibia,Zimbabwe,BM Scholtz,R Trumpelmann,TL Chatara,0,0,,LOW
1310942,1,17.5,Namibia,Zimbabwe,BM Scholtz,R Trumpelmann,TL Chatara,0,0,,LOW
1310942,1,17.6,Namibia,Zimbabwe,BM Scholtz,R Trumpelmann,TL Chatara,0,0,,LOW
1310942,1,18.1,Namibia,Zimbabwe,R Trumpelmann,BM Scholtz,LM Jongwe,1,0,,LOW
1310942,1,18.2,Namibia,Zimbabwe,BM Scholtz,R Trumpelmann,LM Jongwe,1,0,,LOW
1310942,1,18.3,Namibia,Zimbabwe,R Trumpelmann,BM Scholtz,LM Jongwe,0,0,,LOW
1310942,1,18.4,Namibia,Zimbabwe,R Trumpelmann,BM Scholtz,LM Jongwe,2,0,,HIGH
1310942,1,18.5,Namibia,Zimbabwe,R Trumpelmann,BM Scholtz,LM Jongwe,1,0,,LOW
1310942,1,18.6,Namibia,Zimbabwe,BM Scholtz,R Trumpelmann,LM Jongwe,0,0,,LOW
1310942,1,19.1,Namibia,Zimbabwe,R Trumpelmann,BM Scholtz,TL Chatara,4,0,,HIGH
1310942,1,19.2,Namibia,Zimbabwe,R Trumpelmann,BM Scholtz,TL Chatara,1,0,,LOW
1310942,1,19.3,Namibia,Zimbabwe,BM Scholtz,R Trumpelmann,TL Chatara,0,0,,LOW
1310942,1,19.4,Namibia,Zimbabwe,BM Scholtz,R Trumpelmann,TL Chatara,1,0,,LOW
1310942,1,19.5,Namibia,Zimbabwe,R Trumpelmann,BM Scholtz,TL Chatara,0,0,,LOW
1310942,1,19.6,Namibia,Zimbabwe,R Trumpelmann,BM Scholtz,TL Chatara,6,0,,HIGH
1310942,2,0.1,Zimbabwe,Namibia,W Madhevere,I Kaia,R Trumpelmann,0,1,,LOW
1310942,2,0.2,Zimbabwe,Namibia,I Kaia,W Madhevere,R Trumpelmann,0,0,,LOW
1310942,2,0.3,Zimbabwe,Namibia,I Kaia,W Madhevere,R Trumpelmann,0,0,,LOW
1310942,2,0.4,Zimbabwe,Namibia,I Kaia,W Madhevere,R Trumpelmann,0,0,,LOW
1310942,2,0.5,Zimbabwe,Namibia,I Kaia,W Madhevere,R Trumpelmann,0,0,,LOW
1310942,2,0.6,Zimbabwe,Namibia,I Kaia,W Madhevere,R Trumpelmann,4,0,,HIGH
1310942,2,1.1,Zimbabwe,Namibia,W Madhevere,I Kaia,BM Scholtz,0,0,,LOW
1310942,2,1.2,Zimbabwe,Namibia,W Madhevere,I Kaia,BM Scholtz,4,0,,HIGH
1310942,2,1.3,Zimbabwe,Namibia,W Madhevere,I Kaia,BM Scholtz,0,0,,LOW
1310942,2,1.4,Zimbabwe,Namibia,W Madhevere,I Kaia,BM Scholtz,0,0,,LOW
1310942,2,1.5,Zimbabwe,Namibia,W Madhevere,I Kaia,BM Scholtz,1,0,,LOW
1310942,2,1.6,Zimbabwe,Namibia,I Kaia,W Madhevere,BM Scholtz,0,0,,LOW
1310942,2,2.1,Zimbabwe,Namibia,W Madhevere,I Kaia,R Trumpelmann,1,0,,LOW
1310942,2,2.2,Zimbabwe,Namibia,I Kaia,W Madhevere,R Trumpelmann,0,0,,LOW
1310942,2,2.3,Zimbabwe,Namibia,I Kaia,W Madhevere,R Trumpelmann,4,0,,HIGH
1310942,2,2.4,Zimbabwe,Namibia,I Kaia,W Madhevere,R Trumpelmann,0,0,,LOW
1310942,2,2.5,Zimbabwe,Namibia,I Kaia,W Madhevere,R Trumpelmann,1,0,,LOW
1310942,2,2.6,Zimbabwe,Namibia,W Madhevere,I Kaia,R Trumpelmann,0,0,,LOW
1310942,2,3.1,Zimbabwe,Namibia,I Kaia,W Madhevere,JN Frylinck,0,0,,LOW
1310942,2,3.2,Zimbabwe,Namibia,I Kaia,W Madhevere,JN Frylinck,3,0,,HIGH
1310942,2,3.3,Zimbabwe,Namibia,W Madhevere,I Kaia,JN Frylinck,4,0,,HIGH
1310942,2,3.4,Zimbabwe,Namibia,W Madhevere,I Kaia,JN Frylinck,0,0,lbw,LOW
1310942,2,3.5,Zimbabwe,Namibia,RW Chakabva,I Kaia,JN Frylinck,0,0,bowled,LOW
1310942,2,3.6,Zimbabwe,Namibia,Sikandar Raza,I Kaia,JN Frylinck,0,2,,LOW
1310942,2,3.7,Zimbabwe,Namibia,I Kaia,Sikandar Raza,JN Frylinck,0,0,,LOW
1310942,2,4.1,Zimbabwe,Namibia,Sikandar Raza,I Kaia,D Wiese,2,0,run out,HIGH
1310942,2,4.2,Zimbabwe,Namibia,T Munyonga,Sikandar Raza,D Wiese,0,1,,LOW
1310942,2,4.3,Zimbabwe,Namibia,T Munyonga,Sikandar Raza,D Wiese,1,0,,LOW
1310942,2,4.4,Zimbabwe,Namibia,Sikandar Raza,T Munyonga,D Wiese,0,1,,LOW
1310942,2,4.5,Zimbabwe,Namibia,Sikandar Raza,T Munyonga,D Wiese,0,0,,LOW
1310942,2,4.6,Zimbabwe,Namibia,Sikandar Raza,T Munyonga,D Wiese,0,0,,LOW
1310942,2,4.7,Zimbabwe,Namibia,Sikandar Raza,T Munyonga,D Wiese,0,0,,LOW
1310942,2,4.8,Zimbabwe,Namibia,Sikandar Raza,T Munyonga,D Wiese,0,0,,LOW
1310942,2,5.1,Zimbabwe,Namibia,T Munyonga,Sikandar Raza,JN Frylinck,1,0,,LOW
1310942,2,5.2,Zimbabwe,Namibia,Sikandar Raza,T Munyonga,JN Frylinck,0,0,,LOW
1310942,2,5.3,Zimbabwe,Namibia,Sikandar Raza,T Munyonga,JN Frylinck,0,0,,LOW
1310942,2,5.4,Zimbabwe,Namibia,Sikandar Raza,T Munyonga,JN Frylinck,6,0,,HIGH
1310942,2,5.5,Zimbabwe,Namibia,Sikandar Raza,T Munyonga,JN Frylinck,0,0,,LOW
1310942,2,5.6,Zimbabwe,Namibia,Sikandar Raza,T Munyonga,JN Frylinck,0,0,,LOW
1310942,2,6.1,Zimbabwe,Namibia,T Munyonga,Sikandar Raza,D Wiese,1,0,,LOW
1310942,2,6.2,Zimbabwe,Namibia,Sikandar Raza,T Munyonga,D Wiese,1,0,,LOW
1310942,2,6.3,Zimbabwe,Namibia,T Munyonga,Sikandar Raza,D Wiese,1,0,,LOW
1310942,2,6.4,Zimbabwe,Namibia,Sikandar Raza,T Munyonga,D Wiese,1,0,,LOW
1310942,2,6.5,Zimbabwe,Namibia,T Munyonga,Sikandar Raza,D Wiese,0,0,,LOW
1310942,2,6.6,Zimbabwe,Namibia,T Munyonga,Sikandar Raza,D Wiese,0,0,,LOW
1310942,2,7.1,Zimbabwe,Namibia,Sikandar Raza,T Munyonga,BM Scholtz,1,0,,LOW
1310942,2,7.2,Zimbabwe,Namibia,T Munyonga,Sikandar Raza,BM Scholtz,0,0,,LOW
1310942,2,7.3,Zimbabwe,Namibia,T Munyonga,Sikandar Raza,BM Scholtz,1,0,,LOW
1310942,2,7.4,Zimbabwe,Namibia,Sikandar Raza,T Munyonga,BM Scholtz,0,0,,LOW
1310942,2,7.5,Zimbabwe,Namibia,Sikandar Raza,T Munyonga,BM Scholtz,1,0,,LOW
1310942,2,7.6,Zimbabwe,Namibia,T Munyonga,Sikandar Raza,BM Scholtz,1,0,,LOW
1310942,2,8.1,Zimbabwe,Namibia,T Munyonga,Sikandar Raza,B Shikongo,0,0,,LOW
1310942,2,8.2,Zimbabwe,Namibia,T Munyonga,Sikandar Raza,B Shikongo,4,0,,HIGH
1310942,2,8.3,Zimbabwe,Namibia,T Munyonga,Sikandar Raza,B Shikongo,2,1,,HIGH
1310942,2,8.4,Zimbabwe,Namibia,T Munyonga,Sikandar Raza,B Shikongo,1,0,,LOW
1310942,2,8.5,Zimbabwe,Namibia,Sikandar Raza,T Munyonga,B Shikongo,0,0,caught,LOW
1310942,2,8.6,Zimbabwe,Namibia,R Mutumbami,T Munyonga,B Shikongo,0,0,,LOW
1310942,2,8.7,Zimbabwe,Namibia,R Mutumbami,T Munyonga,B Shikongo,1,0,,LOW
1310942,2,9.1,Zimbabwe,Namibia,R Mutumbami,T Munyonga,BM Scholtz,0,0,,LOW
1310942,2,9.2,Zimbabwe,Namibia,R Mutumbami,T Munyonga,BM Scholtz,0,0,bowled,LOW
1310942,2,9.3,Zimbabwe,Namibia,DT Tiripano,T Munyonga,BM Scholtz,0,0,,LOW
1310942,2,9.4,Zimbabwe,Namibia,DT Tiripano,T Munyonga,BM Scholtz,4,0,,HIGH
1310942,2,9.5,Zimbabwe,Namibia,DT Tiripano,T Munyonga,BM Scholtz,0,0,,LOW
1310942,2,9.6,Zimbabwe,Namibia,DT Tiripano,T Munyonga,BM Scholtz,1,0,,LOW
1310942,2,10.1,Zimbabwe,Namibia,DT Tiripano,T Munyonga,D Wiese,2,0,,HIGH
1310942,2,10.2,Zimbabwe,Namibia,DT Tiripano,T Munyonga,D Wiese,0,0,,LOW
1310942,2,10.3,Zimbabwe,Namibia,DT Tiripano,T Munyonga,D Wiese,0,1,,LOW
1310942,2,10.4,Zimbabwe,Namibia,DT Tiripano,T Munyonga,D Wiese,0,0,,LOW
1310942,2,10.5,Zimbabwe,Namibia,DT Tiripano,T Munyonga,D Wiese,0,0,,LOW
1310942,2,10.6,Zimbabwe,Namibia,DT Tiripano,T Munyonga,D Wiese,1,0,,LOW
1310942,2,10.7,Zimbabwe,Namibia,T Munyonga,DT Tiripano,D Wiese,1,0,,LOW
1310942,2,11.1,Zimbabwe,Namibia,T Munyonga,DT Tiripano,JN Frylinck,1,0,,LOW
1310942,2,11.2,Zimbabwe,Namibia,DT Tiripano,T Munyonga,JN Frylinck,0,0,,LOW
1310942,2,11.3,Zimbabwe,Namibia,DT Tiripano,T Munyonga,JN Frylinck,1,0,,LOW
1310942,2,11.4,Zimbabwe,Namibia,T Munyonga,DT Tiripano,JN Frylinck,2,0,,HIGH
1310942,2,11.5,Zimbabwe,Namibia,T Munyonga,DT Tiripano,JN Frylinck,1,0,,LOW
1310942,2,11.6,Zimbabwe,Namibia,DT Tiripano,T Munyonga,JN Frylinck,1,0,,LOW
1310942,2,12.1,Zimbabwe,Namibia,DT Tiripano,T Munyonga,MG Erasmus,1,0,,LOW
1310942,2,12.2,Zimbabwe,Namibia,T Munyonga,DT Tiripano,MG Erasmus,1,0,,LOW
1310942,2,12.3,Zimbabwe,Namibia,DT Tiripano,T Munyonga,MG Erasmus,0,0,,LOW
1310942,2,12.4,Zimbabwe,Namibia,DT Tiripano,T Munyonga,MG Erasmus,0,0,caught,LOW
1310942,2,12.5,Zimbabwe,Namibia,T Munyonga,LM Jongwe,MG Erasmus,1,0,,LOW
1310942,2,12.6,Zimbabwe,Namibia,LM Jongwe,T Munyonga,MG Erasmus,0,0,,LOW
1310942,2,13.1,Zimbabwe,Namibia,T Munyonga,LM Jongwe,BM Scholtz,0,0,,LOW
1310942,2,13.2,Zimbabwe,Namibia,T Munyonga,LM Jongwe,BM Scholtz,1,0,,LOW
1310942,2,13.3,Zimbabwe,Namibia,LM Jongwe,T Munyonga,BM Scholtz,0,0,,LOW
1310942,2,13.4,Zimbabwe,Namibia,LM Jongwe,T Munyonga,BM Scholtz,1,0,,LOW
1310942,2,13.5,Zimbabwe,Namibia,T Munyonga,LM Jongwe,BM Scholtz,1,0,,LOW
1310942,2,13.6,Zimbabwe,Namibia,LM Jongwe,T Munyonga,BM Scholtz,1,0,,LOW
1310942,2,14.1,Zimbabwe,Namibia,LM Jongwe,T Munyonga,MG Erasmus,0,0,,LOW
1310942,2,14.2,Zimbabwe,Namibia,LM Jongwe,T Munyonga,MG Erasmus,0,0,,LOW
1310942,2,14.3,Zimbabwe,Namibia,LM Jongwe,T Munyonga,MG Erasmus,1,0,,LOW
1310942,2,14.4,Zimbabwe,Namibia,T Munyonga,LM Jongwe,MG Erasmus,1,0,,LOW
1310942,2,14.5,Zimbabwe,Namibia,LM Jongwe,T Munyonga,MG Erasmus,0,0,,LOW
1310942,2,14.6,Zimbabwe,Namibia,LM Jongwe,T Munyonga,MG Erasmus,0,0,,LOW
1310942,2,15.1,Zimbabwe,Namibia,T Munyonga,LM Jongwe,R Trumpelmann,0,0,,LOW
1310942,2,15.2,Zimbabwe,Namibia,T Munyonga,LM Jongwe,R Trumpelmann,1,0,,LOW
1310942,2,15.3,Zimbabwe,Namibia,LM Jongwe,T Munyonga,R Trumpelmann,1,0,,LOW
1310942,2,15.4,Zimbabwe,Namibia,T Munyonga,LM Jongwe,R Trumpelmann,1,0,,LOW
1310942,2,15.5,Zimbabwe,Namibia,LM Jongwe,T Munyonga,R Trumpelmann,1,0,,LOW
1310942,2,15.6,Zimbabwe,Namibia,T Munyonga,LM Jongwe,R Trumpelmann,1,0,,LOW
1310942,2,16.1,Zimbabwe,Namibia,T Munyonga,LM Jongwe,D Wiese,0,0,,LOW
1310942,2,16.2,Zimbabwe,Namibia,T Munyonga,LM Jongwe,D Wiese,1,0,,LOW
1310942,2,16.3,Zimbabwe,Namibia,LM Jongwe,T Munyonga,D Wiese,0,1,,LOW
1310942,2,16.4,Zimbabwe,Namibia,T Munyonga,LM Jongwe,D Wiese,1,0,,LOW
1310942,2,16.5,Zimbabwe,Namibia,LM Jongwe,T Munyonga,D Wiese,1,0,,LOW
1310942,2,16.6,Zimbabwe,Namibia,T Munyonga,LM Jongwe,D Wiese,0,0,bowled,LOW
1310942,2,17.1,Zimbabwe,Namibia,LM Jongwe,B Evans,JN Frylinck,1,0,,LOW
1310942,2,17.2,Zimbabwe,Namibia,B Evans,LM Jongwe,JN Frylinck,0,0,,LOW
1310942,2,17.3,Zimbabwe,Namibia,B Evans,LM Jongwe,JN Frylinck,0,0,,LOW
1310942,2,17.4,Zimbabwe,Namibia,B Evans,LM Jongwe,JN Frylinck,0,0,run out,LOW
1310942,2,17.5,Zimbabwe,Namibia,B Mavuta,B Evans,JN Frylinck,1,0,,LOW
1310942,2,17.6,Zimbabwe,Namibia,B Evans,B Mavuta,JN Frylinck,1,0,,LOW
1310942,2,18.1,Zimbabwe,Namibia,B Evans,B Mavuta,MG Erasmus,0,0,,LOW
1310942,2,18.2,Zimbabwe,Namibia,B Evans,B Mavuta,MG Erasmus,2,0,,HIGH
1310942,2,18.3,Zimbabwe,Namibia,B Evans,B Mavuta,MG Erasmus,1,0,,LOW
1310942,2,18.4,Zimbabwe,Namibia,B Mavuta,B Evans,MG Erasmus,1,0,,LOW
1310942,2,18.5,Zimbabwe,Namibia,B Evans,B Mavuta,MG Erasmus,0,0,,LOW
1310942,2,18.6,Zimbabwe,Namibia,B Evans,B Mavuta,MG Erasmus,0,0,bowled,LOW
1310942,2,19.1,Zimbabwe,Namibia,B Mavuta,TL Chatara,R Trumpelmann,0,0,caught,LOW
1438259,1,0.1,Finland,Norway,Ghulam Abbas Butt,VS Padhaal,Sher Sahak,0,0,,LOW
1438259,1,0.2,Finland,Norway,Ghulam Abbas Butt,VS Padhaal,Sher Sahak,0,0,,LOW
1438259,1,0.3,Finland,Norway,Ghulam Abbas Butt,VS Padhaal,Sher Sahak,4,0,,HIGH
1438259,1,0.4,Finland,Norway,Ghulam Abbas Butt,VS Padhaal,Sher Sahak,0,1,,LOW
1438259,1,0.5,Finland,Norway,Ghulam Abbas Butt,VS Padhaal,Sher Sahak,2,0,,HIGH
1438259,1,0.6,Finland,Norway,Ghulam Abbas Butt,VS Padhaal,Sher Sahak,0,0,,LOW
1438259,1,0.7,Finland,Norway,Ghulam Abbas Butt,VS Padhaal,Sher Sahak,4,0,,HIGH
1438259,1,1.1,Finland,Norway,VS Padhaal,Ghulam Abbas Butt,Wahidullah Sahak,4,0,,HIGH
1438259,1,1.2,Finland,Norway,VS Padhaal,Ghulam Abbas Butt,Wahidullah Sahak,4,0,,HIGH
1438259,1,1.3,Finland,Norway,VS Padhaal,Ghulam Abbas Butt,Wahidullah Sahak,0,0,,LOW
1438259,1,1.4,Finland,Norway,VS Padhaal,Ghulam Abbas Butt,Wahidullah Sahak,4,0,,HIGH
1438259,1,1.5,Finland,Norway,VS Padhaal,Ghulam Abbas Butt,Wahidullah Sahak,1,0,,LOW
1438259,1,1.6,Finland,Norway,Ghulam Abbas Butt,VS Padhaal,Wahidullah Sahak,0,0,,LOW
1438259,1,2.1,Finland,Norway,VS Padhaal,Ghulam Abbas Butt,Sher Sahak,4,0,,HIGH
1438259,1,2.2,Finland,Norway,VS Padhaal,Ghulam Abbas Butt,Sher Sahak,0,1,,LOW
1438259,1,2.3,Finland,Norway,VS Padhaal,Ghulam Abbas Butt,Sher Sahak,0,0,,LOW
1438259,1,2.4,Finland,Norway,VS Padhaal,Ghulam Abbas Butt,Sher Sahak,1,0,,LOW
1438259,1,2.5,Finland,Norway,Ghulam Abbas Butt,VS Padhaal,Sher Sahak,1,0,,LOW
1438259,1,2.6,Finland,Norway,VS Padhaal,Ghulam Abbas Butt,Sher Sahak,0,0,lbw,LOW
1438259,1,2.7,Finland,Norway,Ziaur Rehman,Ghulam Abbas Butt,Sher Sahak,0,0,,LOW
1438259,1,3.1,Finland,Norway,Ghulam Abbas Butt,Ziaur Rehman,Wahidullah Sahak,2,0,,HIGH
1438259,1,3.2,Finland,Norway,Ghulam Abbas Butt,Ziaur Rehman,Wahidullah Sahak,6,0,,HIGH
1438259,1,3.3,Finland,Norway,Ghulam Abbas Butt,Ziaur Rehman,Wahidullah Sahak,1,0,,LOW
1438259,1,3.4,Finland,Norway,Ziaur Rehman,Ghulam Abbas Butt,Wahidullah Sahak,1,0,,LOW
1438259,1,3.5,Finland,Norway,Ghulam Abbas Butt,Ziaur Rehman,Wahidullah Sahak,4,0,,HIGH
1438259,1,3.6,Finland,Norway,Ghulam Abbas Butt,Ziaur Rehman,Wahidullah Sahak,0,1,,LOW
1438259,1,3.7,Finland,Norway,Ghulam Abbas Butt,Ziaur Rehman,Wahidullah Sahak,4,0,,HIGH
1438259,1,4.1,Finland,Norway,Ziaur Rehman,Ghulam Abbas Butt,Chaudhary Akram,0,1,,LOW
1438259,1,4.2,Finland,Norway,Ziaur Rehman,Ghulam Abbas Butt,Chaudhary Akram,0,0,,LOW
1438259,1,4.3,Finland,Norway,Ziaur Rehman,Ghulam Abbas Butt,Chaudhary Akram,0,0,,LOW
1438259,1,4.4,Finland,Norway,Ziaur Rehman,Ghulam Abbas Butt,Chaudhary Akram,0,0,caught,LOW
1438259,1,4.5,Finland,Norway,Jordan O'Brien,Ghulam Abbas Butt,Chaudhary Akram,2,0,,HIGH
1438259,1,4.6,Finland,Norway,Jordan O'Brien,Ghulam Abbas Butt,Chaudhary Akram,4,0,,HIGH
1438259,1,4.7,Finland,Norway,Jordan O'Brien,Ghulam Abbas Butt,Chaudhary Akram,0,0,,LOW
1438259,1,5.1,Finland,Norway,Ghulam Abbas Butt,Jordan O'Brien,Qamar Mushtaque,0,0,,LOW
1438259,1,5.2,Finland,Norway,Ghulam Abbas Butt,Jordan O'Brien,Qamar Mushtaque,0,0,run out,LOW
1438259,1,5.3,Finland,Norway,Jordan O'Brien,NM Salonen,Qamar Mushtaque,2,0,,HIGH
1438259,1,5.4,Finland,Norway,Jordan O'Brien,NM Salonen,Qamar Mushtaque,0,0,lbw,LOW
1438259,1,5.5,Finland,Norway,Amjad Sher,NM Salonen,Qamar Mushtaque,0,1,,LOW
1438259,1,5.6,Finland,Norway,Amjad Sher,NM Salonen,Qamar Mushtaque,1,0,,LOW
1438259,1,5.7,Finland,Norway,NM Salonen,Amjad Sher,Qamar Mushtaque,0,0,,LOW
1438259,1,6.1,Finland,Norway,Amjad Sher,NM Salonen,Chaudhary Akram,2,0,,HIGH
1438259,1,6.2,Finland,Norway,Amjad Sher,NM Salonen,Chaudhary Akram,0,0,,LOW
1438259,1,6.3,Finland,Norway,Amjad Sher,NM Salonen,Chaudhary Akram,1,0,,LOW
1438259,1,6.4,Finland,Norway,NM Salonen,Amjad Sher,Chaudhary Akram,0,0,,LOW
1438259,1,6.5,Finland,Norway,NM Salonen,Amjad Sher,Chaudhary Akram,1,0,,LOW
1438259,1,6.6,Finland,Norway,Amjad Sher,NM Salonen,Chaudhary Akram,0,0,,LOW
1438259,1,7.1,Finland,Norway,NM Salonen,Amjad Sher,Qamar Mushtaque,0,0,,LOW
1438259,1,7.2,Finland,Norway,NM Salonen,Amjad Sher,Qamar Mushtaque,0,0,,LOW
1438259,1,7.3,Finland,Norway,NM Salonen,Amjad Sher,Qamar Mushtaque,1,0,,LOW
1438259,1,7.4,Finland,Norway,Amjad Sher,NM Salonen,Qamar Mushtaque,1,0,,LOW
1438259,1,7.5,Finland,Norway,NM Salonen,Amjad Sher,Qamar Mushtaque,0,0,,LOW
1438259,1,7.6,Finland,Norway,NM Salonen,Amjad Sher,Qamar Mushtaque,0,0,,LOW
1438259,1,8.1,Finland,Norway,Amjad Sher,NM Salonen,AJ Parmar,1,0,,LOW
1438259,1,8.2,Finland,Norway,NM Salonen,Amjad Sher,AJ Parmar,0,0,,LOW
1438259,1,8.3,Finland,Norway,NM Salonen,Amjad Sher,AJ Parmar,1,0,,LOW
1438259,1,8.4,Finland,Norway,Amjad Sher,NM Salonen,AJ Parmar,6,0,,HIGH
1438259,1,8.5,Finland,Norway,Amjad Sher,NM Salonen,AJ Parmar,1,0,,LOW
1438259,1,8.6,Finland,Norway,NM Salonen,Amjad Sher,AJ Parmar,1,0,,LOW
1438259,1,9.1,Finland,Norway,NM Salonen,Amjad Sher,Raza Iqbal,1,0,,LOW
1438259,1,9.2,Finland,Norway,Amjad Sher,NM Salonen,Raza Iqbal,1,0,,LOW
1438259,1,9.3,Finland,Norway,NM Salonen,Amjad Sher,Raza Iqbal,0,0,,LOW
1438259,1,9.4,Finland,Norway,NM Salonen,Amjad Sher,Raza Iqbal,0,0,,LOW
1438259,1,9.5,Finland,Norway,NM Salonen,Amjad Sher,Raza Iqbal,1,0,,LOW
1438259,1,9.6,Finland,Norway,Amjad Sher,NM Salonen,Raza Iqbal,2,0,,HIGH
1438259,1,10.1,Finland,Norway,NM Salonen,Amjad Sher,AJ Parmar,2,0,,HIGH
1438259,1,10.2,Finland,Norway,NM Salonen,Amjad Sher,AJ Parmar,0,0,caught and bowled,LOW
1438259,1,10.3,Finland,Norway,Akhil Arjunan,Amjad Sher,AJ Parmar,0,0,,LOW
1438259,1,10.4,Finland,Norway,Akhil Arjunan,Amjad Sher,AJ Parmar,1,0,,LOW
1438259,1,10.5,Finland,Norway,Amjad Sher,Akhil Arjunan,AJ Parmar,1,0,,LOW
1438259,1,10.6,Finland,Norway,Akhil Arjunan,Amjad Sher,AJ Parmar,2,0,,HIGH
1438259,1,11.1,Finland,Norway,Amjad Sher,Akhil Arjunan,Raza Iqbal,0,0,,LOW
1438259,1,11.2,Finland,Norway,Amjad Sher,Akhil Arjunan,Raza Iqbal,0,0,caught,LOW
1438259,1,11.3,Finland,Norway,Faheem Nellancheri,Akhil Arjunan,Raza Iqbal,1,0,,LOW
1438259,1,11.4,Finland,Norway,Akhil Arjunan,Faheem Nellancheri,Raza Iqbal,2,0,,HIGH
1438259,1,11.5,Finland,Norway,Akhil Arjunan,Faheem Nellancheri,Raza Iqbal,0,0,,LOW
1438259,1,11.6,Finland,Norway,Akhil Arjunan,Faheem Nellancheri,Raza Iqbal,0,0,,LOW
1438259,1,12.1,Finland,Norway,Faheem Nellancheri,Akhil Arjunan,AJ Parmar,1,0,,LOW
1438259,1,12.2,Finland,Norway,Akhil Arjunan,Faheem Nellancheri,AJ Parmar,1,0,,LOW
1438259,1,12.3,Finland,Norway,Faheem Nellancheri,Akhil Arjunan,AJ Parmar,1,0,,LOW
1438259,1,12.4,Finland,Norway,Akhil Arjunan,Faheem Nellancheri,AJ Parmar,1,0,,LOW
1438259,1,12.5,Finland,Norway,Faheem Nellancheri,Akhil Arjunan,AJ Parmar,0,0,caught,LOW
1438259,1,12.6,Finland,Norway,Atif Rasheed,Akhil Arjunan,AJ Parmar,1,0,,LOW
1438259,1,13.1,Finland,Norway,Atif Rasheed,Akhil Arjunan,Raza Iqbal,2,0,,HIGH
1438259,1,13.2,Finland,Norway,Atif Rasheed,Akhil Arjunan,Raza Iqbal,2,0,,HIGH
1438259,1,13.3,Finland,Norway,Atif Rasheed,Akhil Arjunan,Raza Iqbal,1,0,,LOW
1438259,1,13.4,Finland,Norway,Akhil Arjunan,Atif Rasheed,Raza Iqbal,0,0,,LOW
1438259,1,13.5,Finland,Norway,Akhil Arjunan,Atif Rasheed,Raza Iqbal,1,0,,LOW
1438259,1,13.6,Finland,Norway,Atif Rasheed,Akhil Arjunan,Raza Iqbal,1,0,,LOW
1438259,1,14.1,Finland,Norway,Atif Rasheed,Akhil Arjunan,AJ Parmar,1,0,,LOW
1438259,1,14.2,Finland,Norway,Akhil Arjunan,Atif Rasheed,AJ Parmar,1,0,,LOW
1438259,1,14.3,Finland,Norway,Atif Rasheed,Akhil Arjunan,AJ Parmar,0,0,,LOW
1438259,1,14.4,Finland,Norway,Atif Rasheed,Akhil Arjunan,AJ Parmar,1,0,,LOW
1438259,1,14.5,Finland,Norway,Akhil Arjunan,Atif Rasheed,AJ Parmar,1,0,,LOW
1438259,1,14.6,Finland,Norway,Atif Rasheed,Akhil Arjunan,AJ Parmar,0,0,bowled,LOW
1438259,1,15.1,Finland,Norway,Akhil Arjunan,MB Tambe,Raza Iqbal,0,0,,LOW
1438259,1,15.2,Finland,Norway,Akhil Arjunan,MB Tambe,Raza Iqbal,1,0,,LOW
1438259,1,15.3,Finland,Norway,MB Tambe,Akhil Arjunan,Raza Iqbal,0,0,,LOW
1438259,1,15.4,Finland,Norway,MB Tambe,Akhil Arjunan,Raza Iqbal,0,0,,LOW
1438259,1,15.5,Finland,Norway,MB Tambe,Akhil Arjunan,Raza Iqbal,0,0,,LOW
1438259,1,15.6,Finland,Norway,MB Tambe,Akhil Arjunan,Raza Iqbal,0,0,,LOW
1438259,1,16.1,Finland,Norway,Akhil Arjunan,MB Tambe,Qamar Mushtaque,0,0,,LOW
1438259,1,16.2,Finland,Norway,Akhil Arjunan,MB Tambe,Qamar Mushtaque,0,0,,LOW
1438259,1,16.3,Finland,Norway,Akhil Arjunan,MB Tambe,Qamar Mushtaque,1,0,,LOW
1438259,1,16.4,Finland,Norway,MB Tambe,Akhil Arjunan,Qamar Mushtaque,0,1,,LOW
1438259,1,16.5,Finland,Norway,MB Tambe,Akhil Arjunan,Qamar Mushtaque,0,1,,LOW
1438259,1,16.6,Finland,Norway,MB Tambe,Akhil Arjunan,Qamar Mushtaque,0,0,,LOW
1438259,1,16.7,Finland,Norway,MB Tambe,Akhil Arjunan,Qamar Mushtaque,0,0,,LOW
1438259,1,16.8,Finland,Norway,MB Tambe,Akhil Arjunan,Qamar Mushtaque,0,0,,LOW
1438259,1,17.1,Finland,Norway,Akhil Arjunan,MB Tambe,Chaudhary Akram,1,0,,LOW
1438259,1,17.2,Finland,Norway,MB Tambe,Akhil Arjunan,Chaudhary Akram,1,0,,LOW
1438259,1,17.3,Finland,Norway,Akhil Arjunan,MB Tambe,Chaudhary Akram,0,0,caught,LOW
1438259,1,17.4,Finland,Norway,Raaz Mohammad,MB Tambe,Chaudhary Akram,1,0,,LOW
1438259,1,17.5,Finland,Norway,MB Tambe,Raaz Mohammad,Chaudhary Akram,0,0,,LOW
1438259,1,17.6,Finland,Norway,MB Tambe,Raaz Mohammad,Chaudhary Akram,0,0,,LOW
1438259,1,18.1,Finland,Norway,Raaz Mohammad,MB Tambe,Qamar Mushtaque,2,0,,HIGH
1438259,1,18.2,Finland,Norway,Raaz Mohammad,MB Tambe,Qamar Mushtaque,0,0,,LOW
1438259,1,18.3,Finland,Norway,Raaz Mohammad,MB Tambe,Qamar Mushtaque,1,0,,LOW
1438259,1,18.4,Finland,Norway,MB Tambe,Raaz Mohammad,Qamar Mushtaque,0,1,,LOW
1438259,1,18.5,Finland,Norway,MB Tambe,Raaz Mohammad,Qamar Mushtaque,0,0,,LOW
1438259,1,18.6,Finland,Norway,MB Tambe,Raaz Mohammad,Qamar Mushtaque,0,0,caught,LOW
1438259,2,0.1,Norway,Finland,Raza Iqbal,Khizer Ahmed,Amjad Sher,0,1,,LOW
1438259,2,0.2,Norway,Finland,Raza Iqbal,Khizer Ahmed,Amjad Sher,0,0,,LOW
1438259,2,0.3,Norway,Finland,Raza Iqbal,Khizer Ahmed,Amjad Sher,0,0,,LOW
1438259,2,0.4,Norway,Finland,Raza Iqbal,Khizer Ahmed,Amjad Sher,0,0,caught,LOW
1438259,2,0.5,Norway,Finland,Walid Ghauri,Khizer Ahmed,Amjad Sher,0,0,,LOW
1438259,2,0.6,Norway,Finland,Walid Ghauri,Khizer Ahmed,Amjad Sher,0,0,,LOW
1438259,2,0.7,Norway,Finland,Walid Ghauri,Khizer Ahmed,Amjad Sher,0,0,,LOW
1438259,2,1.1,Norway,Finland,Khizer Ahmed,Walid Ghauri,Raaz Mohammad,0,1,,LOW
1438259,2,1.2,Norway,Finland,Khizer Ahmed,Walid Ghauri,Raaz Mohammad,1,0,,LOW
1438259,2,1.3,Norway,Finland,Walid Ghauri,Khizer Ahmed,Raaz Mohammad,1,0,,LOW
1438259,2,1.4,Norway,Finland,Khizer Ahmed,Walid Ghauri,Raaz Mohammad,1,0,,LOW
1438259,2,1.5,Norway,Finland,Walid Ghauri,Khizer Ahmed,Raaz Mohammad,2,0,,HIGH
1438259,2,1.6,Norway,Finland,Walid Ghauri,Khizer Ahmed,Raaz Mohammad,0,1,,LOW
1438259,2,1.7,Norway,Finland,Khizer Ahmed,Walid Ghauri,Raaz Mohammad,1,0,,LOW
1438259,2,2.1,Norway,Finland,Khizer Ahmed,Walid Ghauri,Amjad Sher,1,0,,LOW
1438259,2,2.2,Norway,Finland,Walid Ghauri,Khizer Ahmed,Amjad Sher,1,0,,LOW
1438259,2,2.3,Norway,Finland,Khizer Ahmed,Walid Ghauri,Amjad Sher,0,1,,LOW
1438259,2,2.4,Norway,Finland,Khizer Ahmed,Walid Ghauri,Amjad Sher,4,0,,HIGH
1438259,2,2.5,Norway,Finland,Khizer Ahmed,Walid Ghauri,Amjad Sher,1,0,,LOW
1438259,2,2.6,Norway,Finland,Walid Ghauri,Khizer Ahmed,Amjad Sher,0,0,,LOW
1438259,2,2.7,Norway,Finland,Walid Ghauri,Khizer Ahmed,Amjad Sher,1,0,,LOW
1438259,2,3.1,Norway,Finland,Walid Ghauri,Khizer Ahmed,Raaz Mohammad,1,0,,LOW
1438259,2,3.2,Norway,Finland,Khizer Ahmed,Walid Ghauri,Raaz Mohammad,4,0,,HIGH
1438259,2,3.3,Norway,Finland,Khizer Ahmed,Walid Ghauri,Raaz Mohammad,1,0,,LOW
1438259,2,3.4,Norway,Finland,Walid Ghauri,Khizer Ahmed,Raaz Mohammad,0,0,,LOW
1438259,2,3.5,Norway,Finland,Walid Ghauri,Khizer Ahmed,Raaz Mohammad,1,0,,LOW
1438259,2,3.6,Norway,Finland,Khizer Ahmed,Walid Ghauri,Raaz Mohammad,0,1,,LOW
1438259,2,3.7,Norway,Finland,Khizer Ahmed,Walid Ghauri,Raaz Mohammad,1,0,,LOW
1438259,2,4.1,Norway,Finland,Khizer Ahmed,Walid Ghauri,MB Tambe,2,0,,HIGH
1438259,2,4.2,Norway,Finland,Khizer Ahmed,Walid Ghauri,MB Tambe,1,0,,LOW
1438259,2,4.3,Norway,Finland,Walid Ghauri,Khizer Ahmed,MB Tambe,1,0,,LOW
1438259,2,4.4,Norway,Finland,Khizer Ahmed,Walid Ghauri,MB Tambe,0,0,,LOW
1438259,2,4.5,Norway,Finland,Khizer Ahmed,Walid Ghauri,MB Tambe,0,0,caught,LOW
1438259,2,4.6,Norway,Finland,D Abeyrathna,Walid Ghauri,MB Tambe,0,0,,LOW
1438259,2,5.1,Norway,Finland,Walid Ghauri,D Abeyrathna,NM Salonen,0,0,,LOW
1438259,2,5.2,Norway,Finland,Walid Ghauri,D Abeyrathna,NM Salonen,4,0,,HIGH
1438259,2,5.3,Norway,Finland,Walid Ghauri,D Abeyrathna,NM Salonen,2,0,,HIGH
1438259,2,5.4,Norway,Finland,Walid Ghauri,D Abeyrathna,NM Salonen,0,0,,LOW
1438259,2,5.5,Norway,Finland,Walid Ghauri,D Abeyrathna,NM Salonen,2,0,,HIGH
1438259,2,5.6,Norway,Finland,Walid Ghauri,D Abeyrathna,NM Salonen,0,0,caught,LOW
1438259,2,6.1,Norway,Finland,D Abeyrathna,Javed Maroofkhail,MB Tambe,4,0,,HIGH
1438259,2,6.2,Norway,Finland,D Abeyrathna,Javed Maroofkhail,MB Tambe,0,0,,LOW
1438259,2,6.3,Norway,Finland,D Abeyrathna,Javed Maroofkhail,MB Tambe,0,0,,LOW
1438259,2,6.4,Norway,Finland,D Abeyrathna,Javed Maroofkhail,MB Tambe,0,0,,LOW
1438259,2,6.5,Norway,Finland,D Abeyrathna,Javed Maroofkhail,MB Tambe,0,0,,LOW
1438259,2,6.6,Norway,Finland,D Abeyrathna,Javed Maroofkhail,MB Tambe,0,0,,LOW
1438259,2,7.1,Norway,Finland,Javed Maroofkhail,D Abeyrathna,NM Salonen,0,0,,LOW
1438259,2,7.2,Norway,Finland,Javed Maroofkhail,D Abeyrathna,NM Salonen,1,0,,LOW
1438259,2,7.3,Norway,Finland,D Abeyrathna,Javed Maroofkhail,NM Salonen,0,0,,LOW
1438259,2,7.4,Norway,Finland,D Abeyrathna,Javed Maroofkhail,NM Salonen,0,0,,LOW
1438259,2,7.5,Norway,Finland,D Abeyrathna,Javed Maroofkhail,NM Salonen,0,0,,LOW
1438259,2,7.6,Norway,Finland,D Abeyrathna,Javed Maroofkhail,NM Salonen,1,0,,LOW
1438259,2,8.1,Norway,Finland,D Abeyrathna,Javed Maroofkhail,Akhil Arjunan,0,0,,LOW
1438259,2,8.2,Norway,Finland,D Abeyrathna,Javed Maroofkhail,Akhil Arjunan,0,1,,LOW
1438259,2,8.3,Norway,Finland,D Abeyrathna,Javed Maroofkhail,Akhil Arjunan,1,0,,LOW
1438259,2,8.4,Norway,Finland,Javed Maroofkhail,D Abeyrathna,Akhil Arjunan,0,0,,LOW
1438259,2,8.5,Norway,Finland,Javed Maroofkhail,D Abeyrathna,Akhil Arjunan,0,0,,LOW
1438259,2,8.6,Norway,Finland,Javed Maroofkhail,D Abeyrathna,Akhil Arjunan,0,1,,LOW
1438259,2,8.7,Norway,Finland,Javed Maroofkhail,D Abeyrathna,Akhil Arjunan,1,0,,LOW
1438259,2,8.8,Norway,Finland,D Abeyrathna,Javed Maroofkhail,Akhil Arjunan,1,0,,LOW
1438259,2,9.1,Norway,Finland,D Abeyrathna,Javed Maroofkhail,Ghulam Abbas Butt,0,0,,LOW
1438259,2,9.2,Norway,Finland,D Abeyrathna,Javed Maroofkhail,Ghulam Abbas Butt,0,0,,LOW
1438259,2,9.3,Norway,Finland,D Abeyrathna,Javed Maroofkhail,Ghulam Abbas Butt,2,0,,HIGH
1438259,2,9.4,Norway,Finland,D Abeyrathna,Javed Maroofkhail,Ghulam Abbas Butt,1,0,,LOW
1438259,2,9.5,Norway,Finland,Javed Maroofkhail,D Abeyrathna,Ghulam Abbas Butt,0,1,,LOW
1438259,2,9.6,Norway,Finland,Javed Maroofkhail,D Abeyrathna,Ghulam Abbas Butt,0,0,,LOW
1438259,2,9.7,Norway,Finland,Javed Maroofkhail,D Abeyrathna,Ghulam Abbas Butt,2,0,,HIGH
1438259,2,10.1,Norway,Finland,D Abeyrathna,Javed Maroofkhail,Akhil Arjunan,1,0,,LOW
1438259,2,10.2,Norway,Finland,Javed Maroofkhail,D Abeyrathna,Akhil Arjunan,0,0,,LOW
1438259,2,10.3,Norway,Finland,Javed Maroofkhail,D Abeyrathna,Akhil Arjunan,0,1,,LOW
1438259,2,10.4,Norway,Finland,Javed Maroofkhail,D Abeyrathna,Akhil Arjunan,1,0,,LOW
1438259,2,10.5,Norway,Finland,D Abeyrathna,Javed Maroofkhail,Akhil Arjunan,2,0,,HIGH
1438259,2,10.6,Norway,Finland,D Abeyrathna,Javed Maroofkhail,Akhil Arjunan,0,0,,LOW
1438259,2,10.7,Norway,Finland,D Abeyrathna,Javed Maroofkhail,Akhil Arjunan,0,1,,LOW
1438259,2,10.8,Norway,Finland,D Abeyrathna,Javed Maroofkhail,Akhil Arjunan,1,0,,LOW
1438259,2,11.1,Norway,Finland,D Abeyrathna,Javed Maroofkhail,Ghulam Abbas Butt,1,0,,LOW
1438259,2,11.2,Norway,Finland,Javed Maroofkhail,D Abeyrathna,Ghulam Abbas Butt,1,0,,LOW
1438259,2,11.3,Norway,Finland,D Abeyrathna,Javed Maroofkhail,Ghulam Abbas Butt,0,1,,LOW
1438259,2,11.4,Norway,Finland,D Abeyrathna,Javed Maroofkhail,Ghulam Abbas Butt,1,0,,LOW
1438259,2,11.5,Norway,Finland,Javed Maroofkhail,D Abeyrathna,Ghulam Abbas Butt,0,0,,LOW
1438259,2,11.6,Norway,Finland,Javed Maroofkhail,D Abeyrathna,Ghulam Abbas Butt,1,0,,LOW
1438259,2,11.7,Norway,Finland,D Abeyrathna,Javed Maroofkhail,Ghulam Abbas Butt,0,1,,LOW
1438259,2,11.8,Norway,Finland,D Abeyrathna,Javed Maroofkhail,Ghulam Abbas Butt,6,0,,HIGH
1438259,2,12.1,Norway,Finland,Javed Maroofkhail,D Abeyrathna,Akhil Arjunan,1,0,,LOW
1438259,2,12.2,Norway,Finland,D Abeyrathna,Javed Maroofkhail,Akhil Arjunan,0,0,,LOW
1438259,2,12.3,Norway,Finland,D Abeyrathna,Javed Maroofkhail,Akhil Arjunan,2,0,,HIGH
1438259,2,12.4,Norway,Finland,D Abeyrathna,Javed Maroofkhail,Akhil Arjunan,4,0,,HIGH
1438259,2,12.5,Norway,Finland,D Abeyrathna,Javed Maroofkhail,Akhil Arjunan,2,0,,HIGH
1438259,2,12.6,Norway,Finland,D Abeyrathna,Javed Maroofkhail,Akhil Arjunan,1,0,,LOW
1438259,2,13.1,Norway,Finland,D Abeyrathna,Javed Maroofkhail,Raaz Mohammad,1,0,,LOW
1438259,2,13.2,Norway,Finland,Javed Maroofkhail,D Abeyrathna,Raaz Mohammad,1,0,,LOW
1438259,2,13.3,Norway,Finland,D Abeyrathna,Javed Maroofkhail,Raaz Mohammad,1,0,,LOW
1438259,2,13.4,Norway,Finland,Javed Maroofkhail,D Abeyrathna,Raaz Mohammad,2,0,,HIGH
1438259,2,13.5,Norway,Finland,Javed Maroofkhail,D Abeyrathna,Raaz Mohammad,2,0,,HIGH
1438259,2,13.6,Norway,Finland,Javed Maroofkhail,D Abeyrathna,Raaz Mohammad,0,0,,LOW
1438259,2,14.1,Norway,Finland,D Abeyrathna,Javed Maroofkhail,Amjad Sher,1,0,,LOW
1438259,2,14.2,Norway,Finland,Javed Maroofkhail,D Abeyrathna,Amjad Sher,0,0,,LOW
1438259,2,14.3,Norway,Finland,Javed Maroofkhail,D Abeyrathna,Amjad Sher,0,0,,LOW
1438259,2,14.4,Norway,Finland,Javed Maroofkhail,D Abeyrathna,Amjad Sher,0,0,,LOW
1438259,2,14.5,Norway,Finland,Javed Maroofkhail,D Abeyrathna,Amjad Sher,0,0,,LOW
1438259,2,14.6,Norway,Finland,Javed Maroofkhail,D Abeyrathna,Amjad Sher,0,0,,LOW
1438259,2,15.1,Norway,Finland,D Abeyrathna,Javed Maroofkhail,MB Tambe,1,0,,LOW
1438259,2,15.2,Norway,Finland,Javed Maroofkhail,D Abeyrathna,MB Tambe,1,0,,LOW
1438259,2,15.3,Norway,Finland,D Abeyrathna,Javed Maroofkhail,MB Tambe,1,0,,LOW
1438259,2,15.4,Norway,Finland,Javed Maroofkhail,D Abeyrathna,MB Tambe,6,0,,HIGH
1438259,2,15.5,Norway,Finland,Javed Maroofkhail,D Abeyrathna,MB Tambe,2,0,,HIGH
1438259,2,15.6,Norway,Finland,Javed Maroofkhail,D Abeyrathna,MB Tambe,0,0,,LOW
1438259,2,16.1,Norway,Finland,D Abeyrathna,Javed Maroofkhail,Amjad Sher,1,0,,LOW
1438259,2,16.2,Norway,Finland,Javed Maroofkhail,D Abeyrathna,Amjad Sher,0,0,,LOW
1438259,2,16.3,Norway,Finland,Javed Maroofkhail,D Abeyrathna,Amjad Sher,0,0,,LOW
1438259,2,16.4,Norway,Finland,Javed Maroofkhail,D Abeyrathna,Amjad Sher,0,0,,LOW
1438259,2,16.5,Norway,Finland,Javed Maroofkhail,D Abeyrathna,Amjad Sher,1,0,,LOW
1438259,2,16.6,Norway,Finland,D Abeyrathna,Javed Maroofkhail,Amjad Sher,1,0,,LOW
1438259,2,17.1,Norway,Finland,D Abeyrathna,Javed Maroofkhail,NM Salonen,1,0,,LOW
1438259,2,17.2,Norway,Finland,Javed Maroofkhail,D Abeyrathna,NM Salonen,0,0,,LOW
1438259,2,17.3,Norway,Finland,Javed Maroofkhail,D Abeyrathna,NM Salonen,1,0,,LOW
1438259,2,17.4,Norway,Finland,D Abeyrathna,Javed Maroofkhail,NM Salonen,4,0,,HIGH
1438259,2,17.5,Norway,Finland,D Abeyrathna,Javed Maroofkhail,NM Salonen,2,0,,HIGH
1438259,2,17.6,Norway,Finland,D Abeyrathna,Javed Maroofkhail,NM Salonen,0,0,,LOW
1438259,2,18.1,Norway,Finland,Javed Maroofkhail,D Abeyrathna,Raaz Mohammad,1,0,,LOW
1438259,2,18.2,Norway,Finland,D Abeyrathna,Javed Maroofkhail,Raaz Mohammad,0,0,,LOW
1438259,2,18.3,Norway,Finland,D Abeyrathna,Javed Maroofkhail,Raaz Mohammad,1,0,,LOW
1438259,2,18.4,Norway,Finland,Javed Maroofkhail,D Abeyrathna,Raaz Mohammad,2,0,,HIGH
1201683,1,0.1,Zimbabwe,Nepal,BB Chari,RW Chakabva,S Lamichhane,0,0,,LOW
1201683,1,0.2,Zimbabwe,Nepal,BB Chari,RW Chakabva,S Lamichhane,0,0,,LOW
1201683,1,0.3,Zimbabwe,Nepal,BB Chari,RW Chakabva,S Lamichhane,0,0,,LOW
1201683,1,0.4,Zimbabwe,Nepal,BB Chari,RW Chakabva,S Lamichhane,0,0,lbw,LOW
1201683,1,0.5,Zimbabwe,Nepal,PJ Moor,RW Chakabva,S Lamichhane,1,0,,LOW
1201683,1,0.6,Zimbabwe,Nepal,RW Chakabva,PJ Moor,S Lamichhane,0,0,,LOW
1201683,1,1.1,Zimbabwe,Nepal,PJ Moor,RW Chakabva,S Bhari,6,0,,HIGH
1201683,1,1.2,Zimbabwe,Nepal,PJ Moor,RW Chakabva,S Bhari,0,0,,LOW
1201683,1,1.3,Zimbabwe,Nepal,PJ Moor,RW Chakabva,S Bhari,1,0,,LOW
1201683,1,1.4,Zimbabwe,Nepal,RW Chakabva,PJ Moor,S Bhari,1,1,,LOW
1201683,1,1.5,Zimbabwe,Nepal,PJ Moor,RW Chakabva,S Bhari,4,0,,HIGH
1201683,1,1.6,Zimbabwe,Nepal,PJ Moor,RW Chakabva,S Bhari,1,0,,LOW
1201683,1,1.7,Zimbabwe,Nepal,RW Chakabva,PJ Moor,S Bhari,1,0,,LOW
1201683,1,2.1,Zimbabwe,Nepal,RW Chakabva,PJ Moor,Karan KC,0,4,,LOW
1201683,1,2.2,Zimbabwe,Nepal,RW Chakabva,PJ Moor,Karan KC,0,0,,LOW
1201683,1,2.3,Zimbabwe,Nepal,RW Chakabva,PJ Moor,Karan KC,0,0,,LOW
1201683,1,2.4,Zimbabwe,Nepal,RW Chakabva,PJ Moor,Karan KC,0,5,,LOW
1201683,1,2.5,Zimbabwe,Nepal,RW Chakabva,PJ Moor,Karan KC,0,0,,LOW
1201683,1,2.6,Zimbabwe,Nepal,RW Chakabva,PJ Moor,Karan KC,0,0,,LOW
1201683,1,2.7,Zimbabwe,Nepal,RW Chakabva,PJ Moor,Karan KC,4,0,,HIGH
1201683,1,3.1,Zimbabwe,Nepal,PJ Moor,RW Chakabva,Sompal Kami,0,0,,LOW
1201683,1,3.2,Zimbabwe,Nepal,PJ Moor,RW Chakabva,Sompal Kami,1,0,,LOW
1201683,1,3.3,Zimbabwe,Nepal,RW Chakabva,PJ Moor,Sompal Kami,0,0,,LOW
1201683,1,3.4,Zimbabwe,Nepal,RW Chakabva,PJ Moor,Sompal Kami,0,0,bowled,LOW
1201683,1,3.5,Zimbabwe,Nepal,SC Williams,PJ Moor,Sompal Kami,0,0,,LOW
1201683,1,3.6,Zimbabwe,Nepal,SC Williams,PJ Moor,Sompal Kami,0,0,,LOW
1201683,1,4.1,Zimbabwe,Nepal,PJ Moor,SC Williams,S Lamichhane,0,0,,LOW
1201683,1,4.2,Zimbabwe,Nepal,PJ Moor,SC Williams,S Lamichhane,6,0,,HIGH
1201683,1,4.3,Zimbabwe,Nepal,PJ Moor,SC Williams,S Lamichhane,1,0,,LOW
1201683,1,4.4,Zimbabwe,Nepal,SC Williams,PJ Moor,S Lamichhane,0,0,,LOW
1201683,1,4.5,Zimbabwe,Nepal,SC Williams,PJ Moor,S Lamichhane,1,0,,LOW
1201683,1,4.6,Zimbabwe,Nepal,PJ Moor,SC Williams,S Lamichhane,0,0,bowled,LOW
1201683,1,5.1,Zimbabwe,Nepal,SC Williams,CT Mutombodzi,Sompal Kami,4,0,,HIGH
1201683,1,5.2,Zimbabwe,Nepal,SC Williams,CT Mutombodzi,Sompal Kami,0,0,,LOW
1201683,1,5.3,Zimbabwe,Nepal,SC Williams,CT Mutombodzi,Sompal Kami,0,0,,LOW
1201683,1,5.4,Zimbabwe,Nepal,SC Williams,CT Mutombodzi,Sompal Kami,0,0,,LOW
1201683,1,5.5,Zimbabwe,Nepal,SC Williams,CT Mutombodzi,Sompal Kami,0,0,,LOW
1201683,1,5.6,Zimbabwe,Nepal,SC Williams,CT Mutombodzi,Sompal Kami,1,0,,LOW
1201683,1,6.1,Zimbabwe,Nepal,SC Williams,CT Mutombodzi,A Bohara,0,0,,LOW
1201683,1,6.2,Zimbabwe,Nepal,SC Williams,CT Mutombodzi,A Bohara,1,0,,LOW
1201683,1,6.3,Zimbabwe,Nepal,CT Mutombodzi,SC Williams,A Bohara,1,0,,LOW
1201683,1,6.4,Zimbabwe,Nepal,SC Williams,CT Mutombodzi,A Bohara,1,0,,LOW
1201683,1,6.5,Zimbabwe,Nepal,CT Mutombodzi,SC Williams,A Bohara,0,0,,LOW
1201683,1,6.6,Zimbabwe,Nepal,CT Mutombodzi,SC Williams,A Bohara,1,0,,LOW
1201683,1,7.1,Zimbabwe,Nepal,CT Mutombodzi,SC Williams,Sompal Kami,0,0,,LOW
1201683,1,7.2,Zimbabwe,Nepal,CT Mutombodzi,SC Williams,Sompal Kami,0,1,,LOW
1201683,1,7.3,Zimbabwe,Nepal,SC Williams,CT Mutombodzi,Sompal Kami,0,0,,LOW
1201683,1,7.4,Zimbabwe,Nepal,SC Williams,CT Mutombodzi,Sompal Kami,1,0,,LOW
1201683,1,7.5,Zimbabwe,Nepal,CT Mutombodzi,SC Williams,Sompal Kami,0,0,,LOW
1201683,1,7.6,Zimbabwe,Nepal,CT Mutombodzi,SC Williams,Sompal Kami,1,0,,LOW
1201683,1,8.1,Zimbabwe,Nepal,CT Mutombodzi,SC Williams,Karan KC,1,0,,LOW
1201683,1,8.2,Zimbabwe,Nepal,SC Williams,CT Mutombodzi,Karan KC,2,0,,HIGH
1201683,1,8.3,Zimbabwe,Nepal,SC Williams,CT Mutombodzi,Karan KC,1,0,,LOW
1201683,1,8.4,Zimbabwe,Nepal,CT Mutombodzi,SC Williams,Karan KC,4,0,,HIGH
1201683,1,8.5,Zimbabwe,Nepal,CT Mutombodzi,SC Williams,Karan KC,4,0,,HIGH
1201683,1,8.6,Zimbabwe,Nepal,CT Mutombodzi,SC Williams,Karan KC,0,0,,LOW
1201683,1,9.1,Zimbabwe,Nepal,SC Williams,CT Mutombodzi,P Sarraf,2,0,,HIGH
1201683,1,9.2,Zimbabwe,Nepal,SC Williams,CT Mutombodzi,P Sarraf,6,0,,HIGH
1201683,1,9.3,Zimbabwe,Nepal,SC Williams,CT Mutombodzi,P Sarraf,0,0,,LOW
1201683,1,9.4,Zimbabwe,Nepal,SC Williams,CT Mutombodzi,P Sarraf,1,0,,LOW
1201683,1,9.5,Zimbabwe,Nepal,CT Mutombodzi,SC Williams,P Sarraf,0,0,,LOW
1201683,1,9.6,Zimbabwe,Nepal,CT Mutombodzi,SC Williams,P Sarraf,1,0,,LOW
1201683,1,10.1,Zimbabwe,Nepal,CT Mutombodzi,SC Williams,S Lamichhane,1,0,,LOW
1201683,1,10.2,Zimbabwe,Nepal,SC Williams,CT Mutombodzi,S Lamichhane,4,0,,HIGH
1201683,1,10.3,Zimbabwe,Nepal,SC Williams,CT Mutombodzi,S Lamichhane,1,0,,LOW
1201683,1,10.4,Zimbabwe,Nepal,CT Mutombodzi,SC Williams,S Lamichhane,1,0,,LOW
1201683,1,10.5,Zimbabwe,Nepal,SC Williams,CT Mutombodzi,S Lamichhane,6,0,,HIGH
1201683,1,10.6,Zimbabwe,Nepal,SC Williams,CT Mutombodzi,S Lamichhane,0,0,,LOW
1201683,1,11.1,Zimbabwe,Nepal,CT Mutombodzi,SC Williams,Karan KC,0,0,,LOW
1201683,1,11.2,Zimbabwe,Nepal,CT Mutombodzi,SC Williams,Karan KC,1,0,,LOW
1201683,1,11.3,Zimbabwe,Nepal,SC Williams,CT Mutombodzi,Karan KC,1,0,,LOW
1201683,1,11.4,Zimbabwe,Nepal,CT Mutombodzi,SC Williams,Karan KC,2,0,,HIGH
1201683,1,11.5,Zimbabwe,Nepal,CT Mutombodzi,SC Williams,Karan KC,1,0,,LOW
1201683,1,11.6,Zimbabwe,Nepal,SC Williams,CT Mutombodzi,Karan KC,1,0,,LOW
1201683,1,12.1,Zimbabwe,Nepal,SC Williams,CT Mutombodzi,Sompal Kami,4,0,,HIGH
1201683,1,12.2,Zimbabwe,Nepal,SC Williams,CT Mutombodzi,Sompal Kami,1,0,,LOW
1201683,1,12.3,Zimbabwe,Nepal,CT Mutombodzi,SC Williams,Sompal Kami,1,0,,LOW
1201683,1,12.4,Zimbabwe,Nepal,SC Williams,CT Mutombodzi,Sompal Kami,1,0,,LOW
1201683,1,12.5,Zimbabwe,Nepal,CT Mutombodzi,SC Williams,Sompal Kami,0,0,,LOW
1201683,1,12.6,Zimbabwe,Nepal,CT Mutombodzi,SC Williams,Sompal Kami,0,0,lbw,LOW
1201683,1,13.1,Zimbabwe,Nepal,SC Williams,RP Burl,P Khadka,1,0,,LOW
1201683,1,13.2,Zimbabwe,Nepal,RP Burl,SC Williams,P Khadka,1,0,,LOW
1201683,1,13.3,Zimbabwe,Nepal,SC Williams,RP Burl,P Khadka,4,0,,HIGH
1201683,1,13.4,Zimbabwe,Nepal,SC Williams,RP Burl,P Khadka,2,0,,HIGH
1201683,1,13.5,Zimbabwe,Nepal,SC Williams,RP Burl,P Khadka,6,0,,HIGH
1201683,1,13.6,Zimbabwe,Nepal,SC Williams,RP Burl,P Khadka,0,0,bowled,LOW
1201683,1,14.1,Zimbabwe,Nepal,RP Burl,R Mutumbami,A Bohara,1,0,,LOW
1201683,1,14.2,Zimbabwe,Nepal,R Mutumbami,RP Burl,A Bohara,0,0,,LOW
1201683,1,14.3,Zimbabwe,Nepal,R Mutumbami,RP Burl,A Bohara,1,0,,LOW
1201683,1,14.4,Zimbabwe,Nepal,RP Burl,R Mutumbami,A Bohara,0,1,,LOW
1201683,1,14.5,Zimbabwe,Nepal,RP Burl,R Mutumbami,A Bohara,1,0,,LOW
1201683,1,14.6,Zimbabwe,Nepal,R Mutumbami,RP Burl,A Bohara,1,0,,LOW
1201683,1,14.7,Zimbabwe,Nepal,RP Burl,R Mutumbami,A Bohara,1,0,,LOW
1201683,1,15.1,Zimbabwe,Nepal,RP Burl,R Mutumbami,P Khadka,1,0,,LOW
1201683,1,15.2,Zimbabwe,Nepal,R Mutumbami,RP Burl,P Khadka,1,0,,LOW
1201683,1,15.3,Zimbabwe,Nepal,RP Burl,R Mutumbami,P Khadka,6,0,,HIGH
1201683,1,15.4,Zimbabwe,Nepal,RP Burl,R Mutumbami,P Khadka,0,1,,LOW
1201683,1,15.5,Zimbabwe,Nepal,RP Burl,R Mutumbami,P Khadka,1,0,,LOW
1201683,1,15.6,Zimbabwe,Nepal,R Mutumbami,RP Burl,P Khadka,1,0,,LOW
1201683,1,15.7,Zimbabwe,Nepal,RP Burl,R Mutumbami,P Khadka,1,0,,LOW
1201683,1,16.1,Zimbabwe,Nepal,RP Burl,R Mutumbami,S Lamichhane,1,0,,LOW
1201683,1,16.2,Zimbabwe,Nepal,R Mutumbami,RP Burl,S Lamichhane,0,0,,LOW
1201683,1,16.3,Zimbabwe,Nepal,R Mutumbami,RP Burl,S Lamichhane,1,0,,LOW
1201683,1,16.4,Zimbabwe,Nepal,RP Burl,R Mutumbami,S Lamichhane,1,0,,LOW
1201683,1,16.5,Zimbabwe,Nepal,R Mutumbami,RP Burl,S Lamichhane,1,0,,LOW
1201683,1,16.6,Zimbabwe,Nepal,RP Burl,R Mutumbami,S Lamichhane,1,0,,LOW
1201683,1,17.1,Zimbabwe,Nepal,RP Burl,R Mutumbami,A Bohara,1,0,,LOW
1201683,1,17.2,Zimbabwe,Nepal,R Mutumbami,RP Burl,A Bohara,1,0,,LOW
1201683,1,17.3,Zimbabwe,Nepal,RP Burl,R Mutumbami,A Bohara,1,0,,LOW
1201683,1,17.4,Zimbabwe,Nepal,R Mutumbami,RP Burl,A Bohara,2,0,,HIGH
1201683,1,17.5,Zimbabwe,Nepal,R Mutumbami,RP Burl,A Bohara,1,0,,LOW
1201683,1,17.6,Zimbabwe,Nepal,RP Burl,R Mutumbami,A Bohara,0,1,,LOW
1201683,1,18.1,Zimbabwe,Nepal,RP Burl,R Mutumbami,Karan KC,0,0,,LOW
1201683,1,18.2,Zimbabwe,Nepal,RP Burl,R Mutumbami,Karan KC,4,0,,HIGH
1201683,1,18.3,Zimbabwe,Nepal,RP Burl,R Mutumbami,Karan KC,1,0,,LOW
1201683,1,18.4,Zimbabwe,Nepal,R Mutumbami,RP Burl,Karan KC,1,0,,LOW
1201683,1,18.5,Zimbabwe,Nepal,RP Burl,R Mutumbami,Karan KC,1,0,,LOW
1201683,1,18.6,Zimbabwe,Nepal,R Mutumbami,RP Burl,Karan KC,1,0,,LOW
1201683,1,19.1,Zimbabwe,Nepal,R Mutumbami,RP Burl,A Bohara,1,0,,LOW
1201683,1,19.2,Zimbabwe,Nepal,RP Burl,R Mutumbami,A Bohara,1,0,,LOW
1201683,1,19.3,Zimbabwe,Nepal,R Mutumbami,RP Burl,A Bohara,4,0,,HIGH
1201683,1,19.4,Zimbabwe,Nepal,R Mutumbami,RP Burl,A Bohara,0,0,caught,LOW
1201683,1,19.5,Zimbabwe,Nepal,RP Burl,T Munyonga,A Bohara,2,0,,HIGH
1201683,1,19.6,Zimbabwe,Nepal,RP Burl,T Munyonga,A Bohara,0,1,,LOW
1201683,1,19.7,Zimbabwe,Nepal,RP Burl,T Munyonga,A Bohara,1,0,,LOW
1201683,2,0.1,Nepal,Zimbabwe,P Khadka,P Sarraf,SC Williams,0,0,,LOW
1201683,2,0.2,Nepal,Zimbabwe,P Khadka,P Sarraf,SC Williams,1,0,,LOW
1201683,2,0.3,Nepal,Zimbabwe,P Sarraf,P Khadka,SC Williams,0,0,,LOW
1201683,2,0.4,Nepal,Zimbabwe,P Sarraf,P Khadka,SC Williams,0,0,,LOW
1201683,2,0.5,Nepal,Zimbabwe,P Sarraf,P Khadka,SC Williams,0,0,,LOW
1201683,2,0.6,Nepal,Zimbabwe,P Sarraf,P Khadka,SC Williams,0,0,caught,LOW
1201683,2,1.1,Nepal,Zimbabwe,DS Airee,P Khadka,TL Chatara,0,0,,LOW
1201683,2,1.2,Nepal,Zimbabwe,DS Airee,P Khadka,TL Chatara,0,0,,LOW
1201683,2,1.3,Nepal,Zimbabwe,DS Airee,P Khadka,TL Chatara,4,0,,HIGH
1201683,2,1.4,Nepal,Zimbabwe,DS Airee,P Khadka,TL Chatara,0,0,caught,LOW
1201683,2,1.5,Nepal,Zimbabwe,Aarif Sheikh,P Khadka,TL Chatara,0,0,,LOW
1201683,2,1.6,Nepal,Zimbabwe,Aarif Sheikh,P Khadka,TL Chatara,0,0,,LOW
1201683,2,2.1,Nepal,Zimbabwe,P Khadka,Aarif Sheikh,D Jakiel,4,0,,HIGH
1201683,2,2.2,Nepal,Zimbabwe,P Khadka,Aarif Sheikh,D Jakiel,0,0,,LOW
1201683,2,2.3,Nepal,Zimbabwe,P Khadka,Aarif Sheikh,D Jakiel,0,0,,LOW
1201683,2,2.4,Nepal,Zimbabwe,P Khadka,Aarif Sheikh,D Jakiel,1,0,,LOW
1201683,2,2.5,Nepal,Zimbabwe,Aarif Sheikh,P Khadka,D Jakiel,0,0,,LOW
1201683,2,2.6,Nepal,Zimbabwe,Aarif Sheikh,P Khadka,D Jakiel,0,0,,LOW
1201683,2,3.1,Nepal,Zimbabwe,P Khadka,Aarif Sheikh,WT Mashinge,0,0,,LOW
1201683,2,3.2,Nepal,Zimbabwe,P Khadka,Aarif Sheikh,WT Mashinge,1,0,,LOW
1201683,2,3.3,Nepal,Zimbabwe,Aarif Sheikh,P Khadka,WT Mashinge,4,0,,HIGH
1201683,2,3.4,Nepal,Zimbabwe,Aarif Sheikh,P Khadka,WT Mashinge,0,0,,LOW
1201683,2,3.5,Nepal,Zimbabwe,Aarif Sheikh,P Khadka,WT Mashinge,4,0,,HIGH
1201683,2,3.6,Nepal,Zimbabwe,Aarif Sheikh,P Khadka,WT Mashinge,6,0,,HIGH
1201683,2,4.1,Nepal,Zimbabwe,P Khadka,Aarif Sheikh,TL Chatara,0,1,,LOW
1201683,2,4.2,Nepal,Zimbabwe,P Khadka,Aarif Sheikh,TL Chatara,4,0,,HIGH
1201683,2,4.3,Nepal,Zimbabwe,P Khadka,Aarif Sheikh,TL Chatara,0,0,,LOW
1201683,2,4.4,Nepal,Zimbabwe,P Khadka,Aarif Sheikh,TL Chatara,1,0,,LOW
1201683,2,4.5,Nepal,Zimbabwe,Aarif Sheikh,P Khadka,TL Chatara,1,0,,LOW
1201683,2,4.6,Nepal,Zimbabwe,P Khadka,Aarif Sheikh,TL Chatara,0,0,,LOW
1201683,2,4.7,Nepal,Zimbabwe,P Khadka,Aarif Sheikh,TL Chatara,0,0,,LOW
1201683,2,5.1,Nepal,Zimbabwe,Aarif Sheikh,P Khadka,SC Williams,1,0,,LOW
1201683,2,5.2,Nepal,Zimbabwe,P Khadka,Aarif Sheikh,SC Williams,0,0,,LOW
1201683,2,5.3,Nepal,Zimbabwe,P Khadka,Aarif Sheikh,SC Williams,0,0,caught,LOW
1201683,2,5.4,Nepal,Zimbabwe,B Bhandari,Aarif Sheikh,SC Williams,1,0,,LOW
1201683,2,5.5,Nepal,Zimbabwe,Aarif Sheikh,B Bhandari,SC Williams,1,0,,LOW
1201683,2,5.6,Nepal,Zimbabwe,B Bhandari,Aarif Sheikh,SC Williams,4,0,,HIGH
1201683,2,6.1,Nepal,Zimbabwe,Aarif Sheikh,B Bhandari,CT Mutombodzi,0,0,,LOW
1201683,2,6.2,Nepal,Zimbabwe,Aarif Sheikh,B Bhandari,CT Mutombodzi,1,0,,LOW
1201683,2,6.3,Nepal,Zimbabwe,B Bhandari,Aarif Sheikh,CT Mutombodzi,0,0,,LOW
1201683,2,6.4,Nepal,Zimbabwe,B Bhandari,Aarif Sheikh,CT Mutombodzi,1,0,,LOW
1201683,2,6.5,Nepal,Zimbabwe,Aarif Sheikh,B Bhandari,CT Mutombodzi,0,0,,LOW
1201683,2,6.6,Nepal,Zimbabwe,Aarif Sheikh,B Bhandari,CT Mutombodzi,0,0,,LOW
1201683,2,7.1,Nepal,Zimbabwe,B Bhandari,Aarif Sheikh,RP Burl,0,0,,LOW
1201683,2,7.2,Nepal,Zimbabwe,B Bhandari,Aarif Sheikh,RP Burl,0,0,,LOW
1201683,2,7.3,Nepal,Zimbabwe,B Bhandari,Aarif Sheikh,RP Burl,0,0,,LOW
1201683,2,7.4,Nepal,Zimbabwe,B Bhandari,Aarif Sheikh,RP Burl,0,0,,LOW
1201683,2,7.5,Nepal,Zimbabwe,B Bhandari,Aarif Sheikh,RP Burl,0,0,,LOW
1201683,2,7.6,Nepal,Zimbabwe,B Bhandari,Aarif Sheikh,RP Burl,1,0,,LOW
1201683,2,8.1,Nepal,Zimbabwe,B Bhandari,Aarif Sheikh,WT Mashinge,1,0,,LOW
1201683,2,8.2,Nepal,Zimbabwe,Aarif Sheikh,B Bhandari,WT Mashinge,0,1,,LOW
1201683,2,8.3,Nepal,Zimbabwe,Aarif Sheikh,B Bhandari,WT Mashinge,0,0,,LOW
1201683,2,8.4,Nepal,Zimbabwe,Aarif Sheikh,B Bhandari,WT Mashinge,4,0,,HIGH
1201683,2,8.5,Nepal,Zimbabwe,Aarif Sheikh,B Bhandari,WT Mashinge,2,0,,HIGH
1201683,2,8.6,Nepal,Zimbabwe,Aarif Sheikh,B Bhandari,WT Mashinge,1,0,,LOW
1201683,2,8.7,Nepal,Zimbabwe,B Bhandari,Aarif Sheikh,WT Mashinge,1,0,,LOW
1201683,2,9.1,Nepal,Zimbabwe,B Bhandari,Aarif Sheikh,CT Mutombodzi,0,0,,LOW
1201683,2,9.2,Nepal,Zimbabwe,B Bhandari,Aarif Sheikh,CT Mutombodzi,1,0,,LOW
1201683,2,9.3,Nepal,Zimbabwe,Aarif Sheikh,B Bhandari,CT Mutombodzi,0,0,caught,LOW
1201683,2,9.4,Nepal,Zimbabwe,Kushal Malla,B Bhandari,CT Mutombodzi,0,0,,LOW
1201683,2,9.5,Nepal,Zimbabwe,Kushal Malla,B Bhandari,CT Mutombodzi,0,0,,LOW
1201683,2,9.6,Nepal,Zimbabwe,Kushal Malla,B Bhandari,CT Mutombodzi,0,0,,LOW
1201683,2,10.1,Nepal,Zimbabwe,B Bhandari,Kushal Malla,T Munyonga,1,0,,LOW
1201683,2,10.2,Nepal,Zimbabwe,Kushal Malla,B Bhandari,T Munyonga,0,0,,LOW
1201683,2,10.3,Nepal,Zimbabwe,Kushal Malla,B Bhandari,T Munyonga,0,0,,LOW
1201683,2,10.4,Nepal,Zimbabwe,Kushal Malla,B Bhandari,T Munyonga,1,0,,LOW
1201683,2,10.5,Nepal,Zimbabwe,B Bhandari,Kushal Malla,T Munyonga,1,0,,LOW
1201683,2,10.6,Nepal,Zimbabwe,Kushal Malla,B Bhandari,T Munyonga,0,0,,LOW
1201683,2,11.1,Nepal,Zimbabwe,B Bhandari,Kushal Malla,RP Burl,1,0,,LOW
1201683,2,11.2,Nepal,Zimbabwe,Kushal Malla,B Bhandari,RP Burl,0,1,,LOW
1201683,2,11.3,Nepal,Zimbabwe,Kushal Malla,B Bhandari,RP Burl,4,0,,HIGH
1201683,2,11.4,Nepal,Zimbabwe,Kushal Malla,B Bhandari,RP Burl,0,0,caught,LOW
1201683,2,11.5,Nepal,Zimbabwe,Sompal Kami,B Bhandari,RP Burl,1,0,,LOW
1201683,2,11.6,Nepal,Zimbabwe,B Bhandari,Sompal Kami,RP Burl,0,0,,LOW
1201683,2,11.7,Nepal,Zimbabwe,B Bhandari,Sompal Kami,RP Burl,0,0,,LOW
1201683,2,12.1,Nepal,Zimbabwe,Sompal Kami,B Bhandari,D Jakiel,0,1,,LOW
1201683,2,12.2,Nepal,Zimbabwe,Sompal Kami,B Bhandari,D Jakiel,2,0,,HIGH
1201683,2,12.3,Nepal,Zimbabwe,Sompal Kami,B Bhandari,D Jakiel,0,0,,LOW
1201683,2,12.4,Nepal,Zimbabwe,Sompal Kami,B Bhandari,D Jakiel,0,1,,LOW
1201683,2,12.5,Nepal,Zimbabwe,Sompal Kami,B Bhandari,D Jakiel,0,0,,LOW
1201683,2,12.6,Nepal,Zimbabwe,Sompal Kami,B Bhandari,D Jakiel,2,0,,HIGH
1201683,2,12.7,Nepal,Zimbabwe,Sompal Kami,B Bhandari,D Jakiel,1,0,,LOW
1201683,2,12.8,Nepal,Zimbabwe,B Bhandari,Sompal Kami,D Jakiel,0,0,,LOW
1201683,2,13.1,Nepal,Zimbabwe,Sompal Kami,B Bhandari,CT Mutombodzi,1,0,,LOW
1201683,2,13.2,Nepal,Zimbabwe,B Bhandari,Sompal Kami,CT Mutombodzi,1,0,,LOW
1201683,2,13.3,Nepal,Zimbabwe,Sompal Kami,B Bhandari,CT Mutombodzi,0,0,bowled,LOW
1201683,2,13.4,Nepal,Zimbabwe,Karan KC,B Bhandari,CT Mutombodzi,1,0,,LOW
1201683,2,13.5,Nepal,Zimbabwe,B Bhandari,Karan KC,CT Mutombodzi,2,0,,HIGH
1201683,2,13.6,Nepal,Zimbabwe,B Bhandari,Karan KC,CT Mutombodzi,4,0,,HIGH
1201683,2,14.1,Nepal,Zimbabwe,Karan KC,B Bhandari,TL Chatara,1,0,,LOW
1201683,2,14.2,Nepal,Zimbabwe,B Bhandari,Karan KC,TL Chatara,1,0,,LOW
1201683,2,14.3,Nepal,Zimbabwe,Karan KC,B Bhandari,TL Chatara,1,0,,LOW
1201683,2,14.4,Nepal,Zimbabwe,B Bhandari,Karan KC,TL Chatara,0,0,,LOW
1201683,2,14.5,Nepal,Zimbabwe,B Bhandari,Karan KC,TL Chatara,1,0,,LOW
1201683,2,14.6,Nepal,Zimbabwe,Karan KC,B Bhandari,TL Chatara,3,0,,HIGH
1201683,2,15.1,Nepal,Zimbabwe,Karan KC,B Bhandari,SC Williams,1,0,,LOW
1201683,2,15.2,Nepal,Zimbabwe,B Bhandari,Karan KC,SC Williams,1,0,,LOW
1201683,2,15.3,Nepal,Zimbabwe,Karan KC,B Bhandari,SC Williams,1,0,,LOW
1201683,2,15.4,Nepal,Zimbabwe,B Bhandari,Karan KC,SC Williams,4,0,,HIGH
1201683,2,15.5,Nepal,Zimbabwe,B Bhandari,Karan KC,SC Williams,1,0,,LOW
1201683,2,15.6,Nepal,Zimbabwe,Karan KC,B Bhandari,SC Williams,0,0,,LOW
1201683,2,16.1,Nepal,Zimbabwe,B Bhandari,Karan KC,WT Mashinge,0,0,,LOW
1201683,2,16.2,Nepal,Zimbabwe,B Bhandari,Karan KC,WT Mashinge,0,0,,LOW
1201683,2,16.3,Nepal,Zimbabwe,B Bhandari,Karan KC,WT Mashinge,1,0,,LOW
1201683,2,16.4,Nepal,Zimbabwe,Karan KC,B Bhandari,WT Mashinge,0,1,,LOW
1201683,2,16.5,Nepal,Zimbabwe,Karan KC,B Bhandari,WT Mashinge,6,0,,HIGH
1201683,2,16.6,Nepal,Zimbabwe,Karan KC,B Bhandari,WT Mashinge,4,0,,HIGH
1201683,2,16.7,Nepal,Zimbabwe,Karan KC,B Bhandari,WT Mashinge,0,0,caught,LOW
1201683,2,17.1,Nepal,Zimbabwe,S Lamichhane,B Bhandari,SC Williams,0,0,,LOW
1201683,2,17.2,Nepal,Zimbabwe,S Lamichhane,B Bhandari,SC Williams,0,0,,LOW
1201683,2,17.3,Nepal,Zimbabwe,S Lamichhane,B Bhandari,SC Williams,1,0,,LOW
1201683,2,17.4,Nepal,Zimbabwe,B Bhandari,S Lamichhane,SC Williams,4,0,,HIGH
1201683,2,17.5,Nepal,Zimbabwe,B Bhandari,S Lamichhane,SC Williams,0,0,,LOW
1201683,2,17.6,Nepal,Zimbabwe,B Bhandari,S Lamichhane,SC Williams,0,0,stumped,LOW
1201683,2,18.1,Nepal,Zimbabwe,S Lamichhane,S Bhari,D Jakiel,0,0,,LOW
1201683,2,18.2,Nepal,Zimbabwe,S Lamichhane,S Bhari,D Jakiel,2,0,,HIGH
1201683,2,18.3,Nepal,Zimbabwe,S Lamichhane,S Bhari,D Jakiel,1,0,,LOW
1201683,2,18.4,Nepal,Zimbabwe,S Bhari,S Lamichhane,D Jakiel,0,0,,LOW
1201683,2,18.5,Nepal,Zimbabwe,S Bhari,S Lamichhane,D Jakiel,0,1,,LOW
1201683,2,18.6,Nepal,Zimbabwe,S Bhari,S Lamichhane,D Jakiel,0,0,caught,LOW
1201683,2,18.7,Nepal,Zimbabwe,A Bohara,S Lamichhane,D Jakiel,1,0,,LOW
1201683,2,19.1,Nepal,Zimbabwe,A Bohara,S Lamichhane,TL Chatara,0,0,,LOW
1201683,2,19.2,Nepal,Zimbabwe,A Bohara,S Lamichhane,TL Chatara,1,0,,LOW
1201683,2,19.3,Nepal,Zimbabwe,S Lamichhane,A Bohara,TL Chatara,0,0,,LOW
1201683,2,19.4,Nepal,Zimbabwe,S Lamichhane,A Bohara,TL Chatara,1,0,,LOW
1201683,2,19.5,Nepal,Zimbabwe,A Bohara,S Lamichhane,TL Chatara,0,1,,LOW
1201683,2,19.6,Nepal,Zimbabwe,A Bohara,S Lamichhane,TL Chatara,1,0,,LOW
1201683,2,19.7,Nepal,Zimbabwe,S Lamichhane,A Bohara,TL Chatara,0,0,,LOW
