component,explained_variance_ratio,cumulative_variance,eigenvalue
1,0.29116734033132724,0.29116734033132724,1.1648320928275206
2,0.2654243309506763,0.5565916712820036,1.0618456677071073
3,0.23314188852286388,0.7897335598048675,0.9326978555521366
4,0.21026644019513258,1.0,0.8411832773043227
