principal_component,eigenvalue
PC1,1.1648320928275206
PC2,1.0618456677071073
PC3,0.9326978555521366
